tr_id,tau,xi,y_sys,y_phase

1,0.000000,-6.000000,-6.000000,-6.000000

2,0.000000,-5.927820,-6.000000,-6.000000

3,0.000000,-5.855639,-6.000000,-6.000000

4,0.000000,-5.783459,-6.000000,-6.000000

5,0.000000,-5.711278,-6.000000,-6.000000

6,0.000000,-5.639098,-6.000000,-6.000000

7,0.000000,-5.566917,-6.000000,-6.000000

8,0.000000,-5.494737,-6.000000,-6.000000

9,0.000000,-5.422556,-6.000000,-6.000000

10,0.000000,-5.350376,-6.000000,-6.000000

11,0.000000,-5.278195,-6.000000,-6.000000

12,0.000000,-5.206015,-6.000000,-6.000000

13,0.000000,-5.133835,-6.000000,-6.000000

14,0.000000,-5.061654,-6.000000,-6.000000

15,0.000000,-4.989474,-6.000000,-6.000000

16,0.000000,-4.917293,-6.000000,-6.000000

17,0.000000,-4.845113,-6.000000,-6.000000

18,0.000000,-4.772932,-6.000000,-6.000000

19,0.000000,-4.700752,-6.000000,-6.000000

20,0.000000,-4.628571,-6.000000,-6.000000

21,0.000000,-4.556391,-6.000000,-6.000000

22,0.000000,-4.484211,-6.000000,-6.000000

23,0.000000,-4.412030,-6.000000,-6.000000

24,0.000000,-4.339850,-6.000000,-6.000000

25,0.000000,-4.267669,-6.000000,-6.000000

26,0.000000,-4.195489,-6.000000,-6.000000

27,0.000000,-4.123308,-6.000000,-6.000000

28,0.000000,-4.051128,-6.000000,-6.000000

29,0.000000,-3.978947,-6.000000,-6.000000

30,0.000000,-3.906767,-6.000000,-6.000000

31,0.000000,-3.834586,-6.000000,-6.000000

32,0.000000,-3.762406,-6.000000,-6.000000

33,0.000000,-3.690226,-6.000000,-6.000000

34,0.000000,-3.618045,-6.000000,-6.000000

35,0.000000,-3.545865,-6.000000,-6.000000

36,0.000000,-3.473684,-6.000000,-6.000000

37,0.000000,-3.401504,-6.000000,-6.000000

38,0.000000,-3.329323,-6.000000,-6.000000

39,0.000000,-3.257143,-6.000000,-6.000000

40,0.000000,-3.184962,-6.000000,-6.000000

41,0.000000,-3.112782,-6.000000,-6.000000

42,0.000000,-3.040602,-6.000000,-6.000000

43,0.000000,-2.968421,-6.000000,-6.000000

44,0.000000,-2.896241,-6.000000,-6.000000

45,0.000000,-2.824060,-6.000000,-6.000000

46,0.000000,-2.751880,-6.000000,-6.000000

47,0.000000,-2.679699,-6.000000,-6.000000

48,0.000000,-2.607519,-6.000000,-6.000000

49,0.000000,-2.535338,-6.000000,-6.000000

50,0.000000,-2.463158,-6.000000,-6.000000

51,0.000000,-2.390977,-6.000000,-6.000000

52,0.000000,-2.318797,-6.000000,-6.000000

53,0.000000,-2.246617,-6.000000,-6.000000

54,0.000000,-2.174436,-6.000000,-6.000000

55,0.000000,-2.102256,-6.000000,-6.000000

56,0.000000,-2.030075,-6.000000,-6.000000

57,0.000000,-1.957895,-6.000000,-6.000000

58,0.000000,-1.885714,-6.000000,-6.000000

59,0.000000,-1.813534,-6.000000,-6.000000
59,0.050000,-2.113019,-5.991785,-5.991784

60,0.000000,-1.741353,-6.000000,-6.000000
60,0.050000,-2.040416,-5.974653,-5.974652

61,0.000000,-1.669173,-6.000000,-6.000000
61,0.050000,-1.967826,-5.958033,-5.958031
61,0.100000,-2.266206,-5.989929,-5.989927

62,0.000000,-1.596992,-6.000000,-6.000000
62,0.050000,-1.895249,-5.941923,-5.941922
62,0.100000,-2.192389,-5.956188,-5.956185

63,0.000000,-1.524812,-6.000000,-6.000000
63,0.050000,-1.822685,-5.926324,-5.926323
63,0.100000,-2.118623,-5.923462,-5.923459
63,0.150000,-2.416294,-5.996519,-5.996515

64,0.000000,-1.452632,-6.000000,-6.000000
64,0.050000,-1.750133,-5.911237,-5.911236
64,0.100000,-2.044909,-5.891750,-5.891747
64,0.150000,-2.340543,-5.946458,-5.946455

65,0.000000,-1.380451,-6.000000,-6.000000
65,0.050000,-1.677594,-5.896660,-5.896659
65,0.100000,-1.971245,-5.861051,-5.861049
65,0.150000,-2.264906,-5.897927,-5.897923

66,0.000000,-1.308271,-6.000000,-6.000000
66,0.050000,-1.605069,-5.882594,-5.882593
66,0.100000,-1.897632,-5.831366,-5.831363
66,0.150000,-2.189384,-5.850921,-5.850918
66,0.200000,-2.483988,-5.946407,-5.946402

67,0.000000,-1.236090,-6.000000,-6.000000
67,0.050000,-1.532556,-5.869039,-5.869037
67,0.100000,-1.824070,-5.802692,-5.802690
67,0.150000,-2.113975,-5.805440,-5.805436
67,0.200000,-2.405846,-5.882193,-5.882188

68,0.000000,-1.163910,-6.000000,-6.000000
68,0.050000,-1.460056,-5.855994,-5.855992
68,0.100000,-1.750559,-5.775030,-5.775028
68,0.150000,-2.038681,-5.761479,-5.761476
68,0.200000,-2.327907,-5.820041,-5.820037
68,0.250000,-2.621976,-5.956179,-5.956174

69,0.000000,-1.091729,-6.000000,-6.000000
69,0.050000,-1.387568,-5.843459,-5.843458
69,0.100000,-1.677099,-5.748379,-5.748376
69,0.150000,-1.963501,-5.719038,-5.719035
69,0.200000,-2.250172,-5.759946,-5.759942
69,0.250000,-2.540751,-5.876266,-5.876261

70,0.000000,-1.019549,-6.000000,-6.000000
70,0.050000,-1.315094,-5.831435,-5.831434
70,0.100000,-1.603690,-5.722737,-5.722735
70,0.150000,-1.888435,-5.678113,-5.678110
70,0.200000,-2.172640,-5.701902,-5.701897
70,0.250000,-2.459845,-5.798989,-5.798984
70,0.300000,-2.753856,-5.975238,-5.975232

71,0.000000,-0.947368,-6.000000,-6.000000
71,0.050000,-1.242632,-5.819921,-5.819920
71,0.100000,-1.530331,-5.698105,-5.698103
71,0.150000,-1.813482,-5.638702,-5.638699
71,0.200000,-2.095310,-5.645902,-5.645898
71,0.250000,-2.379258,-5.724339,-5.724334
71,0.300000,-2.669021,-5.879503,-5.879497

72,0.000000,-0.875188,-6.000000,-6.000000
72,0.050000,-1.170184,-5.808918,-5.808917
72,0.100000,-1.457023,-5.674482,-5.674479
72,0.150000,-1.738644,-5.600803,-5.600800
72,0.200000,-2.018183,-5.591942,-5.591938
72,0.250000,-2.298990,-5.652302,-5.652297
72,0.300000,-2.584651,-5.787033,-5.787027

73,0.000000,-0.803008,-6.000000,-6.000000
73,0.050000,-1.097748,-5.798424,-5.798423
73,0.100000,-1.383767,-5.651866,-5.651864
73,0.150000,-1.663919,-5.564413,-5.564409
73,0.200000,-1.941258,-5.540014,-5.540010
73,0.250000,-2.219040,-5.582868,-5.582863
73,0.300000,-2.500744,-5.697807,-5.697802
73,0.350000,-2.790118,-5.890718,-5.890712

74,0.000000,-0.730827,-6.000000,-6.000000
74,0.050000,-1.025325,-5.788441,-5.788440
74,0.100000,-1.310561,-5.630257,-5.630255
74,0.150000,-1.589307,-5.529529,-5.529526
74,0.200000,-1.864534,-5.490114,-5.490110
74,0.250000,-2.139406,-5.516024,-5.516019
74,0.300000,-2.417300,-5.611805,-5.611800
74,0.350000,-2.701841,-5.782934,-5.782928

75,0.000000,-0.658647,-6.000000,-6.000000
75,0.050000,-0.952914,-5.778967,-5.778967
75,0.100000,-1.237405,-5.609654,-5.609652
75,0.150000,-1.514809,-5.496149,-5.496146
75,0.200000,-1.788013,-5.442235,-5.442231
75,0.250000,-2.060089,-5.451760,-5.451755
75,0.300000,-2.334316,-5.529006,-5.529001
75,0.350000,-2.614202,-5.679073,-5.679067
75,0.400000,-2.903540,-5.908286,-5.908280

76,0.000000,-0.586466,-6.000000,-6.000000
76,0.050000,-0.880517,-5.770004,-5.770003
76,0.100000,-1.164301,-5.590057,-5.590055
76,0.150000,-1.440425,-5.464272,-5.464269
76,0.200000,-1.711692,-5.396372,-5.396368
76,0.250000,-1.981088,-5.390064,-5.390059
76,0.300000,-2.251791,-5.449390,-5.449385
76,0.350000,-2.527198,-5.579103,-5.579097
76,0.400000,-2.810970,-5.785051,-5.785045

77,0.000000,-0.514286,-6.000000,-6.000000
77,0.050000,-0.808132,-5.761550,-5.761549
77,0.100000,-1.091247,-5.571465,-5.571463
77,0.150000,-1.366154,-5.433894,-5.433891
77,0.200000,-1.635572,-5.352519,-5.352515
77,0.250000,-1.902401,-5.330924,-5.330919
77,0.300000,-2.169723,-5.372936,-5.372931
77,0.350000,-2.440827,-5.482990,-5.482984
77,0.400000,-2.719245,-5.666493,-5.666487
77,0.450000,-3.008811,-5.930241,-5.930235

78,0.000000,-0.442105,-6.000000,-6.000000
78,0.050000,-0.735761,-5.753605,-5.753605
78,0.100000,-1.018244,-5.553877,-5.553875
78,0.150000,-1.291996,-5.405012,-5.405009
78,0.200000,-1.559653,-5.310670,-5.310667
78,0.250000,-1.824029,-5.274328,-5.274324
78,0.300000,-2.088112,-5.299625,-5.299620
78,0.350000,-2.355086,-5.390701,-5.390696
78,0.400000,-2.628360,-5.552558,-5.552552
78,0.450000,-2.911623,-5.791447,-5.791441

79,0.000000,-0.369925,-6.000000,-6.000000
79,0.050000,-0.663402,-5.746171,-5.746170
79,0.100000,-0.945291,-5.537293,-5.537291
79,0.150000,-1.217951,-5.377625,-5.377623
79,0.200000,-1.483934,-5.270819,-5.270816
79,0.250000,-1.745970,-5.220267,-5.220263
79,0.300000,-2.006955,-5.229436,-5.229431
79,0.350000,-2.269972,-5.302203,-5.302198
79,0.400000,-2.538311,-5.443197,-5.443191
79,0.450000,-2.815522,-5.658163,-5.658157
79,0.500000,-3.105479,-5.954384,-5.954378

80,0.000000,-0.297744,-6.000000,-6.000000
80,0.050000,-0.591056,-5.739245,-5.739245
80,0.100000,-0.872389,-5.521711,-5.521709
80,0.150000,-1.144019,-5.351730,-5.351728
80,0.200000,-1.408416,-5.232961,-5.232958
80,0.250000,-1.668224,-5.168728,-5.168724
80,0.300000,-1.926252,-5.162349,-5.162344
80,0.350000,-2.185482,-5.217464,-5.217459
80,0.400000,-2.449093,-5.338358,-5.338352
80,0.450000,-2.720500,-5.530310,-5.530304
80,0.500000,-3.003417,-5.799989,-5.799983

81,0.000000,-0.225564,-6.000000,-6.000000
81,0.050000,-0.518722,-5.732829,-5.732829
81,0.100000,-0.799538,-5.507131,-5.507129
81,0.150000,-1.070200,-5.327325,-5.327323
81,0.200000,-1.333097,-5.197090,-5.197087
81,0.250000,-1.590789,-5.119700,-5.119696
81,0.300000,-1.846000,-5.098345,-5.098340
81,0.350000,-2.101614,-5.136451,-5.136446
81,0.400000,-2.360701,-5.237991,-5.237985
81,0.450000,-2.626549,-5.407816,-5.407810
81,0.500000,-2.902720,-5.652024,-5.652018
81,0.550000,-3.193118,-5.978383,-5.978377

82,0.000000,-0.153383,-6.000000,-6.000000
82,0.050000,-0.446402,-5.726923,-5.726922
82,0.100000,-0.726738,-5.493552,-5.493551
82,0.150000,-0.996494,-5.304407,-5.304405
82,0.200000,-1.257977,-5.163200,-5.163197
82,0.250000,-1.513667,-5.073172,-5.073168
82,0.300000,-1.766198,-5.037404,-5.037400
82,0.350000,-2.018364,-5.059133,-5.059128
82,0.400000,-2.273130,-5.142046,-5.142041
82,0.450000,-2.533661,-5.290605,-5.290599
82,0.500000,-2.803375,-5.510380,-5.510374
82,0.550000,-3.086002,-5.808454,-5.808448

83,0.000000,-0.081203,-6.000000,-6.000000
83,0.050000,-0.374094,-5.721525,-5.721525
83,0.100000,-0.653988,-5.480974,-5.480973
83,0.150000,-0.922901,-5.282974,-5.282972
83,0.200000,-1.183057,-5.131286,-5.131283
83,0.250000,-1.436855,-5.029132,-5.029128
83,0.300000,-1.686845,-4.979507,-4.979502
83,0.350000,-1.935731,-4.985477,-4.985472
83,0.400000,-2.186375,-5.050476,-5.050470
83,0.450000,-2.441829,-5.178603,-5.178598
83,0.500000,-2.705371,-5.374952,-5.374946
83,0.550000,-2.980567,-5.645968,-5.645962
83,0.600000,-3.271347,-5.999885,-5.999878

84,0.000000,-0.009023,-6.000000,-6.000000
84,0.050000,-0.301799,-5.716637,-5.716636
84,0.100000,-0.581289,-5.469396,-5.469395
84,0.150000,-0.849420,-5.263024,-5.263022
84,0.200000,-1.108336,-5.101342,-5.101339
84,0.250000,-1.360353,-4.987570,-4.987567
84,0.300000,-1.607940,-4.924634,-4.924629
84,0.350000,-1.853711,-4.915452,-4.915447
84,0.400000,-2.100433,-4.963230,-4.963225
84,0.450000,-2.351045,-5.071740,-5.071735
84,0.500000,-2.608695,-5.245633,-5.245628
84,0.550000,-2.876794,-5.490774,-5.490768
84,0.600000,-3.159082,-5.814639,-5.814632

85,0.000000,0.063158,-6.000000,-6.000000
85,0.050000,-0.229517,-5.712257,-5.712257
85,0.100000,-0.508640,-5.458816,-5.458815
85,0.150000,-0.776052,-5.244553,-5.244551
85,0.200000,-1.033813,-5.073362,-5.073359
85,0.250000,-1.284160,-4.948475,-4.948472
85,0.300000,-1.529480,-4.872765,-4.872761
85,0.350000,-1.772302,-4.849028,-4.849023
85,0.400000,-2.015298,-4.880261,-4.880256
85,0.450000,-2.261301,-4.969944,-4.969939
85,0.500000,-2.513336,-5.122322,-5.122316
85,0.550000,-2.774665,-5.342727,-5.342721
85,0.600000,-3.048853,-5.637939,-5.637933

86,0.000000,0.135338,-6.000000,-6.000000
86,0.050000,-0.157248,-5.708387,-5.708386
86,0.100000,-0.436042,-5.449236,-5.449235
86,0.150000,-0.702797,-5.227560,-5.227558
86,0.200000,-0.959489,-5.047340,-5.047337
86,0.250000,-1.208276,-4.911836,-4.911832
86,0.300000,-1.451465,-4.823882,-4.823878
86,0.350000,-1.691501,-4.786172,-4.786167
86,0.400000,-1.930965,-4.801522,-4.801517
86,0.450000,-2.172589,-4.873144,-4.873139
86,0.500000,-2.419281,-5.004917,-5.004911
86,0.550000,-2.674163,-5.201683,-5.201677
86,0.600000,-2.940632,-5.469585,-5.469579
86,0.650000,-3.222435,-5.816466,-5.816460

87,0.000000,0.207519,-6.000000,-6.000000
87,0.050000,-0.084992,-5.705025,-5.705025
87,0.100000,-0.363494,-5.440652,-5.440651
87,0.150000,-0.629653,-5.212042,-5.212041
87,0.200000,-0.885363,-5.023271,-5.023269
87,0.250000,-1.132699,-4.877641,-4.877638
87,0.300000,-1.373892,-4.777966,-4.777962
87,0.350000,-1.611305,-4.726854,-4.726850
87,0.400000,-1.847431,-4.726966,-4.726961
87,0.450000,-2.084904,-4.781272,-4.781267
87,0.500000,-2.326519,-4.893318,-4.893313
87,0.550000,-2.575269,-5.067501,-5.067496
87,0.600000,-2.834395,-5.309381,-5.309375
87,0.650000,-3.107451,-5.626044,-5.626038

88,0.000000,0.279699,-6.000000,-6.000000
88,0.050000,-0.012748,-5.702172,-5.702172
88,0.100000,-0.290997,-5.433066,-5.433065
88,0.150000,-0.556623,-5.197997,-5.197996
88,0.200000,-0.811434,-5.001150,-5.001148
88,0.250000,-1.057430,-4.845880,-4.845877
88,0.300000,-1.296762,-4.734998,-4.734994
88,0.350000,-1.531712,-4.671045,-4.671040
88,0.400000,-1.764690,-4.656545,-4.656540
88,0.450000,-1.998236,-4.694258,-4.694253
88,0.500000,-2.235039,-4.787428,-4.787422
88,0.550000,-2.477968,-4.940044,-4.940039
88,0.600000,-2.730116,-5.157135,-5.157130
88,0.650000,-2.994860,-5.445097,-5.445091
88,0.700000,-3.275940,-5.812098,-5.812093

89,0.000000,0.351880,-6.000000,-6.000000
89,0.050000,0.059483,-5.699828,-5.699827
89,0.100000,-0.218551,-5.426476,-5.426475
89,0.150000,-0.483704,-5.185423,-5.185421
89,0.200000,-0.737703,-4.980971,-4.980969
89,0.250000,-0.982468,-4.816541,-4.816539
89,0.300000,-1.220071,-4.694958,-4.694955
89,0.350000,-1.452719,-4.618713,-4.618709
89,0.400000,-1.682738,-4.590215,-4.590210
89,0.450000,-1.912578,-4.612036,-4.612031
89,0.500000,-2.144828,-4.687149,-4.687144
89,0.550000,-2.382240,-4.819177,-4.819172
89,0.600000,-2.627769,-5.012662,-5.012656
89,0.650000,-2.884625,-5.273369,-5.273363
89,0.700000,-3.156346,-5.608655,-5.608650

90,0.000000,0.424060,-6.000000,-6.000000
90,0.050000,0.131700,-5.697992,-5.697991
90,0.100000,-0.146155,-5.420881,-5.420881
90,0.150000,-0.410897,-5.174317,-5.174315
90,0.200000,-0.664170,-4.962727,-4.962726
90,0.250000,-0.907811,-4.789615,-4.789613
90,0.300000,-1.143820,-4.657829,-4.657826
90,0.350000,-1.374324,-4.569828,-4.569825
90,0.400000,-1.601570,-4.527929,-4.527925
90,0.450000,-1.827924,-4.534539,-4.534534
90,0.500000,-2.055877,-4.592388,-4.592383
90,0.550000,-2.288071,-4.704768,-4.704762
90,0.600000,-2.527330,-4.875777,-4.875772
90,0.650000,-2.776710,-5.110610,-5.110604
90,0.700000,-3.039562,-5.415883,-5.415877
90,0.750000,-3.319611,-5.800042,-5.800036

91,0.000000,0.496241,-6.000000,-6.000000
91,0.050000,0.203906,-5.696664,-5.696664
91,0.100000,-0.073809,-5.416281,-5.416281
91,0.150000,-0.338203,-5.164676,-5.164675
91,0.200000,-0.590833,-4.946415,-4.946413
91,0.250000,-0.833460,-4.765090,-4.765088
91,0.300000,-1.068006,-4.623592,-4.623589
91,0.350000,-1.296523,-4.524362,-4.524359
91,0.400000,-1.521183,-4.469643,-4.469639
91,0.450000,-1.744267,-4.461701,-4.461696
91,0.500000,-1.968174,-4.503051,-4.503046
91,0.550000,-2.195442,-4.596685,-4.596680
91,0.600000,-2.428774,-4.746303,-4.746298
91,0.650000,-2.671081,-4.956577,-4.956572
91,0.700000,-2.925540,-5.233452,-5.233447
91,0.750000,-3.195661,-5.584509,-5.584504

92,0.000000,0.568421,-6.000000,-6.000000
92,0.050000,0.276098,-5.695845,-5.695845
92,0.100000,-0.001514,-5.412676,-5.412675
92,0.150000,-0.265620,-5.156499,-5.156498
92,0.200000,-0.517693,-4.932028,-4.932026
92,0.250000,-0.759413,-4.742956,-4.742954
92,0.300000,-0.992627,-4.592227,-4.592224
92,0.350000,-1.219315,-4.482285,-4.482281
92,0.400000,-1.441572,-4.415312,-4.415308
92,0.450000,-1.661598,-4.393457,-4.393453
92,0.500000,-1.881707,-4.419047,-4.419042
92,0.550000,-2.104338,-4.494803,-4.494798
92,0.600000,-2.332078,-4.624066,-4.624061
92,0.650000,-2.567704,-4.811035,-4.811030
92,0.700000,-2.814230,-5.061044,-5.061039
92,0.750000,-3.074971,-5.380893,-5.380888
92,0.800000,-3.353625,-5.779247,-5.779242

93,0.000000,0.640602,-6.000000,-6.000000
93,0.050000,0.348277,-5.695535,-5.695534
93,0.100000,0.070731,-5.410063,-5.410063
93,0.150000,-0.193150,-5.149782,-5.149781
93,0.200000,-0.444749,-4.919560,-4.919558
93,0.250000,-0.685670,-4.723202,-4.723200
93,0.300000,-0.917684,-4.563718,-4.563715
93,0.350000,-1.142697,-4.443567,-4.443564
93,0.400000,-1.362731,-4.364893,-4.364889
93,0.450000,-1.579911,-4.329744,-4.329740
93,0.500000,-1.796467,-4.340284,-4.340280
93,0.550000,-2.014742,-4.398996,-4.398991
93,0.600000,-2.237218,-4.508895,-4.508890
93,0.650000,-2.466546,-4.673753,-4.673748
93,0.700000,-2.705587,-4.898352,-4.898347
93,0.750000,-2.957476,-5.188781,-5.188776
93,0.800000,-3.225690,-5.552797,-5.552792

94,0.000000,0.712782,-6.000000,-6.000000
94,0.050000,0.420444,-5.695732,-5.695732
94,0.100000,0.142925,-5.408443,-5.408443
94,0.150000,-0.120791,-5.144525,-5.144524
94,0.200000,-0.372001,-4.909006,-4.909005
94,0.250000,-0.612230,-4.705817,-4.705815
94,0.300000,-0.843173,-4.538045,-4.538043
94,0.350000,-1.066666,-4.408179,-4.408176
94,0.400000,-1.284658,-4.318341,-4.318337
94,0.450000,-1.499200,-4.270499,-4.270495
94,0.500000,-1.712441,-4.266676,-4.266671
94,0.550000,-1.926638,-4.309143,-4.309138
94,0.600000,-2.144171,-4.400625,-4.400620
94,0.650000,-2.367573,-4.544508,-4.544504
94,0.700000,-2.599565,-4.745076,-4.745071
94,0.750000,-2.843114,-5.007774,-5.007769
94,0.800000,-3.101492,-5.339540,-5.339535
94,0.850000,-3.378364,-5.749203,-5.749198

95,0.000000,0.784962,-6.000000,-6.000000
95,0.050000,0.492598,-5.696437,-5.696437
95,0.100000,0.215069,-5.407815,-5.407815
95,0.150000,-0.048543,-5.140723,-5.140723
95,0.200000,-0.299450,-4.900361,-4.900360
95,0.250000,-0.539093,-4.690791,-4.690789
95,0.300000,-0.769095,-4.515191,-4.515188
95,0.350000,-0.991220,-4.376093,-4.376091
95,0.400000,-1.207348,-4.275614,-4.275610
95,0.450000,-1.419457,-4.215660,-4.215656
95,0.500000,-1.629620,-4.198133,-4.198129
95,0.550000,-1.840011,-4.225122,-4.225118
95,0.600000,-2.052914,-4.299092,-4.299088
95,0.650000,-2.270753,-4.423083,-4.423078
95,0.700000,-2.496119,-4.600926,-4.600921
95,0.750000,-2.731822,-4.837488,-4.837484
95,0.800000,-2.980948,-5.138967,-5.138962
95,0.850000,-3.246930,-5.513245,-5.513240
95,0.900000,-3.533650,-5.970346,-5.970340

96,0.000000,0.857143,-6.000000,-6.000000
96,0.050000,0.564739,-5.697651,-5.697651
96,0.100000,0.287162,-5.408179,-5.408178
96,0.150000,0.023592,-5.138376,-5.138375
96,0.200000,-0.227093,-4.893619,-4.893618
96,0.250000,-0.466257,-4.678113,-4.678111
96,0.300000,-0.695447,-4.495137,-4.495135
96,0.350000,-0.916356,-4.347281,-4.347278
96,0.400000,-1.130796,-4.236668,-4.236665
96,0.450000,-1.340675,-4.165164,-4.165161
96,0.500000,-1.547993,-4.134572,-4.134568
96,0.550000,-1.754845,-4.146818,-4.146814
96,0.600000,-1.963426,-4.204139,-4.204135
96,0.650000,-2.176055,-4.309265,-4.309260
96,0.700000,-2.395205,-4.465621,-4.465616
96,0.750000,-2.623541,-4.677553,-4.677548
96,0.800000,-2.863976,-4.950589,-4.950585
96,0.850000,-3.119734,-5.291762,-5.291757
96,0.900000,-3.394435,-5.710006,-5.710001

97,0.000000,0.929323,-6.000000,-6.000000
97,0.050000,0.636867,-5.699372,-5.699372
97,0.100000,0.359205,-5.409532,-5.409532
97,0.150000,0.095617,-5.137480,-5.137479
97,0.200000,-0.154932,-4.888774,-4.888773
97,0.250000,-0.393723,-4.667773,-4.667771
97,0.300000,-0.622228,-4.477866,-4.477864
97,0.350000,-0.842072,-4.321714,-4.321711
97,0.400000,-1.054998,-4.201463,-4.201460
97,0.450000,-1.262847,-4.118952,-4.118949
97,0.500000,-1.467550,-4.075906,-4.075902
97,0.550000,-1.671125,-4.074115,-4.074110
97,0.600000,-1.875682,-4.115611,-4.115606
97,0.650000,-2.083447,-4.202848,-4.202844
97,0.700000,-2.296779,-4.338889,-4.338885
97,0.750000,-2.518213,-4.527609,-4.527605
97,0.800000,-2.750499,-4.773937,-4.773932
97,0.850000,-2.996669,-5.084137,-5.084133
97,0.900000,-3.260107,-5.466172,-5.466167
97,0.950000,-3.544649,-5.930143,-5.930137

98,0.000000,1.001504,-6.000000,-6.000000
98,0.050000,0.708983,-5.701601,-5.701601
98,0.100000,0.431198,-5.411876,-5.411876
98,0.150000,0.167530,-5.138033,-5.138032
98,0.200000,-0.082966,-4.885822,-4.885821
98,0.250000,-0.321489,-4.659760,-4.659758
98,0.300000,-0.549437,-4.463360,-4.463358
98,0.350000,-0.768365,-4.299364,-4.299362
98,0.400000,-0.979950,-4.169956,-4.169953
98,0.450000,-1.185967,-4.076965,-4.076962
98,0.500000,-1.388280,-4.022054,-4.022051
98,0.550000,-1.588835,-4.006899,-4.006895
98,0.600000,-1.789663,-4.033355,-4.033351
98,0.650000,-1.992900,-4.103633,-4.103629
98,0.700000,-2.200801,-4.220467,-4.220463
98,0.750000,-2.415779,-4.387313,-4.387308
98,0.800000,-2.640438,-4.608558,-4.608553
98,0.850000,-2.877632,-4.889782,-4.889778
98,0.900000,-3.130532,-5.238071,-5.238067
98,0.950000,-3.402704,-5.662413,-5.662408

99,0.000000,1.073684,-6.000000,-6.000000
99,0.050000,0.781085,-5.704338,-5.704338
99,0.100000,0.503140,-5.415208,-5.415208
99,0.150000,0.239331,-5.140033,-5.140033
99,0.200000,-0.011195,-4.884757,-4.884756
99,0.250000,-0.249555,-4.654064,-4.654063
99,0.300000,-0.477072,-4.451601,-4.451599
99,0.350000,-0.695233,-4.280203,-4.280201
99,0.400000,-0.905648,-4.142105,-4.142103
99,0.450000,-1.110029,-4.039142,-4.039139
99,0.500000,-1.310174,-3.972934,-3.972931
99,0.550000,-1.507960,-3.945060,-3.945056
99,0.600000,-1.705347,-3.957226,-3.957222
99,0.650000,-1.904383,-4.011423,-4.011419
99,0.700000,-2.107229,-4.110099,-4.110095
99,0.750000,-2.316184,-4.256329,-4.256325
99,0.800000,-2.533719,-4.454019,-4.454015
99,0.850000,-2.762525,-4.708132,-4.708128
99,0.900000,-3.005575,-5.024972,-5.024967
99,0.950000,-3.266198,-5.412529,-5.412524
99,1.000000,-3.548173,-5.880930,-5.880924

100,0.000000,1.145865,-6.000000,-6.000000
100,0.050000,0.853175,-5.707583,-5.707583
100,0.100000,0.575033,-5.419529,-5.419529
100,0.150000,0.311021,-5.143477,-5.143477
100,0.200000,0.060382,-4.885573,-4.885572
100,0.250000,-0.177920,-4.650674,-4.650673
100,0.300000,-0.405133,-4.442571,-4.442570
100,0.350000,-0.622673,-4.264204,-4.264202
100,0.400000,-0.832087,-4.117871,-4.117869
100,0.450000,-1.035025,-4.005427,-4.005424
100,0.500000,-1.233221,-3.928465,-3.928462
100,0.550000,-1.428487,-3.888490,-3.888487
100,0.600000,-1.622712,-3.887077,-3.887073
100,0.650000,-1.817867,-3.926030,-3.926026
100,0.700000,-2.016023,-4.007537,-4.007533
100,0.750000,-2.219374,-4.134337,-4.134333
100,0.800000,-2.430268,-4.309904,-4.309899
100,0.850000,-2.651250,-4.538648,-4.538644
100,0.900000,-2.885111,-4.826173,-4.826169
100,0.950000,-3.134963,-5.179584,-5.179579
100,1.000000,-3.404315,-5.607872,-5.607867

101,0.000000,1.218045,-6.000000,-6.000000
101,0.050000,0.925252,-5.711335,-5.711335
101,0.100000,0.646874,-5.424838,-5.424838
101,0.150000,0.382600,-5.148364,-5.148364
101,0.200000,0.131764,-4.888265,-4.888264
101,0.250000,-0.106584,-4.649581,-4.649580
101,0.300000,-0.333617,-4.436254,-4.436253
101,0.350000,-0.550683,-4.251340,-4.251338
101,0.400000,-0.759264,-4.097213,-4.097211
101,0.450000,-0.960948,-3.975762,-3.975759
101,0.500000,-1.157411,-3.888569,-3.888566
101,0.550000,-1.350400,-3.837083,-3.837079
101,0.600000,-1.541738,-3.822769,-3.822765
101,0.650000,-1.733323,-3.847267,-3.847263
101,0.700000,-1.927143,-3.912540,-3.912536
101,0.750000,-2.125296,-4.021026,-4.021022
101,0.800000,-2.330017,-4.175811,-4.175807
101,0.850000,-2.543713,-4.380813,-4.380809
101,0.900000,-2.769016,-4.641012,-4.641008
101,0.950000,-3.008838,-4.962719,-4.962714
101,1.000000,-3.266444,-5.353918,-5.353914
101,1.050000,-3.545553,-5.824710,-5.824705

102,0.000000,1.290226,-6.000000,-6.000000
102,0.050000,0.997316,-5.715594,-5.715594
102,0.100000,0.718666,-5.431133,-5.431133
102,0.150000,0.454069,-5.154691,-5.154690
102,0.200000,0.202953,-4.892827,-4.892827
102,0.250000,-0.035545,-4.650774,-4.650773
102,0.300000,-0.262523,-4.432632,-4.432631
102,0.350000,-0.479260,-4.241583,-4.241582
102,0.400000,-0.687174,-4.080090,-4.080089
102,0.450000,-0.887794,-3.950090,-3.950087
102,0.500000,-1.082734,-3.853168,-3.853166
102,0.550000,-1.273685,-3.790733,-3.790730
102,0.600000,-1.462405,-3.764162,-3.764159
102,0.650000,-1.650723,-3.774956,-3.774952
102,0.700000,-1.840552,-3.824876,-3.824872
102,0.750000,-2.033898,-3.916096,-3.916092
102,0.800000,-2.232894,-4.051356,-4.051352
102,0.850000,-2.439825,-4.234136,-4.234132
102,0.900000,-2.657172,-4.468855,-4.468851
102,0.950000,-2.887668,-4.761120,-4.761116
102,1.000000,-3.134359,-5.118021,-5.118017
102,1.050000,-3.400694,-5.548520,-5.548516

103,0.000000,1.362406,-6.000000,-6.000000
103,0.050000,1.069368,-5.720361,-5.720361
103,0.100000,0.790407,-5.438415,-5.438415
103,0.150000,0.525426,-5.162454,-5.162454
103,0.200000,0.273948,-4.899255,-4.899255
103,0.250000,0.035196,-4.654242,-4.654242
103,0.300000,-0.191851,-4.431687,-4.431686
103,0.350000,-0.408402,-4.234907,-4.234906
103,0.400000,-0.615814,-4.066465,-4.066463
103,0.450000,-0.815554,-3.928355,-3.928353
103,0.500000,-1.009181,-3.822186,-3.822184
103,0.550000,-1.198328,-3.749339,-3.749337
103,0.600000,-1.384692,-3.711124,-3.711121
103,0.650000,-1.570040,-3.708921,-3.708917
103,0.700000,-1.756210,-3.744319,-3.744315
103,0.750000,-1.945130,-3.819258,-3.819254
103,0.800000,-2.138835,-3.936170,-3.936166
103,0.850000,-2.339497,-4.098143,-4.098139
103,0.900000,-2.549464,-4.309099,-4.309096
103,0.950000,-2.771305,-4.574017,-4.574013
103,1.000000,-3.007868,-4.899193,-4.899189
103,1.050000,-3.262358,-5.292580,-5.292576
103,1.100000,-3.538427,-5.764217,-5.764212

104,0.000000,1.434586,-6.000000,-6.000000
104,0.050000,1.141407,-5.725635,-5.725635
104,0.100000,0.862098,-5.446682,-5.446682
104,0.150000,0.596672,-5.171654,-5.171654
104,0.200000,0.344750,-4.907543,-4.907542
104,0.250000,0.105641,-4.659977,-4.659976
104,0.300000,-0.121598,-4.433403,-4.433402
104,0.350000,-0.338107,-4.231285,-4.231284
104,0.400000,-0.545179,-4.056296,-4.056294
104,0.450000,-0.744223,-3.910503,-3.910502
104,0.500000,-0.936743,-3.795548,-3.795545
104,0.550000,-1.124314,-3.712802,-3.712799
104,0.600000,-1.308580,-3.663523,-3.663520
104,0.650000,-1.491245,-3.648992,-3.648989
104,0.700000,-1.674082,-3.670651,-3.670647
104,0.750000,-1.858942,-3.730232,-3.730228
104,0.800000,-2.047772,-3.829896,-3.829893
104,0.850000,-2.242644,-3.972383,-3.972379
104,0.900000,-2.445781,-4.161172,-4.161168
104,0.950000,-2.659605,-4.400681,-4.400677
104,1.000000,-2.886786,-4.696503,-4.696499
104,1.050000,-3.130310,-5.055698,-5.055694
104,1.100000,-3.393558,-5.487170,-5.487166

105,0.000000,1.506767,-6.000000,-6.000000
105,0.050000,1.213432,-5.731416,-5.731416
105,0.100000,0.933739,-5.455933,-5.455934
105,0.150000,0.667808,-5.182285,-5.182286
105,0.200000,0.415359,-4.917685,-4.917685
105,0.250000,0.175790,-4.667966,-4.667966
105,0.300000,-0.051763,-4.437762,-4.437762
105,0.350000,-0.268372,-4.230691,-4.230690
105,0.400000,-0.475265,-4.049546,-4.049545
105,0.450000,-0.673794,-3.896480,-3.896479
105,0.500000,-0.865409,-3.773179,-3.773177
105,0.550000,-1.051631,-3.681022,-3.681019
105,0.600000,-1.234050,-3.621229,-3.621226
105,0.650000,-1.414313,-3.595004,-3.595001
105,0.700000,-1.594131,-3.603659,-3.603656
105,0.750000,-1.775286,-3.648748,-3.648745
105,0.800000,-1.959644,-3.732194,-3.732190
105,0.850000,-2.149184,-3.856424,-3.856421
105,0.900000,-2.346017,-4.024526,-4.024522
105,0.950000,-2.552432,-4.240420,-4.240417
105,1.000000,-2.770937,-4.509073,-4.509070
105,1.050000,-3.004321,-4.836756,-4.836752
105,1.100000,-3.255726,-5.231372,-5.231368
105,1.150000,-3.528737,-5.702881,-5.702876

106,0.000000,1.578947,-6.000000,-6.000000
106,0.050000,1.285445,-5.737705,-5.737705
106,0.100000,1.005330,-5.466169,-5.466169
106,0.150000,0.738832,-5.194348,-5.194348
106,0.200000,0.485775,-4.929676,-4.929676
106,0.250000,0.245644,-4.678201,-4.678201
106,0.300000,0.017654,-4.444748,-4.444748
106,0.350000,-0.199195,-4.233098,-4.233098
106,0.400000,-0.406068,-4.046177,-4.046176
106,0.450000,-0.604262,-3.886232,-3.886231
106,0.500000,-0.795170,-3.755008,-3.755006
106,0.550000,-0.980265,-3.653903,-3.653901
106,0.600000,-1.161082,-3.584118,-3.584116
106,0.650000,-1.339217,-3.546795,-3.546792
106,0.700000,-1.516322,-3.543138,-3.543135
106,0.750000,-1.694115,-3.574548,-3.574544
106,0.800000,-1.874389,-3.642734,-3.642731
106,0.850000,-2.059036,-3.749853,-3.749850
106,0.900000,-2.250068,-3.898642,-3.898639
106,0.950000,-2.449652,-4.092580,-4.092576
106,1.000000,-2.660151,-4.336077,-4.336074
106,1.050000,-2.884177,-4.634707,-4.634703
106,1.100000,-3.124655,-4.995490,-4.995486
106,1.150000,-3.384906,-5.427265,-5.427261
106,1.200000,-3.668747,-5.941166,-5.941160

107,0.000000,1.651128,-6.000000,-6.000000
107,0.050000,1.357446,-5.744500,-5.744500
107,0.100000,1.076870,-5.477388,-5.477389
107,0.150000,0.809747,-5.207838,-5.207839
107,0.200000,0.555999,-4.943511,-4.943511
107,0.250000,0.315203,-4.690672,-4.690672
107,0.300000,0.086656,-4.454344,-4.454343
107,0.350000,-0.130573,-4.238481,-4.238481
107,0.400000,-0.337585,-4.046150,-4.046150
107,0.450000,-0.535619,-3.879706,-3.879705
107,0.500000,-0.726017,-3.740962,-3.740961
107,0.550000,-0.910201,-3.631351,-3.631349
107,0.600000,-1.089658,-3.552068,-3.552066
107,0.650000,-1.265931,-3.504208,-3.504205
107,0.700000,-1.440620,-3.488889,-3.488887
107,0.750000,-1.615383,-3.507378,-3.507375
107,0.800000,-1.791946,-3.561203,-3.561200
107,0.850000,-1.972123,-3.652276,-3.652273
107,0.900000,-2.157834,-3.783025,-3.783022
107,0.950000,-2.351137,-3.956539,-3.956536
107,1.000000,-2.554265,-4.176735,-4.176732
107,1.050000,-2.769670,-4.448568,-4.448564
107,1.100000,-3.000085,-4.778280,-4.778276
107,1.150000,-3.248591,-5.173726,-5.173722
107,1.200000,-3.518715,-5.644783,-5.644778

108,0.000000,1.723308,-6.000000,-6.000000
108,0.050000,1.429433,-5.751802,-5.751802
108,0.100000,1.148361,-5.489590,-5.489591
108,0.150000,0.880550,-5.222755,-5.222755
108,0.200000,0.626030,-4.959185,-4.959185
108,0.250000,0.384469,-4.705367,-4.705368
108,0.300000,0.155243,-4.466532,-4.466532
108,0.350000,-0.062504,-4.246814,-4.246814
108,0.400000,-0.269811,-4.049429,-4.049429
108,0.450000,-0.467860,-3.876850,-3.876849
108,0.500000,-0.657941,-3.730973,-3.730971
108,0.550000,-0.841427,-3.613274,-3.613273
108,0.600000,-1.019758,-3.524959,-3.524957
108,0.650000,-1.194430,-3.467091,-3.467088
108,0.700000,-1.366992,-3.440720,-3.440717
108,0.750000,-1.539046,-3.446998,-3.446996
108,0.800000,-1.712258,-3.487296,-3.487293
108,0.850000,-1.888370,-3.563313,-3.563310
108,0.900000,-2.069220,-3.677204,-3.677201
108,0.950000,-2.256766,-3.831709,-3.831706
108,1.000000,-2.453124,-4.030312,-4.030309
108,1.050000,-2.660605,-4.277418,-4.277415
108,1.100000,-2.881766,-4.578583,-4.578580
108,1.150000,-3.119478,-4.940796,-4.940793
108,1.200000,-3.377007,-5.372837,-5.372833
108,1.250000,-3.658107,-5.885747,-5.885741

109,0.000000,1.795489,-6.000000,-6.000000
109,0.050000,1.501408,-5.759611,-5.759611
109,0.100000,1.219801,-5.502774,-5.502775
109,0.150000,0.951244,-5.239095,-5.239095
109,0.200000,0.695869,-4.976692,-4.976692
109,0.250000,0.453440,-4.722279,-4.722279
109,0.300000,0.223417,-4.481297,-4.481297
109,0.350000,0.005014,-4.258071,-4.258071
109,0.400000,-0.202743,-4.055977,-4.055976
109,0.450000,-0.400979,-3.877613,-3.877612
109,0.500000,-0.590933,-3.724970,-3.724969
109,0.550000,-0.773930,-3.599581,-3.599580
109,0.600000,-0.951366,-3.502673,-3.502671
109,0.650000,-1.124690,-3.435294,-3.435292
109,0.700000,-1.295403,-3.398442,-3.398439
109,0.750000,-1.465060,-3.393173,-3.393171
109,0.800000,-1.635267,-3.420722,-3.420719
109,0.850000,-1.807703,-3.482603,-3.482600
109,0.900000,-1.984131,-3.580728,-3.580726
109,0.950000,-2.166420,-3.717534,-3.717531
109,1.000000,-2.356579,-3.896114,-3.896111
109,1.050000,-2.556792,-4.120392,-4.120389
109,1.100000,-2.769461,-4.395318,-4.395315
109,1.150000,-2.997270,-4.727117,-4.727114
109,1.200000,-3.243249,-5.123607,-5.123603
109,1.250000,-3.510870,-5.594604,-5.594599

110,0.000000,1.867669,-6.000000,-6.000000
110,0.050000,1.573370,-5.767927,-5.767927
110,0.100000,1.291191,-5.516939,-5.516940
110,0.150000,1.021827,-5.256856,-5.256857
110,0.200000,0.765517,-4.996027,-4.996027
110,0.250000,0.522120,-4.741395,-4.741396
110,0.300000,0.291179,-4.498622,-4.498623
110,0.350000,0.071984,-4.272227,-4.272227
110,0.400000,-0.136376,-4.065756,-4.065756
110,0.450000,-0.334969,-3.881944,-3.881944
110,0.500000,-0.524983,-3.722886,-3.722885
110,0.550000,-0.707697,-3.590184,-3.590183
110,0.600000,-0.884462,-3.485098,-3.485096
110,0.650000,-1.056685,-3.408675,-3.408673
110,0.700000,-1.225823,-3.361874,-3.361872
110,0.750000,-1.393382,-3.345678,-3.345675
110,0.800000,-1.560919,-3.361202,-3.361199
110,0.850000,-1.730052,-3.409799,-3.409797
110,0.900000,-1.902478,-3.493172,-3.493170
110,0.950000,-2.079985,-3.613484,-3.613481
110,1.000000,-2.264487,-3.773488,-3.773486
110,1.050000,-2.458052,-3.976680,-3.976677
110,1.100000,-2.662947,-4.227474,-4.227471
110,1.150000,-2.881684,-4.531425,-4.531422
110,1.200000,-3.117089,-4.895506,-4.895502
110,1.250000,-3.372380,-5.328464,-5.328460
110,1.300000,-3.651264,-5.841284,-5.841279

111,0.000000,1.939850,-6.000000,-6.000000
111,0.050000,1.645319,-5.776749,-5.776749
111,0.100000,1.362531,-5.532085,-5.532085
111,0.150000,1.092299,-5.276037,-5.276037
111,0.200000,0.834973,-5.017184,-5.017185
111,0.250000,0.590507,-4.762708,-4.762708
111,0.300000,0.358530,-4.518491,-4.518491
111,0.350000,0.138408,-4.289258,-4.289258
111,0.400000,-0.070707,-4.078731,-4.078731
111,0.450000,-0.269826,-3.889794,-3.889793
111,0.500000,-0.460084,-3.724654,-3.724653
111,0.550000,-0.642716,-3.584994,-3.584993
111,0.600000,-0.819029,-3.472121,-3.472119
111,0.650000,-0.990392,-3.387092,-3.387090
111,0.700000,-1.158218,-3.330842,-3.330840
111,0.750000,-1.323970,-3.304294,-3.304292
111,0.800000,-1.489159,-3.308466,-3.308463
111,0.850000,-1.655349,-3.344572,-3.344569
111,0.900000,-1.824173,-3.414128,-3.414126
111,0.950000,-1.997350,-3.519059,-3.519057
111,1.000000,-2.176708,-3.661818,-3.661815
111,1.050000,-2.364213,-3.845521,-3.845518
111,1.100000,-2.562007,-4.074109,-4.074107
111,1.150000,-2.772454,-4.352548,-4.352545
111,1.200000,-2.998195,-4.687069,-4.687066
111,1.250000,-3.242223,-5.085485,-5.085481
111,1.300000,-3.507969,-5.557591,-5.557586

112,0.000000,2.012030,-6.000000,-6.000000
112,0.050000,1.717255,-5.786078,-5.786078
112,0.100000,1.433821,-5.548210,-5.548211
112,0.150000,1.162662,-5.296633,-5.296634
112,0.200000,0.904238,-5.040159,-5.040160
112,0.250000,0.658603,-4.786206,-4.786207
112,0.300000,0.425473,-4.540887,-4.540887
112,0.350000,0.204288,-4.309137,-4.309137
112,0.400000,-0.005733,-4.094866,-4.094866
112,0.450000,-0.205541,-3.901112,-3.901112
112,0.500000,-0.396225,-3.730208,-3.730208
112,0.550000,-0.578973,-3.583928,-3.583927
112,0.600000,-0.755051,-3.463634,-3.463632
112,0.650000,-0.925787,-3.370407,-3.370406
112,0.700000,-1.092558,-3.305174,-3.305172
112,0.750000,-1.256785,-3.268811,-3.268809
112,0.800000,-1.419935,-3.262255,-3.262253
112,0.850000,-1.583525,-3.286603,-3.286601
112,0.900000,-1.749133,-3.343209,-3.343206
112,0.950000,-1.918412,-3.433786,-3.433784
112,1.000000,-2.093113,-3.560522,-3.560520
112,1.050000,-2.275112,-3.726199,-3.726197
112,1.100000,-2.466440,-3.934343,-3.934341
112,1.150000,-2.669327,-4.189398,-4.189395
112,1.200000,-2.886253,-4.496944,-4.496941
112,1.250000,-3.120011,-4.863975,-4.863972
112,1.300000,-3.373785,-5.299253,-5.299248
112,1.350000,-3.651253,-5.813762,-5.813757

113,0.000000,2.084211,-6.000000,-6.000000
113,0.050000,1.789179,-5.795913,-5.795913
113,0.100000,1.505060,-5.565315,-5.565315
113,0.150000,1.232914,-5.318645,-5.318646
113,0.200000,0.973312,-5.064947,-5.064948
113,0.250000,0.726408,-4.811880,-4.811881
113,0.300000,0.492007,-4.565794,-4.565794
113,0.350000,0.269626,-4.331841,-4.331841
113,0.400000,0.058552,-4.114125,-4.114125
113,0.450000,-0.142111,-3.915851,-3.915851
113,0.500000,-0.333399,-3.739485,-3.739484
113,0.550000,-0.516456,-3.586901,-3.586900
113,0.600000,-0.692509,-3.459530,-3.459529
113,0.650000,-0.862847,-3.358489,-3.358488
113,0.700000,-1.028812,-3.284706,-3.284704
113,0.750000,-1.191786,-3.239026,-3.239024
113,0.800000,-1.353197,-3.222323,-3.222321
113,0.850000,-1.514517,-3.235591,-3.235589
113,0.900000,-1.677275,-3.280044,-3.280042
113,0.950000,-1.843067,-3.357214,-3.357211
113,1.000000,-2.013574,-3.469052,-3.469049
113,1.050000,-2.190590,-3.618046,-3.618044
113,1.100000,-2.376049,-3.807355,-3.807353
113,1.150000,-2.572063,-4.040963,-4.040961
113,1.200000,-2.780966,-4.323880,-4.323877
113,1.250000,-3.005375,-4.662383,-4.662380
113,1.300000,-3.248260,-5.064329,-5.064325
113,1.350000,-3.513027,-5.539555,-5.539551

114,0.000000,2.156391,-6.000000,-6.000000
114,0.050000,1.861089,-5.806254,-5.806255
114,0.100000,1.576250,-5.583398,-5.583398
114,0.150000,1.303057,-5.342068,-5.342069
114,0.200000,1.042196,-5.091542,-5.091543
114,0.250000,0.793923,-4.839721,-4.839722
114,0.300000,0.558135,-4.593195,-4.593196
114,0.350000,0.334425,-4.357344,-4.357345
114,0.400000,0.122150,-4.136474,-4.136474
114,0.450000,-0.079529,-3.933963,-3.933963
114,0.500000,-0.271596,-3.752419,-3.752419
114,0.550000,-0.455153,-3.593831,-3.593830
114,0.600000,-0.631387,-3.459706,-3.459705
114,0.650000,-0.801551,-3.351208,-3.351207
114,0.700000,-0.966950,-3.269277,-3.269276
114,0.750000,-1.128935,-3.214744,-3.214742
114,0.800000,-1.288895,-3.188429,-3.188427
114,0.850000,-1.448263,-3.191244,-3.191242
114,0.900000,-1.608522,-3.224283,-3.224281
114,0.950000,-1.771217,-3.288917,-3.288914
114,1.000000,-1.937969,-3.386890,-3.386888
114,1.050000,-2.110498,-3.520433,-3.520431
114,1.100000,-2.290651,-3.692377,-3.692375
114,1.150000,-2.480434,-3.906305,-3.906303
114,1.200000,-2.682055,-4.166723,-4.166721
114,1.250000,-2.897974,-4.479281,-4.479278
114,1.300000,-3.130968,-4.851045,-4.851042
114,1.350000,-3.384210,-5.290856,-5.290852
114,1.400000,-3.661370,-5.809791,-5.809785

115,0.000000,2.228571,-6.000000,-6.000000
115,0.050000,1.932987,-5.817102,-5.817103
115,0.100000,1.647390,-5.602458,-5.602459
115,0.150000,1.373089,-5.366901,-5.366902
115,0.200000,1.110889,-5.119938,-5.119939
115,0.250000,0.861149,-4.869718,-4.869719
115,0.300000,0.623857,-4.623076,-4.623077
115,0.350000,0.398688,-4.385624,-4.385625
115,0.400000,0.185065,-4.161877,-4.161878
115,0.450000,-0.017788,-3.955399,-3.955399
115,0.500000,-0.210809,-3.768950,-3.768950
115,0.550000,-0.395053,-3.604638,-3.604638
115,0.600000,-0.571668,-3.464060,-3.464060
115,0.650000,-0.741874,-3.348437,-3.348436
115,0.700000,-0.906944,-3.258734,-3.258733
115,0.750000,-1.068193,-3.195775,-3.195774
115,0.800000,-1.226980,-3.160345,-3.160344
115,0.850000,-1.384700,-3.153287,-3.153285
115,0.900000,-1.542797,-3.175591,-3.175590
115,0.950000,-1.702769,-3.228491,-3.228489
115,1.000000,-1.866182,-3.313550,-3.313548
115,1.050000,-2.034692,-3.432768,-3.432766
115,1.100000,-2.210069,-3.588693,-3.588691
115,1.150000,-2.394226,-3.784551,-3.784549
115,1.200000,-2.589257,-4.024407,-4.024404
115,1.250000,-2.797484,-4.313357,-4.313355
115,1.300000,-3.021515,-4.657781,-4.657778
115,1.350000,-3.264317,-5.065648,-5.065645
115,1.400000,-3.529301,-5.546932,-5.546928

116,0.000000,2.300752,-6.000000,-6.000000
116,0.050000,2.004873,-5.828456,-5.828457
116,0.100000,1.718479,-5.622496,-5.622497
116,0.150000,1.443012,-5.393142,-5.393143
116,0.200000,1.179392,-5.150131,-5.150133
116,0.250000,0.928086,-4.901863,-4.901864
116,0.300000,0.689174,-4.655420,-4.655421
116,0.350000,0.462415,-4.416655,-4.416656
116,0.400000,0.247301,-4.190301,-4.190302
116,0.450000,0.043115,-3.980114,-3.980115
116,0.500000,-0.151028,-3.789015,-3.789016
116,0.550000,-0.336142,-3.619243,-3.619244
116,0.600000,-0.513337,-3.472494,-3.472494
116,0.650000,-0.683797,-3.350054,-3.350053
116,0.700000,-0.848764,-3.252925,-3.252924
116,0.750000,-1.009524,-3.181937,-3.181936
116,0.800000,-1.167405,-3.137850,-3.137849
116,0.850000,-1.323771,-3.121453,-3.121452
116,0.900000,-1.480027,-3.133650,-3.133649
116,0.950000,-1.637630,-3.175553,-3.175552
116,1.000000,-1.798100,-3.248570,-3.248568
116,1.050000,-1.963035,-3.354499,-3.354497
116,1.100000,-2.134136,-3.495635,-3.495633
116,1.150000,-2.313233,-3.674892,-3.674890
116,1.200000,-2.502321,-3.895944,-3.895942
116,1.250000,-2.703600,-4.163407,-4.163404
116,1.300000,-2.919529,-4.483054,-4.483051
116,1.350000,-3.152893,-4.862099,-4.862096
116,1.400000,-3.406877,-5.309556,-5.309552
116,1.450000,-3.685174,-5.836711,-5.836706

117,0.000000,2.372932,-6.000000,-6.000000
117,0.050000,2.076745,-5.840316,-5.840317
117,0.100000,1.789519,-5.643510,-5.643511
117,0.150000,1.512825,-5.420788,-5.420789
117,0.200000,1.247705,-5.182116,-5.182118
117,0.250000,0.994734,-4.936144,-4.936146
117,0.300000,0.754089,-4.690211,-4.690213
117,0.350000,0.525610,-4.450414,-4.450415
117,0.400000,0.308862,-4.221712,-4.221714
117,0.450000,0.103188,-4.008062,-4.008063
117,0.500000,-0.092247,-3.812555,-3.812556
117,0.550000,-0.278410,-3.637570,-3.637570
117,0.600000,-0.456376,-3.484910,-3.484910
117,0.650000,-0.627296,-3.355939,-3.355939
117,0.700000,-0.792382,-3.251705,-3.251705
117,0.750000,-0.952893,-3.173054,-3.173053
117,0.800000,-1.110126,-3.120733,-3.120732
117,0.850000,-1.265417,-3.095489,-3.095488
117,0.900000,-1.420140,-3.098156,-3.098155
117,0.950000,-1.575714,-3.129742,-3.129741
117,1.000000,-1.733616,-3.191518,-3.191516
117,1.050000,-1.895395,-3.285105,-3.285103
117,1.100000,-2.062691,-3.412577,-3.412576
117,1.150000,-2.237261,-3.576572,-3.576571
117,1.200000,-2.421011,-3.780423,-3.780421
117,1.250000,-2.616036,-4.028320,-4.028318
117,1.300000,-2.824663,-4.325509,-4.325506
117,1.350000,-3.049516,-4.678541,-4.678538
117,1.400000,-3.293583,-5.095599,-5.095596
117,1.450000,-3.560311,-5.586910,-5.586906

118,0.000000,2.445113,-6.000000,-6.000000
118,0.050000,2.148605,-5.852682,-5.852683
118,0.100000,1.860509,-5.665499,-5.665500
118,0.150000,1.582529,-5.449836,-5.449838
118,0.200000,1.315829,-5.215887,-5.215889
118,0.250000,1.061096,-4.972554,-4.972555
118,0.300000,0.818603,-4.727434,-4.727436
118,0.350000,0.588275,-4.486877,-4.486879
118,0.400000,0.369752,-4.256077,-4.256078
118,0.450000,0.162435,-4.039196,-4.039198
118,0.500000,-0.034455,-3.839510,-3.839510
118,0.550000,-0.221845,-3.659542,-3.659543
118,0.600000,-0.400770,-3.501215,-3.501215
118,0.650000,-0.572351,-3.365978,-3.365978
118,0.700000,-0.737771,-3.254934,-3.254934
118,0.750000,-0.898262,-3.168956,-3.168956
118,0.800000,-1.055097,-3.108791,-3.108790
118,0.850000,-1.209583,-3.075153,-3.075152
118,0.900000,-1.363067,-3.068821,-3.068820
118,0.950000,-1.516935,-3.090714,-3.090712
118,1.000000,-1.672627,-3.141984,-3.141982
118,1.050000,-1.831647,-3.224099,-3.224097
118,1.100000,-1.995582,-3.338937,-3.338936
118,1.150000,-2.166125,-3.488895,-3.488893
118,1.200000,-2.345106,-3.677003,-3.677001
118,1.250000,-2.534524,-3.907079,-3.907077
118,1.300000,-2.736592,-4.183906,-4.183904
118,1.350000,-2.953791,-4.513459,-4.513457
118,1.400000,-3.188939,-4.903196,-4.903192
118,1.450000,-3.445267,-5.362426,-5.362422
118,1.500000,-3.726531,-5.902801,-5.902796

119,0.000000,2.517293,-6.000000,-6.000000
119,0.050000,2.220451,-5.865554,-5.865555
119,0.100000,1.931448,-5.688463,-5.688464
119,0.150000,1.652123,-5.480286,-5.480287
119,0.200000,1.383763,-5.251440,-5.251442
119,0.250000,1.127170,-5.011081,-5.011083
119,0.300000,0.882715,-4.767073,-4.767075
119,0.350000,0.650412,-4.526021,-4.526023
119,0.400000,0.429973,-4.293361,-4.293363
119,0.450000,0.220863,-4.073474,-4.073475
119,0.500000,0.022354,-3.869821,-3.869822
119,0.550000,-0.166435,-3.685086,-3.685087
119,0.600000,-0.346504,-3.521316,-3.521317
119,0.650000,-0.518942,-3.380056,-3.380056
119,0.700000,-0.684904,-3.262474,-3.262474
119,0.750000,-0.845599,-3.169480,-3.169480
119,0.800000,-1.002274,-3.101827,-3.101826
119,0.850000,-1.156215,-3.060213,-3.060212
119,0.900000,-1.308741,-3.045369,-3.045368
119,0.950000,-1.461212,-3.058142,-3.058141
119,1.000000,-1.615033,-3.099582,-3.099581
119,1.050000,-1.771670,-3.171022,-3.171021
119,1.100000,-1.932663,-3.274171,-3.274169
119,1.150000,-2.099651,-3.411208,-3.411206
119,1.200000,-2.274394,-3.584903,-3.584901
119,1.250000,-2.458809,-3.798744,-3.798743
119,1.300000,-2.655009,-4.057111,-4.057109
119,1.350000,-2.865352,-4.365473,-4.365471
119,1.400000,-3.092502,-4.730656,-4.730653
119,1.450000,-3.339504,-5.161176,-5.161172
119,1.500000,-3.609883,-5.667674,-5.667669

120,0.000000,2.589474,-6.000000,-6.000000
120,0.050000,2.292285,-5.878932,-5.878933
120,0.100000,2.002338,-5.712402,-5.712403
120,0.150000,1.721607,-5.512134,-5.512135
120,0.200000,1.451509,-5.288769,-5.288770
120,0.250000,1.192957,-5.051718,-5.051720
120,0.300000,0.946429,-4.809113,-4.809114
120,0.350000,0.712024,-4.567823,-4.567825
120,0.400000,0.489529,-4.333533,-4.333535
120,0.450000,0.278476,-4.110849,-4.110851
120,0.500000,0.078189,-3.903431,-3.903432
120,0.550000,-0.112169,-3.714129,-3.714130
120,0.600000,-0.293562,-3.545124,-3.545124
120,0.650000,-0.467047,-3.398065,-3.398065
120,0.700000,-0.633755,-3.274195,-3.274195
120,0.750000,-0.794869,-3.174467,-3.174467
120,0.800000,-0.951617,-3.099655,-3.099654
120,0.850000,-1.105261,-3.050447,-3.050446
120,0.900000,-1.257099,-3.027539,-3.027538
120,0.950000,-1.408466,-3.031720,-3.031719
120,1.000000,-1.560738,-3.063950,-3.063949
120,1.050000,-1.715348,-3.125447,-3.125445
120,1.100000,-1.873796,-3.217768,-3.217767
120,1.150000,-2.037671,-3.342909,-3.342908
120,1.200000,-2.208675,-3.503404,-3.503402
120,1.250000,-2.388653,-3.702455,-3.702454
120,1.300000,-2.579629,-3.944086,-3.944084
120,1.350000,-2.783854,-4.233326,-4.233324
120,1.400000,-3.003858,-4.576452,-4.576450
120,1.450000,-3.242526,-4.981288,-4.981285
120,1.500000,-3.503176,-5.457602,-5.457598

121,0.000000,2.661654,-6.000000,-6.000000
121,0.050000,2.364107,-5.892815,-5.892816
121,0.100000,2.073178,-5.737314,-5.737315
121,0.150000,1.790982,-5.545378,-5.545379
121,0.200000,1.519066,-5.327868,-5.327870
121,0.250000,1.258460,-5.094454,-5.094456
121,0.300000,1.009744,-4.853537,-4.853539
121,0.350000,0.773111,-4.612259,-4.612261
121,0.400000,0.548425,-4.376559,-4.376561
121,0.450000,0.335281,-4.151280,-4.151281
121,0.500000,0.133058,-3.940284,-3.940286
121,0.550000,-0.059036,-3.746599,-3.746600
121,0.600000,-0.241929,-3.572549,-3.572551
121,0.650000,-0.416648,-3.419897,-3.419898
121,0.700000,-0.584297,-3.289966,-3.289967
121,0.750000,-0.746040,-3.183765,-3.183766
121,0.800000,-0.903083,-3.102094,-3.102094
121,0.850000,-1.056669,-3.045642,-3.045642
121,0.900000,-1.208078,-3.015082,-3.015082
121,0.950000,-1.358621,-3.011154,-3.011153
121,1.000000,-1.509652,-3.034744,-3.034743
121,1.050000,-1.662572,-3.086969,-3.086968
121,1.100000,-1.818849,-3.169257,-3.169255
121,1.150000,-1.980029,-3.283437,-3.283435
121,1.200000,-2.147762,-3.431840,-3.431839
121,1.250000,-2.323832,-3.617418,-3.617417
121,1.300000,-2.510184,-3.843882,-3.843881
121,1.350000,-2.708977,-4.115877,-4.115875
121,1.400000,-2.922626,-4.439199,-4.439197
121,1.450000,-3.153871,-4.821075,-4.821072
121,1.500000,-3.405857,-5.270515,-5.270511
121,1.550000,-3.682234,-5.798784,-5.798779

122,0.000000,2.733835,-6.000000,-6.000000
122,0.050000,2.435915,-5.907204,-5.907205
122,0.100000,2.143968,-5.763198,-5.763200
122,0.150000,1.860248,-5.580016,-5.580017
122,0.200000,1.586434,-5.368734,-5.368736
122,0.250000,1.323677,-5.139280,-5.139282
122,0.300000,1.072663,-4.900331,-4.900334
122,0.350000,0.833677,-4.659306,-4.659309
122,0.400000,0.606663,-4.422409,-4.422411
122,0.450000,0.391282,-4.194722,-4.194724
122,0.500000,0.186969,-3.980325,-3.980327
122,0.550000,-0.007025,-3.782427,-3.782429
122,0.600000,-0.191590,-3.603508,-3.603509
122,0.650000,-0.367724,-3.445448,-3.445450
122,0.700000,-0.536507,-3.309665,-3.309666
122,0.750000,-0.699080,-3.197228,-3.197228
122,0.800000,-0.856632,-3.108972,-3.108972
122,0.850000,-1.010391,-3.045597,-3.045597
122,0.900000,-1.161617,-3.007762,-3.007762
122,0.950000,-1.311605,-2.996168,-2.996168
122,1.000000,-1.461685,-3.011641,-3.011641
122,1.050000,-1.613236,-3.055211,-3.055210
122,1.100000,-1.767696,-3.128192,-3.128191
122,1.150000,-1.926573,-3.232270,-3.232269
122,1.200000,-2.091476,-3.369598,-3.369597
122,1.250000,-2.264132,-3.542905,-3.542904
122,1.300000,-2.446422,-3.755631,-3.755629
122,1.350000,-2.640423,-4.012084,-4.012082
122,1.400000,-2.848448,-4.317644,-4.317642
122,1.450000,-3.073115,-4.679017,-4.679015
122,1.500000,-3.317417,-5.104560,-5.104556
122,1.550000,-3.584812,-5.604706,-5.604701

123,0.000000,2.806015,-6.000000,-6.000000
123,0.050000,2.507711,-5.922099,-5.922100
123,0.100000,2.214708,-5.790055,-5.790057
123,0.150000,1.929405,-5.616045,-5.616047
123,0.200000,1.653614,-5.411360,-5.411363
123,0.250000,1.388609,-5.186186,-5.186189
123,0.300000,1.135187,-4.949480,-4.949483
123,0.350000,0.893724,-4.708943,-4.708945
123,0.400000,0.664247,-4.471049,-4.471052
123,0.450000,0.446486,-4.241134,-4.241136
123,0.500000,0.239929,-4.023498,-4.023500
123,0.550000,0.043874,-3.821546,-3.821548
123,0.600000,-0.142531,-3.637915,-3.637917
123,0.650000,-0.320256,-3.474619,-3.474620
123,0.700000,-0.490357,-3.333171,-3.333172
123,0.750000,-0.653957,-3.214713,-3.214713
123,0.800000,-0.812226,-3.120122,-3.120122
123,0.850000,-0.966378,-3.050118,-3.050118
123,0.900000,-1.117659,-3.005353,-3.005353
123,0.950000,-1.267345,-2.986501,-2.986501
123,1.000000,-1.416753,-2.994338,-2.994338
123,1.050000,-1.567239,-3.029820,-3.029819
123,1.100000,-1.720216,-3.094162,-3.094161
123,1.150000,-1.877162,-3.188926,-3.188926
123,1.200000,-2.039648,-3.316109,-3.316108
123,1.250000,-2.209355,-3.478245,-3.478244
123,1.300000,-2.388107,-3.678537,-3.678536
123,1.350000,-2.577910,-3.921001,-3.920999
123,1.400000,-2.780992,-4.210653,-4.210651
123,1.450000,-2.999864,-4.553747,-4.553744
123,1.500000,-3.237386,-4.958074,-4.958071
123,1.550000,-3.496852,-5.433354,-5.433350
123,1.600000,-3.782103,-5.991744,-5.991738

124,0.000000,2.878195,-6.000000,-6.000000
124,0.050000,2.579494,-5.937499,-5.937500
124,0.100000,2.285398,-5.817883,-5.817885
124,0.150000,1.998452,-5.653464,-5.653466
124,0.200000,1.720606,-5.455743,-5.455745
124,0.250000,1.453258,-5.235164,-5.235167
124,0.300000,1.197316,-5.000969,-5.000971
124,0.350000,0.953254,-4.761146,-4.761148
124,0.400000,0.721181,-4.522450,-4.522453
124,0.450000,0.500897,-4.290473,-4.290476
124,0.500000,0.291946,-4.069751,-4.069753
124,0.550000,0.093673,-3.863887,-3.863889
124,0.600000,-0.094737,-3.675690,-3.675692
124,0.650000,-0.274226,-3.507310,-3.507311
124,0.700000,-0.445826,-3.360368,-3.360369
124,0.750000,-0.610640,-3.236083,-3.236084
124,0.800000,-0.769827,-3.135385,-3.135386
124,0.850000,-0.924584,-3.059019,-3.059020
124,0.900000,-1.076145,-3.007641,-3.007641
124,0.950000,-1.225775,-2.981905,-2.981905
124,1.000000,-1.374775,-2.982548,-2.982548
124,1.050000,-1.524484,-3.010462,-3.010462
124,1.100000,-1.676294,-3.066781,-3.066781
124,1.150000,-1.831659,-3.152957,-3.152956
124,1.200000,-1.992118,-3.270848,-3.270847
124,1.250000,-2.159312,-3.422823,-3.422822
124,1.300000,-2.335017,-3.611876,-3.611875
124,1.350000,-2.521179,-3.841766,-3.841765
124,1.400000,-2.719951,-4.117197,-4.117195
124,1.450000,-2.933753,-4.444030,-4.444028
124,1.500000,-3.165331,-4.829570,-4.829567
124,1.550000,-3.417838,-5.282918,-5.282915
124,1.600000,-3.694940,-5.815453,-5.815448

125,0.000000,2.950376,-6.000000,-6.000000
125,0.050000,2.651264,-5.953404,-5.953405
125,0.100000,2.356038,-5.846682,-5.846684
125,0.150000,2.067391,-5.692270,-5.692272
125,0.200000,1.787410,-5.501876,-5.501879
125,0.250000,1.517624,-5.286204,-5.286207
125,0.300000,1.259052,-5.054782,-5.054785
125,0.350000,1.012269,-4.815893,-4.815896
125,0.400000,0.777469,-4.576579,-4.576582
125,0.450000,0.554520,-4.342699,-4.342702
125,0.500000,0.343028,-4.119030,-4.119032
125,0.550000,0.142383,-3.909385,-3.909388
125,0.600000,-0.048194,-3.716752,-3.716754
125,0.650000,-0.229614,-3.543426,-3.543428
125,0.700000,-0.402888,-3.391143,-3.391144
125,0.750000,-0.569101,-3.261207,-3.261209
125,0.800000,-0.729397,-3.154608,-3.154609
125,0.850000,-0.884964,-3.072124,-3.072125
125,0.900000,-1.037023,-3.014422,-3.014422
125,0.950000,-1.186829,-2.982146,-2.982146
125,1.000000,-1.335672,-2.976000,-2.976000
125,1.050000,-1.484879,-2.996828,-2.996828
125,1.100000,-1.635822,-3.045690,-3.045690
125,1.150000,-1.789937,-3.123944,-3.123944
125,1.200000,-1.948735,-3.233332,-3.233331
125,1.250000,-2.113825,-3.376073,-3.376073
125,1.300000,-2.286944,-3.554982,-3.554982
125,1.350000,-2.469984,-3.773598,-3.773597
125,1.400000,-2.665038,-4.036348,-4.036347
125,1.450000,-2.874445,-4.348759,-4.348758
125,1.500000,-3.100855,-4.717713,-4.717711
125,1.550000,-3.347300,-5.151786,-5.151783
125,1.600000,-3.617294,-5.661685,-5.661681

126,0.000000,3.022556,-6.000000,-6.000000
126,0.050000,2.723021,-5.969815,-5.969816
126,0.100000,2.426628,-5.876451,-5.876453
126,0.150000,2.136220,-5.732460,-5.732463
126,0.200000,1.854027,-5.549755,-5.549758
126,0.250000,1.581707,-5.339296,-5.339299
126,0.300000,1.320396,-5.110904,-5.110907
126,0.350000,1.070771,-4.873162,-4.873165
126,0.400000,0.833112,-4.633406,-4.633409
126,0.450000,0.607361,-4.397771,-4.397774
126,0.500000,0.393182,-4.171283,-4.171286
126,0.550000,0.190013,-3.957976,-3.957979
126,0.600000,-0.002889,-3.761023,-3.761026
126,0.650000,-0.186403,-3.582874,-3.582876
126,0.700000,-0.361520,-3.425386,-3.425388
126,0.750000,-0.529310,-3.289958,-3.289960
126,0.800000,-0.690901,-3.177644,-3.177646
126,0.850000,-0.847473,-3.089264,-3.089265
126,0.900000,-1.000238,-3.025502,-3.025503
126,0.950000,-1.150444,-2.987001,-2.987002
126,1.000000,-1.299370,-2.974442,-2.974442
126,1.050000,-1.448333,-2.988626,-2.988626
126,1.100000,-1.598695,-3.030555,-3.030554
126,1.150000,-1.751872,-3.101504,-3.101504
126,1.200000,-1.909355,-3.203113,-3.203113
126,1.250000,-2.072728,-3.337477,-3.337477
126,1.300000,-2.243692,-3.507251,-3.507251
126,1.350000,-2.424098,-3.715783,-3.715782
126,1.400000,-2.615985,-3.967266,-3.967265
126,1.450000,-2.821627,-4.266936,-4.266934
126,1.500000,-3.043589,-4.621312,-4.621310
126,1.550000,-3.284803,-5.038521,-5.038518
126,1.600000,-3.548655,-5.528699,-5.528695

127,0.000000,3.094737,-6.000000,-6.000000
127,0.050000,2.794766,-5.986730,-5.986731
127,0.100000,2.497169,-5.907189,-5.907191
127,0.150000,2.204941,-5.774034,-5.774036
127,0.200000,1.920457,-5.599374,-5.599377
127,0.250000,1.645508,-5.394432,-5.394436
127,0.300000,1.381349,-5.169321,-5.169325
127,0.350000,1.128763,-4.932932,-4.932935
127,0.400000,0.888116,-4.692901,-4.692905
127,0.450000,0.659425,-4.455649,-4.455653
127,0.500000,0.442416,-4.226461,-4.226464
127,0.550000,0.236573,-4.009598,-4.009601
127,0.600000,0.041194,-3.808428,-3.808431
127,0.650000,-0.144575,-3.625564,-3.625566
127,0.700000,-0.321701,-3.462993,-3.462996
127,0.750000,-0.491237,-3.322214,-3.322216
127,0.800000,-0.654304,-3.204353,-3.204355
127,0.850000,-0.812069,-3.110278,-3.110279
127,0.900000,-0.965740,-3.040698,-3.040700
127,0.950000,-1.116558,-2.996261,-2.996262
127,1.000000,-1.265796,-2.977633,-2.977634
127,1.050000,-1.414763,-2.985584,-2.985584
127,1.100000,-1.564812,-3.021062,-3.021062
127,1.150000,-1.717348,-3.085278,-3.085278
127,1.200000,-1.873844,-3.179782,-3.179781
127,1.250000,-2.035863,-3.306558,-3.306558
127,1.300000,-2.205079,-3.468129,-3.468128
127,1.350000,-2.383308,-3.667676,-3.667676
127,1.400000,-2.572545,-3.909192,-3.909191
127,1.450000,-2.775009,-4.197661,-4.197660
127,1.500000,-2.993196,-4.539299,-4.539297
127,1.550000,-3.229952,-4.941845,-4.941842
127,1.600000,-3.488554,-5.414953,-5.414950
127,1.650000,-3.772821,-5.970697,-5.970691

128,0.000000,3.166917,-6.000000,-6.000000

129,0.000000,3.239098,-6.000000,-6.000000

130,0.000000,3.311278,-6.000000,-6.000000

131,0.000000,3.383459,-6.000000,-6.000000

132,0.000000,3.455639,-6.000000,-6.000000

133,0.000000,3.527820,-6.000000,-6.000000

134,0.000000,3.600000,-6.000000,-6.000000

135,0.000000,3.672180,-6.000000,-6.000000

136,0.000000,3.744361,-6.000000,-6.000000

137,0.000000,3.816541,-6.000000,-6.000000

138,0.000000,3.888722,-6.000000,-6.000000

139,0.000000,3.960902,-6.000000,-6.000000

140,0.000000,4.033083,-6.000000,-6.000000

141,0.000000,4.105263,-6.000000,-6.000000

142,0.000000,4.177444,-6.000000,-6.000000

143,0.000000,4.249624,-6.000000,-6.000000

144,0.000000,4.321805,-6.000000,-6.000000

145,0.000000,4.393985,-6.000000,-6.000000

146,0.000000,4.466165,-6.000000,-6.000000

147,0.000000,4.538346,-6.000000,-6.000000

148,0.000000,4.610526,-6.000000,-6.000000

149,0.000000,4.682707,-6.000000,-6.000000

150,0.000000,4.754887,-6.000000,-6.000000

151,0.000000,4.827068,-6.000000,-6.000000

152,0.000000,4.899248,-6.000000,-6.000000

153,0.000000,4.971429,-6.000000,-6.000000

154,0.000000,5.043609,-6.000000,-6.000000

155,0.000000,5.115789,-6.000000,-6.000000

156,0.000000,5.187970,-6.000000,-6.000000

157,0.000000,5.260150,-6.000000,-6.000000

158,0.000000,5.332331,-6.000000,-6.000000

159,0.000000,5.404511,-6.000000,-6.000000

160,0.000000,5.476692,-6.000000,-6.000000

161,0.000000,5.548872,-6.000000,-6.000000

162,0.000000,5.621053,-6.000000,-6.000000

163,0.000000,5.693233,-6.000000,-6.000000

164,0.000000,5.765414,-6.000000,-6.000000

165,0.000000,5.837594,-6.000000,-6.000000

166,0.000000,5.909774,-6.000000,-6.000000

167,0.000000,5.981955,-6.000000,-6.000000

168,0.000000,6.000000,-5.945865,-5.945865

169,0.000000,6.000000,-5.873684,-5.873684

170,0.000000,6.000000,-5.801504,-5.801504

171,0.000000,6.000000,-5.729323,-5.729323

172,0.000000,6.000000,-5.657143,-5.657143

173,0.000000,6.000000,-5.584962,-5.584962

174,0.000000,6.000000,-5.512782,-5.512782

175,0.000000,6.000000,-5.440602,-5.440602

176,0.000000,6.000000,-5.368421,-5.368421

177,0.000000,6.000000,-5.296241,-5.296241

178,0.000000,6.000000,-5.224060,-5.224060

179,0.000000,6.000000,-5.151880,-5.151880

180,0.000000,6.000000,-5.079699,-5.079699

181,0.000000,6.000000,-5.007519,-5.007519

182,0.000000,6.000000,-4.935338,-4.935338

183,0.000000,6.000000,-4.863158,-4.863158

184,0.000000,6.000000,-4.790977,-4.790977
184,0.050000,5.730601,-5.951294,-5.951518

185,0.000000,6.000000,-4.718797,-4.718797
185,0.050000,5.734106,-5.883561,-5.883796

186,0.000000,6.000000,-4.646617,-4.646617
186,0.050000,5.737610,-5.815829,-5.816076

187,0.000000,6.000000,-4.574436,-4.574436
187,0.050000,5.741115,-5.748097,-5.748357

188,0.000000,6.000000,-4.502256,-4.502256
188,0.050000,5.744619,-5.680366,-5.680640

189,0.000000,6.000000,-4.430075,-4.430075
189,0.050000,5.748124,-5.612635,-5.612924

190,0.000000,6.000000,-4.357895,-4.357895
190,0.050000,5.751628,-5.544905,-5.545209

191,0.000000,6.000000,-4.285714,-4.285714
191,0.050000,5.755133,-5.477174,-5.477496

192,0.000000,6.000000,-4.213534,-4.213534
192,0.050000,5.758637,-5.409445,-5.409785

193,0.000000,6.000000,-4.141353,-4.141353
193,0.050000,5.762142,-5.341715,-5.342075

194,0.000000,6.000000,-4.069173,-4.069173
194,0.050000,5.765646,-5.273986,-5.274368

195,0.000000,6.000000,-3.996992,-3.996992
195,0.050000,5.769151,-5.206258,-5.206663

196,0.000000,6.000000,-3.924812,-3.924812
196,0.050000,5.772655,-5.138530,-5.138960

197,0.000000,6.000000,-3.852632,-3.852632
197,0.050000,5.776160,-5.070802,-5.071260

198,0.000000,6.000000,-3.780451,-3.780451
198,0.050000,5.779664,-5.003075,-5.003563

199,0.000000,6.000000,-3.708271,-3.708271
199,0.050000,5.783169,-4.935348,-4.935869
199,0.100000,5.509582,-5.976060,-5.976612

200,0.000000,6.000000,-3.636090,-3.636090
200,0.050000,5.786673,-4.867621,-4.868178
200,0.100000,5.516331,-5.914225,-5.914811

201,0.000000,6.000000,-3.563910,-3.563910
201,0.050000,5.790178,-4.799895,-4.800491
201,0.100000,5.523079,-5.852393,-5.853015

202,0.000000,6.000000,-3.491729,-3.491729
202,0.050000,5.793682,-4.732170,-4.732808
202,0.100000,5.529828,-5.790564,-5.791226

203,0.000000,6.000000,-3.419549,-3.419549
203,0.050000,5.797187,-4.664445,-4.665129
203,0.100000,5.536576,-5.728738,-5.729443

204,0.000000,6.000000,-3.347368,-3.347368
204,0.050000,5.800691,-4.596720,-4.597456
204,0.100000,5.543324,-5.666915,-5.667667

205,0.000000,6.000000,-3.275188,-3.275188
205,0.050000,5.804195,-4.528995,-4.529788
205,0.100000,5.550073,-5.605096,-5.605899

206,0.000000,6.000000,-3.203008,-3.203008
206,0.050000,5.807700,-4.461271,-4.462127
206,0.100000,5.556821,-5.543279,-5.544138

207,0.000000,6.000000,-3.130827,-3.130827
207,0.050000,5.811204,-4.393548,-4.394472
207,0.100000,5.563569,-5.481465,-5.482386

208,0.000000,6.000000,-3.058647,-3.058647
208,0.050000,5.814709,-4.325825,-4.326825
208,0.100000,5.570317,-5.419655,-5.420643

209,0.000000,6.000000,-2.986466,-2.986466
209,0.050000,5.818213,-4.258102,-4.259187
209,0.100000,5.577065,-5.357847,-5.358910

210,0.000000,6.000000,-2.914286,-2.914286
210,0.050000,5.821717,-4.190379,-4.191559
210,0.100000,5.583813,-5.296043,-5.297187

211,0.000000,6.000000,-2.842105,-2.842105
211,0.050000,5.825222,-4.122657,-4.123942
211,0.100000,5.590560,-5.234241,-5.235476

212,0.000000,6.000000,-2.769925,-2.769925
212,0.050000,5.828726,-4.054936,-4.056338
212,0.100000,5.597308,-5.172443,-5.173778

213,0.000000,6.000000,-2.697744,-2.697744
213,0.050000,5.832231,-3.987215,-3.988749
213,0.100000,5.604056,-5.110647,-5.112094

214,0.000000,6.000000,-2.625564,-2.625564
214,0.050000,5.835735,-3.919494,-3.921176
214,0.100000,5.610803,-5.048855,-5.050425
214,0.150000,5.333865,-5.997904,-5.999260

215,0.000000,6.000000,-2.553383,-2.553383
215,0.050000,5.839239,-3.851774,-3.853622
215,0.100000,5.617551,-4.987066,-4.988773
215,0.150000,5.343530,-5.943128,-5.944595

216,0.000000,6.000000,-2.481203,-2.481203
216,0.050000,5.842744,-3.784054,-3.786091
216,0.100000,5.624298,-4.925280,-4.927141
216,0.150000,5.353195,-5.888361,-5.889952

217,0.000000,6.000000,-2.409023,-2.409023
217,0.050000,5.846248,-3.716334,-3.718585
217,0.100000,5.631045,-4.863497,-4.865531
217,0.150000,5.362859,-5.833604,-5.835332

218,0.000000,6.000000,-2.336842,-2.336842
218,0.050000,5.849752,-3.648615,-3.651109
218,0.100000,5.637793,-4.801717,-4.803945
218,0.150000,5.372523,-5.778856,-5.780738

219,0.000000,6.000000,-2.264662,-2.264662
219,0.050000,5.853257,-3.580897,-3.583668
219,0.100000,5.644540,-4.739940,-4.742387
219,0.150000,5.382187,-5.724117,-5.726173

220,0.000000,6.000000,-2.192481,-2.192481
220,0.050000,5.856761,-3.513178,-3.516267
220,0.100000,5.651287,-4.678166,-4.680861
220,0.150000,5.391850,-5.669388,-5.671639

221,0.000000,6.000000,-2.120301,-2.120301
221,0.050000,5.860265,-3.445460,-3.448914
221,0.100000,5.658034,-4.616395,-4.619372
221,0.150000,5.401513,-5.614669,-5.617139

222,0.000000,6.000000,-2.048120,-2.048120
222,0.050000,5.863770,-3.377743,-3.381618
222,0.100000,5.664781,-4.554627,-4.557926
222,0.150000,5.411176,-5.559959,-5.562679

223,0.000000,6.000000,-1.975940,-1.975940
223,0.050000,5.867274,-3.310026,-3.314390
223,0.100000,5.671527,-4.492862,-4.496529
223,0.150000,5.420838,-5.505259,-5.508263

224,0.000000,6.000000,-1.903759,-1.903759
224,0.050000,5.870778,-3.242309,-3.247241
224,0.100000,5.678274,-4.431101,-4.435189
224,0.150000,5.430500,-5.450568,-5.453897

225,0.000000,6.000000,-1.831579,-1.831579
225,0.050000,5.874283,-3.174593,-3.180190
225,0.100000,5.685021,-4.369342,-4.373918
225,0.150000,5.440162,-5.395887,-5.399589

226,0.000000,6.000000,-1.759398,-1.759398
226,0.050000,5.877787,-3.106877,-3.113256
226,0.100000,5.691767,-4.307587,-4.312728
226,0.150000,5.449823,-5.341215,-5.345347

227,0.000000,6.000000,-1.687218,-1.687218
227,0.050000,5.881291,-3.039162,-3.046464
227,0.100000,5.698514,-4.245834,-4.251635
227,0.150000,5.459483,-5.286553,-5.291183

228,0.000000,6.000000,-1.615038,-1.615038
228,0.050000,5.884796,-2.971447,-2.979846
228,0.100000,5.705260,-4.184085,-4.190658
228,0.150000,5.469144,-5.231900,-5.237111

229,0.000000,6.000000,-1.542857,-1.542857
229,0.050000,5.888300,-2.903732,-2.913444
229,0.100000,5.712007,-4.122338,-4.129822
229,0.150000,5.478804,-5.177257,-5.183149

230,0.000000,6.000000,-1.470677,-1.470677
230,0.050000,5.891804,-2.836018,-2.847308
230,0.100000,5.718753,-4.060595,-4.069158
230,0.150000,5.488463,-5.122623,-5.129318

231,0.000000,6.000000,-1.398496,-1.398496
231,0.050000,5.895308,-2.768304,-2.781507
231,0.100000,5.725499,-3.998855,-4.008706
231,0.150000,5.498122,-5.067999,-5.075646
231,0.200000,5.221627,-5.962048,-5.968314

232,0.000000,6.000000,-1.326316,-1.326316
232,0.050000,5.898813,-2.700591,-2.716128
232,0.100000,5.732245,-3.937118,-3.948518
232,0.150000,5.507781,-5.013384,-5.022171
232,0.200000,5.233822,-5.915300,-5.922471

233,0.000000,6.000000,-1.254135,-1.254135
233,0.050000,5.902317,-2.632878,-2.651288
233,0.100000,5.738991,-3.875383,-3.888662
233,0.150000,5.517440,-4.958779,-4.968940
233,0.200000,5.246016,-5.868573,-5.876831

234,0.000000,6.000000,-1.181955,-1.181955
234,0.050000,5.905821,-2.565165,-2.587143
234,0.100000,5.745737,-3.813652,-3.829226
234,0.150000,5.527098,-4.904183,-4.916014
234,0.200000,5.258209,-5.821866,-5.831442

235,0.000000,6.000000,-1.109774,-1.109774
235,0.050000,5.909326,-2.497453,-2.523902
235,0.100000,5.752483,-3.751924,-3.770331
235,0.150000,5.536756,-4.849597,-4.863477
235,0.200000,5.270401,-5.775180,-5.786370

236,0.000000,6.000000,-1.037594,-1.037594
236,0.050000,5.912830,-2.429742,-2.461854
236,0.100000,5.759229,-3.690199,-3.712140
236,0.150000,5.546413,-4.795020,-4.811442
236,0.200000,5.282592,-5.728514,-5.741700

237,0.000000,6.000000,-0.965414,-0.965414
237,0.050000,5.916334,-2.362030,-2.401401
237,0.100000,5.765975,-3.628478,-3.654877
237,0.150000,5.556070,-4.740453,-4.760066
237,0.200000,5.294781,-5.681869,-5.697553

238,0.000000,6.000000,-0.893233,-0.893233
238,0.050000,5.919838,-2.294319,-2.343113
238,0.100000,5.772720,-3.566759,-3.598860
238,0.150000,5.565727,-4.685895,-4.709569
238,0.200000,5.306970,-5.635244,-5.654099

239,0.000000,6.000000,-0.821053,-0.821053
239,0.050000,5.923343,-2.226609,-2.287812
239,0.100000,5.779466,-3.505043,-3.544546
239,0.150000,5.575383,-4.631347,-4.660265
239,0.200000,5.319157,-5.588639,-5.611580

240,0.000000,6.000000,-0.748872,-0.748872
240,0.050000,5.926847,-2.158899,-2.236716
240,0.100000,5.786211,-3.443330,-3.492613
240,0.150000,5.585039,-4.576808,-4.612625
240,0.200000,5.331344,-5.542055,-5.570357

241,0.000000,6.000000,-0.676692,-0.676692
241,0.050000,5.930351,-2.091189,-2.191671
241,0.100000,5.792957,-3.381621,-3.444094
241,0.150000,5.594694,-4.522279,-4.567365
241,0.200000,5.343529,-5.495492,-5.530980

242,0.000000,6.000000,-0.604511,-0.604511
242,0.050000,5.933855,-2.023480,-2.155564
242,0.100000,5.799702,-3.319914,-3.400630
242,0.150000,5.604349,-4.467759,-4.525622
242,0.200000,5.355713,-5.448949,-5.494326

243,0.000000,6.000000,-0.532331,-0.532331
243,0.050000,5.937359,-1.955771,-2.133089
243,0.100000,5.806447,-3.258210,-3.364951
243,0.150000,5.614004,-4.413249,-4.489303
243,0.200000,5.367896,-5.402427,-5.461864

244,0.000000,6.000000,-0.460150,-0.460150
244,0.050000,5.940864,-1.888063,-2.132244
244,0.100000,5.813192,-3.196510,-3.341880
244,0.150000,5.623658,-4.358748,-4.461804
244,0.200000,5.380078,-5.355925,-5.436220

245,0.000000,6.000000,-0.387970,-0.387970
245,0.050000,5.944368,-1.820355,-2.167537
245,0.100000,5.819937,-3.134812,-3.340641
245,0.150000,5.633312,-4.304257,-4.449702
245,0.200000,5.392259,-5.309443,-5.422505

246,0.000000,6.000000,-0.315789,-0.315789
246,0.050000,5.947872,-1.752647,-2.267647
246,0.100000,5.826682,-3.073118,-3.380801
246,0.150000,5.642966,-4.249775,-4.467237
246,0.200000,5.404438,-5.262982,-5.431878

247,0.000000,6.000000,-0.243609,-0.243609
247,0.050000,5.951376,-1.684940,-2.496929
247,0.100000,5.833427,-3.011427,-3.510387
247,0.150000,5.652619,-4.195303,-4.550512
247,0.200000,5.416617,-5.216542,-5.493026

248,0.000000,6.000000,-0.171429,-0.171429
248,0.050000,5.954881,-1.617233,-3.032694
248,0.100000,5.840172,-2.949739,-3.876487
248,0.150000,5.662272,-4.140841,-4.816218
248,0.200000,5.428794,-5.170121,-5.701117

249,0.000000,6.000000,-0.099248,-0.099248
249,0.050000,5.958385,-1.549527,-4.598083
249,0.100000,5.846917,-2.888053,-5.148378
249,0.150000,5.671924,-4.086387,-5.845656
249,0.200000,5.440971,-5.123722,-6.557167
249,0.250000,5.162453,-5.987574,-7.201608

250,0.000000,6.000000,-0.027068,-0.027068
250,0.050000,5.961889,-1.481821,-17.902493
250,0.100000,5.853662,-2.826371,-17.969221
250,0.150000,5.681577,-4.031944,-18.059820
250,0.200000,5.453146,-5.077343,-18.152220
250,0.250000,5.176736,-5.949681,-18.224380

251,0.000000,6.000000,0.045113,0.045113
251,0.050000,5.965393,-1.414115,7.176378
251,0.100000,5.860406,-2.764692,7.691681
251,0.150000,5.691228,-3.977509,8.439652
251,0.200000,5.465320,-5.030984,9.315809
251,0.250000,5.191016,-5.911823,10.237633

252,0.000000,6.000000,0.117293,0.117293
252,0.050000,5.968897,-1.346410,2.847334
252,0.100000,5.867151,-2.703016,3.836244
252,0.150000,5.700880,-3.923085,5.040506
252,0.200000,5.477493,-4.984646,6.277677
252,0.250000,5.205294,-5.874001,7.469347

253,0.000000,6.000000,0.189474,0.189474
253,0.050000,5.972401,-1.278705,1.847835
253,0.100000,5.873895,-2.641343,3.110417
253,0.150000,5.710531,-3.868670,4.472475
253,0.200000,5.489665,-4.938328,5.802578
253,0.250000,5.219570,-5.836215,7.053783

254,0.000000,6.000000,0.261654,0.261654
254,0.050000,5.975906,-1.211001,1.447748
254,0.100000,5.880640,-2.579673,2.852385
254,0.150000,5.720181,-3.814264,4.270820
254,0.200000,5.501836,-4.892030,5.632031
254,0.250000,5.233843,-5.798465,6.903933

255,0.000000,6.000000,0.333835,0.333835
255,0.050000,5.979410,-1.143297,1.246939
255,0.100000,5.887384,-2.518006,2.722564
255,0.150000,5.729831,-3.759868,4.162455
255,0.200000,5.514006,-4.845753,5.536731
255,0.250000,5.248114,-5.760751,6.818786

256,0.000000,6.000000,0.406015,0.406015
256,0.050000,5.982914,-1.075593,1.125724
256,0.100000,5.894128,-2.456343,2.636237
256,0.150000,5.739481,-3.705481,4.084622
256,0.200000,5.526174,-4.799497,5.465753
256,0.250000,5.262382,-5.723072,6.754446

257,0.000000,6.000000,0.478195,0.478195
257,0.050000,5.986418,-1.007890,1.037246
257,0.100000,5.900872,-2.394682,2.566034
257,0.150000,5.749131,-3.651104,4.017878
257,0.200000,5.538342,-4.753261,5.403560
257,0.250000,5.276647,-5.685430,6.697623

258,0.000000,6.000000,0.550376,0.550376
258,0.050000,5.989922,-0.940187,0.961410
258,0.100000,5.907616,-2.333024,2.502392
258,0.150000,5.758780,-3.596736,3.955569
258,0.200000,5.550508,-4.707045,5.344879
258,0.250000,5.290910,-5.647823,6.643823

259,0.000000,6.000000,0.622556,0.622556
259,0.050000,5.993426,-0.872485,0.889814
259,0.100000,5.914360,-2.271370,2.442304
259,0.150000,5.768429,-3.542378,3.895605
259,0.200000,5.562674,-4.660850,5.288051
259,0.250000,5.305171,-5.610252,6.591632

260,0.000000,6.000000,0.694737,0.694737
260,0.050000,5.996930,-0.804783,0.819383
260,0.100000,5.921104,-2.209718,2.385421
260,0.150000,5.778077,-3.488029,3.837691
260,0.200000,5.574838,-4.614675,5.232828
260,0.250000,5.319429,-5.572716,6.540832

261,0.000000,6.000000,0.766917,0.766917

262,0.000000,6.000000,0.839098,0.839098

263,0.000000,6.000000,0.911278,0.911278

264,0.000000,6.000000,0.983459,0.983459

265,0.000000,6.000000,1.055639,1.055639

266,0.000000,6.000000,1.127820,1.127820

267,0.000000,6.000000,1.200000,1.200000

268,0.000000,6.000000,1.272180,1.272180

269,0.000000,6.000000,1.344361,1.344361

270,0.000000,6.000000,1.416541,1.416541

271,0.000000,6.000000,1.488722,1.488722

272,0.000000,6.000000,1.560902,1.560902

273,0.000000,6.000000,1.633083,1.633083

274,0.000000,6.000000,1.705263,1.705263

275,0.000000,6.000000,1.777444,1.777444

276,0.000000,6.000000,1.849624,1.849624

277,0.000000,6.000000,1.921805,1.921805

278,0.000000,6.000000,1.993985,1.993985

279,0.000000,6.000000,2.066165,2.066165

280,0.000000,6.000000,2.138346,2.138346

281,0.000000,6.000000,2.210526,2.210526

282,0.000000,6.000000,2.282707,2.282707

283,0.000000,6.000000,2.354887,2.354887

284,0.000000,6.000000,2.427068,2.427068

285,0.000000,6.000000,2.499248,2.499248

286,0.000000,6.000000,2.571429,2.571429

287,0.000000,6.000000,2.643609,2.643609

288,0.000000,6.000000,2.715789,2.715789

289,0.000000,6.000000,2.787970,2.787970

290,0.000000,6.000000,2.860150,2.860150

291,0.000000,6.000000,2.932331,2.932331

292,0.000000,6.000000,3.004511,3.004511

293,0.000000,6.000000,3.076692,3.076692

294,0.000000,6.000000,3.148872,3.148872

295,0.000000,6.000000,3.221053,3.221053

296,0.000000,6.000000,3.293233,3.293233

297,0.000000,6.000000,3.365414,3.365414

298,0.000000,6.000000,3.437594,3.437594

299,0.000000,6.000000,3.509774,3.509774

300,0.000000,6.000000,3.581955,3.581955

301,0.000000,6.000000,3.654135,3.654135

302,0.000000,6.000000,3.726316,3.726316

303,0.000000,6.000000,3.798496,3.798496

304,0.000000,6.000000,3.870677,3.870677

305,0.000000,6.000000,3.942857,3.942857

306,0.000000,6.000000,4.015038,4.015038

307,0.000000,6.000000,4.087218,4.087218

308,0.000000,6.000000,4.159398,4.159398

309,0.000000,6.000000,4.231579,4.231579

310,0.000000,6.000000,4.303759,4.303759

311,0.000000,6.000000,4.375940,4.375940

312,0.000000,6.000000,4.448120,4.448120

313,0.000000,6.000000,4.520301,4.520301

314,0.000000,6.000000,4.592481,4.592481

315,0.000000,6.000000,4.664662,4.664662

316,0.000000,6.000000,4.736842,4.736842

317,0.000000,6.000000,4.809023,4.809023

318,0.000000,6.000000,4.881203,4.881203

319,0.000000,6.000000,4.953383,4.953383

320,0.000000,6.000000,5.025564,5.025564

321,0.000000,6.000000,5.097744,5.097744

322,0.000000,6.000000,5.169925,5.169925

323,0.000000,6.000000,5.242105,5.242105

324,0.000000,6.000000,5.314286,5.314286

325,0.000000,6.000000,5.386466,5.386466

326,0.000000,6.000000,5.458647,5.458647

327,0.000000,6.000000,5.530827,5.530827

328,0.000000,6.000000,5.603008,5.603008

329,0.000000,6.000000,5.675188,5.675188

330,0.000000,6.000000,5.747368,5.747368

331,0.000000,6.000000,5.819549,5.819549

332,0.000000,6.000000,5.891729,5.891729

333,0.000000,6.000000,5.963910,5.963910

334,0.000000,5.963910,6.000000,6.000000

335,0.000000,5.891729,6.000000,6.000000

336,0.000000,5.819549,6.000000,6.000000

337,0.000000,5.747368,6.000000,6.000000

338,0.000000,5.675188,6.000000,6.000000
338,0.050000,5.933985,4.342832,4.342514

339,0.000000,5.603008,6.000000,6.000000
339,0.050000,5.862732,4.379819,4.379533

340,0.000000,5.530827,6.000000,6.000000
340,0.050000,5.791465,4.416305,4.416048
340,0.100000,5.971854,2.796538,2.795271

341,0.000000,5.458647,6.000000,6.000000
341,0.050000,5.720186,4.452289,4.452058
341,0.100000,5.903252,2.867359,2.866250

342,0.000000,5.386466,6.000000,6.000000
342,0.050000,5.648894,4.487771,4.487564
342,0.100000,5.834602,2.937239,2.936269
342,0.150000,5.942612,1.386346,1.381262
342,0.200000,5.973890,-0.125498,0.155086
342,0.250000,5.931351,-1.560278,2.996084
342,0.300000,5.819720,-2.883981,4.020313
342,0.350000,5.645278,-4.068698,5.220352
342,0.400000,5.415516,-5.094047,6.438837
342,0.450000,5.138742,-5.947836,7.606296

343,0.000000,5.314286,6.000000,6.000000
343,0.050000,5.577589,4.522751,4.522566
343,0.100000,5.765902,3.006176,3.005328
343,0.150000,5.878160,1.486799,1.482501
343,0.200000,5.915173,0.002744,0.136943
343,0.250000,5.879644,-1.409006,2.760441
343,0.300000,5.776039,-2.715139,3.759366
343,0.350000,5.610358,-3.888073,4.943747
343,0.400000,5.389801,-4.907380,6.149731
343,0.450000,5.122399,-5.760488,7.307294

344,0.000000,5.242105,6.000000,6.000000
344,0.050000,5.506272,4.557229,4.557064
344,0.100000,5.697154,3.074171,3.073429
344,0.150000,5.813603,1.585959,1.582337
344,0.200000,5.856280,0.129458,0.182058
344,0.250000,5.827680,-1.259373,1.864458
344,0.300000,5.732020,-2.547925,3.041630
344,0.350000,5.575021,-3.708958,4.322729
344,0.400000,5.363599,-4.722020,5.579551
344,0.450000,5.105509,-5.574186,6.765717

345,0.000000,5.169925,6.000000,6.000000
345,0.050000,5.434942,4.591206,4.591057
345,0.100000,5.628356,3.141223,3.140574
345,0.150000,5.748940,1.683826,1.680779
345,0.200000,5.797210,0.254642,0.268664
345,0.250000,5.775460,-1.111385,1.281313
345,0.300000,5.687662,-2.382349,2.609670
345,0.350000,5.539265,-3.531366,3.935760
345,0.400000,5.336907,-4.537982,5.208170
345,0.450000,5.088069,-5.388948,6.399759

346,0.000000,5.097744,6.000000,6.000000
346,0.050000,5.363599,4.624680,4.624547
346,0.100000,5.559509,3.207331,3.206763
346,0.150000,5.684171,1.780398,1.777834
346,0.200000,5.737964,0.378289,0.376441
346,0.250000,5.722983,-0.965050,1.005809
346,0.300000,5.642964,-2.218423,2.379465
346,0.350000,5.503089,-3.355311,3.696669
346,0.400000,5.309722,-4.355283,4.956644
346,0.450000,5.070077,-5.204792,6.137124
346,0.500000,4.791866,-5.897356,7.223686

347,0.000000,5.025564,6.000000,6.000000
347,0.050000,5.292243,4.657652,4.657533
347,0.100000,5.490613,3.272494,3.271997
347,0.150000,5.619297,1.875672,1.873515
347,0.200000,5.678540,0.500397,0.493123
347,0.250000,5.670249,-0.820376,0.833980
347,0.300000,5.597924,-2.056157,2.205231
347,0.350000,5.466491,-3.180809,3.496839
347,0.400000,5.282043,-4.173941,4.736544
347,0.450000,5.051527,-5.021737,5.901444
347,0.500000,4.782415,-5.717186,6.976592

348,0.000000,4.953383,6.000000,6.000000
348,0.050000,5.220875,4.690122,4.690015
348,0.100000,5.421667,3.336712,3.336277
348,0.150000,5.554317,1.969645,1.967830
348,0.200000,5.618939,0.620960,0.612638
348,0.250000,5.617256,-0.677370,0.681807
348,0.300000,5.552542,-1.895564,2.049183
348,0.350000,5.429470,-3.007873,3.309576
348,0.400000,5.253866,-3.993972,4.526596
348,0.450000,5.032418,-4.839801,5.674547
348,0.500000,4.772356,-5.537849,6.737386

349,0.000000,4.881203,6.000000,6.000000
349,0.050000,5.149494,4.722089,4.721994
349,0.100000,5.352672,3.399983,3.399603
349,0.150000,5.489231,2.062317,2.060788
349,0.200000,5.559160,0.739974,0.732255
349,0.250000,5.564004,-0.536040,0.533134
349,0.300000,5.506817,-1.736653,1.916231
349,0.350000,5.392023,-2.836519,3.137332
349,0.400000,5.225189,-3.815394,4.328422
349,0.450000,5.012745,-4.659004,5.457662
349,0.500000,4.761683,-5.359364,6.507073
349,0.550000,4.479234,-5.914608,7.466682

350,0.000000,4.809023,6.000000,6.000000
350,0.050000,5.078100,4.753554,4.753469
350,0.100000,5.283628,3.462308,3.461976
350,0.150000,5.424040,2.153684,2.152395
350,0.200000,5.499204,0.857434,0.850819
350,0.250000,5.510493,-0.396394,0.385527
350,0.300000,5.460748,-1.579437,1.837567
350,0.350000,5.354150,-2.666761,2.999076
350,0.400000,5.196009,-3.638225,4.156015
350,0.450000,4.992506,-4.479363,5.262178
350,0.500000,4.750392,-5.181749,6.295493
350,0.550000,4.476692,-5.742881,7.244099

351,0.000000,4.736842,6.000000,6.000000
351,0.050000,5.006693,4.784516,4.784440
351,0.100000,5.214535,3.523685,3.523395
351,0.150000,5.358742,2.243745,2.242656
351,0.200000,5.439069,0.973336,0.967865
351,0.250000,5.456722,-0.258440,0.241072
351,0.300000,5.414333,-1.423926,1.924363
351,0.350000,5.315848,-2.498613,2.968378
351,0.400000,5.166325,-3.462482,4.064701
351,0.450000,4.971697,-4.300898,5.133419
351,0.500000,4.738480,-5.005024,6.141899
351,0.550000,4.473490,-5.571750,7.073807

352,0.000000,4.664662,6.000000,6.000000
352,0.050000,4.935274,4.814975,4.814908
352,0.100000,5.145392,3.584115,3.583860
352,0.150000,5.293338,2.332498,2.331577
352,0.200000,5.378756,1.087675,1.083226
352,0.250000,5.402690,-0.122185,0.132716
352,0.300000,5.367573,-1.270133,2.345392
352,0.350000,5.277115,-2.332092,3.188836
352,0.400000,5.136134,-3.288183,4.170115
352,0.450000,4.950314,-4.123630,5.168402
352,0.500000,4.725941,-4.829209,6.131100
352,0.550000,4.469625,-5.401232,7.032394
352,0.600000,4.188025,-5.841158,7.859662

353,0.000000,4.592481,6.000000,6.000000
353,0.050000,4.863842,4.844932,4.844872
353,0.100000,5.076200,3.643595,3.643372
353,0.150000,5.227828,2.419940,2.419160
353,0.200000,5.318264,1.200447,1.196855
353,0.250000,5.348398,0.012363,0.110181
353,0.300000,5.320464,-1.118068,2.166171
353,0.350000,5.237950,-2.167212,2.974802
353,0.400000,5.105432,-3.115346,3.935873
353,0.450000,4.928353,-3.947579,4.919873
353,0.500000,4.712772,-4.654324,5.872132
353,0.550000,4.465089,-5.231346,6.766116
353,0.600000,4.191791,-5.679420,7.588691

354,0.000000,4.520301,6.000000,6.000000
354,0.050000,4.792397,4.874386,4.874332
354,0.100000,5.006959,3.702126,3.701931
354,0.150000,5.162211,2.506069,2.505408
354,0.200000,5.257593,1.311647,1.308753
354,0.250000,5.293844,0.145197,0.171139
354,0.300000,5.273008,-0.967744,1.275379
354,0.350000,5.198352,-2.003989,2.286008
354,0.400000,5.074218,-2.943990,3.348509
354,0.450000,4.905813,-3.772764,4.385368
354,0.500000,4.698967,-4.480391,5.367784
354,0.550000,4.459877,-5.062111,6.280620
354,0.600000,4.194857,-5.518046,7.116068
354,0.650000,3.910100,-5.852625,7.871532

355,0.000000,4.448120,6.000000,6.000000
355,0.050000,4.720939,4.903337,4.903289
355,0.100000,4.937668,3.759707,3.759536
355,0.150000,5.096489,2.590883,2.590322
355,0.200000,5.196743,1.421271,1.418939
355,0.250000,5.239028,0.276307,0.276946
355,0.300000,5.225202,-0.819172,0.869797
355,0.350000,5.158318,-1.842437,1.981672
355,0.400000,5.042489,-2.774134,3.061304
355,0.450000,4.882687,-3.599206,4.100217
355,0.500000,4.684521,-4.307430,5.080781
355,0.550000,4.453985,-4.893548,5.991330
355,0.600000,4.197215,-5.357051,6.825237
355,0.650000,3.920266,-5.701662,7.580192
355,0.700000,3.628913,-5.934626,8.257448

356,0.000000,4.375940,6.000000,6.000000
356,0.050000,4.649469,4.931785,4.931742
356,0.100000,4.868328,3.816337,3.816188
356,0.150000,5.030659,2.674381,2.673903
356,0.200000,5.135714,1.529314,1.527430
356,0.250000,5.183949,0.405687,0.399424
356,0.300000,5.177045,-0.672363,0.683502
356,0.350000,5.117847,-1.682573,1.804226
356,0.400000,5.010242,-2.605796,2.864091
356,0.450000,4.858975,-3.426927,3.887008
356,0.500000,4.669431,-4.135463,4.855271
356,0.550000,4.447406,-4.725677,5.756898
356,0.600000,4.198859,-5.196453,6.584820
356,0.650000,3.929704,-5.550830,7.336206
356,0.700000,3.645611,-5.795341,8.011757
356,0.750000,3.351850,-5.939237,8.614944
356,0.800000,3.053180,-5.993678,9.151215
356,0.850000,2.753769,-5.970952,9.627249
356,0.900000,2.457159,-5.883780,10.050293
356,0.950000,2.166255,-5.744738,10.427627
356,1.000000,1.883350,-5.565803,10.766163
356,1.050000,1.610155,-5.358031,11.072186
356,1.100000,1.347861,-5.131353,11.351213
356,1.150000,1.097189,-4.894474,11.607954
356,1.200000,0.858458,-4.654849,11.846348
356,1.250000,0.631645,-4.418729,12.069643
356,1.300000,0.416441,-4.191245,12.280506
356,1.350000,0.212307,-3.976524,12.481142
356,1.400000,0.018521,-3.777822,12.673400
356,1.450000,-0.165784,-3.597654,12.858884
356,1.500000,-0.341585,-3.437934,13.039034
356,1.550000,-0.509942,-3.300101,13.215202
356,1.600000,-0.671978,-3.185237,13.388713
356,1.650000,-0.828863,-3.094180,13.560911
356,1.700000,-0.981804,-3.027623,13.733202
356,1.750000,-1.132044,-2.986205,13.907091
356,1.800000,-1.280854,-2.970597,14.084221
356,1.850000,-1.429546,-2.981577,14.266407
356,1.900000,-1.579471,-3.020117,14.455684
356,1.950000,-1.732037,-3.087452,14.654357
356,2.000000,-1.888722,-3.185168,14.865069
356,2.050000,-2.051093,-3.315295,15.090880
356,2.100000,-2.220834,-3.480409,15.335375
356,2.150000,-2.399770,-3.683758,15.602798
356,2.200000,-2.589913,-3.929413,15.898224
356,2.250000,-2.793500,-4.222460,16.227784
356,2.300000,-3.013053,-4.569231,16.598958
356,2.350000,-3.251448,-4.977618,17.020955
356,2.400000,-3.512003,-5.457461,17.505213

357,0.000000,4.303759,6.000000,6.000000
357,0.050000,4.577986,4.959730,4.959692
357,0.100000,4.798939,3.872016,3.871885
357,0.150000,4.964724,2.756559,2.756152
357,0.200000,5.074505,1.635771,1.634245
357,0.250000,5.128607,0.533328,0.526275
357,0.300000,5.128537,-0.527330,0.529173
357,0.350000,5.076938,-1.524412,1.653527
357,0.400000,4.977475,-2.438995,2.685067
357,0.450000,4.834670,-3.255948,3.688267
357,0.500000,4.653692,-3.964511,4.642138
357,0.550000,4.440133,-4.558518,5.533499
357,0.600000,4.199782,-5.036271,6.354512
357,0.650000,3.938408,-5.400143,7.101675
357,0.700000,3.661572,-5.655973,7.775063
357,0.750000,3.374471,-5.812334,8.377566
357,0.800000,3.081823,-5.879757,8.914117
357,0.850000,2.787783,-5.869981,9.390960
357,0.900000,2.495908,-5.795268,9.814998
357,0.950000,2.209135,-5.667831,10.193256
357,1.000000,1.929808,-5.499380,10.532474
357,1.050000,1.659699,-5.300787,10.838831
357,1.100000,1.400067,-5.081875,11.117794
357,1.150000,1.151705,-4.851296,11.374059
357,1.200000,0.915007,-4.616502,11.611573
357,1.250000,0.690020,-4.383773,11.833603
357,1.300000,0.476508,-4.158290,12.042836
357,1.350000,0.274000,-3.944242,12.241490
357,1.400000,0.081838,-3.744947,12.431419
357,1.450000,-0.100784,-3.562982,12.614218
357,1.500000,-0.274782,-3.400309,12.791302
357,1.550000,-0.441161,-3.258402,12.963987
357,1.600000,-0.600987,-3.138363,13.133543
357,1.650000,-0.755375,-3.041028,13.301245
357,1.700000,-0.905479,-2.967061,13.468412
357,1.750000,-1.052481,-2.917050,13.636444
357,1.800000,-1.197593,-2.891580,13.806853
357,1.850000,-1.342058,-2.891316,13.981302
357,1.900000,-1.487157,-2.917071,14.161636
357,1.950000,-1.634216,-2.969879,14.349934
357,2.000000,-1.784618,-3.051073,14.548560
357,2.050000,-1.939824,-3.162362,14.760233
357,2.100000,-2.101391,-3.305926,14.988114
357,2.150000,-2.271000,-3.484521,15.235919
357,2.200000,-2.450484,-3.701605,15.508060
357,2.250000,-2.641872,-3.961499,15.809832
357,2.300000,-2.847436,-4.269585,16.147646
357,2.350000,-3.069744,-4.632553,16.529347
357,2.400000,-3.311742,-5.058723,16.964614
357,2.450000,-3.576840,-5.558470,17.465491

358,0.000000,4.231579,6.000000,6.000000
358,0.050000,4.506490,4.987171,4.987137
358,0.100000,4.729500,3.926742,3.926627
358,0.150000,4.898681,2.837416,2.837069
358,0.200000,5.013117,1.740638,1.739398
358,0.250000,5.073002,0.659223,0.653094
358,0.300000,5.079676,-0.384084,0.378267
358,0.350000,5.035587,-1.367971,1.540289
358,0.400000,4.944185,-2.273751,2.529739
358,0.450000,4.809771,-3.086289,3.507691
358,0.500000,4.637298,-3.794598,4.444203
358,0.550000,4.432163,-4.392094,5.323455
358,0.600000,4.199978,-4.876522,6.136318
358,0.650000,3.946370,-5.249615,6.878392
358,0.700000,3.676789,-5.516532,7.549010
358,0.750000,3.396357,-5.685179,8.150415
358,0.800000,3.109746,-5.765465,8.686980
358,0.850000,2.821098,-5.768582,9.164485
358,0.900000,2.533978,-5.706332,9.589463
358,0.950000,2.251357,-5.590561,9.968662
358,1.000000,1.975623,-5.432705,10.308631
358,1.050000,1.708609,-5.243446,10.615429
358,1.100000,1.451639,-5.032490,10.894460
358,1.150000,1.205578,-4.808433,11.150398
358,1.200000,0.970890,-4.578719,11.387192
358,1.250000,0.747695,-4.349652,11.608125
358,1.300000,0.535826,-4.126462,11.815904
358,1.350000,0.334879,-3.913398,12.012761
358,1.400000,0.144260,-3.713844,12.200557
358,1.450000,-0.036775,-3.530437,12.380880
358,1.500000,-0.209086,-3.365195,12.555130
358,1.550000,-0.373622,-3.219632,12.724590
358,1.600000,-0.531396,-3.094875,12.890482
358,1.650000,-0.683470,-2.991765,13.054022
358,1.700000,-0.830944,-2.910953,13.216451
358,1.750000,-0.974946,-2.852984,13.379075
358,1.800000,-1.116632,-2.818378,13.543293
358,1.850000,-1.257183,-2.807700,13.710629
358,1.900000,-1.397812,-2.821631,13.882765
358,1.950000,-1.539770,-2.861031,14.061577
358,2.000000,-1.684357,-2.927014,14.249188
358,2.050000,-1.832938,-3.021012,14.448020
358,2.100000,-1.986955,-3.144861,14.660866
358,2.150000,-2.147959,-3.300890,14.890989
358,2.200000,-2.317629,-3.492032,15.142234
358,2.250000,-2.497808,-3.721951,15.419180
358,2.300000,-2.690545,-3.995213,15.727337
358,2.350000,-2.898144,-4.317487,16.073399
358,2.400000,-3.123226,-4.695809,16.465570
358,2.450000,-3.368803,-5.138924,16.913995
358,2.500000,-3.638377,-5.657725,17.431322

359,0.000000,4.159398,6.000000,6.000000
359,0.050000,4.434982,5.014109,5.014079
359,0.100000,4.660012,3.980515,3.980415
359,0.150000,4.832532,2.916949,2.916653
359,0.200000,4.951548,1.843911,1.842899
359,0.250000,5.017132,0.783363,0.778445
359,0.300000,5.030462,-0.242638,0.228125
359,0.350000,4.993794,-1.213265,1.556986
359,0.400000,4.910369,-2.110083,2.456665
359,0.450000,4.784272,-2.917975,3.388813
359,0.500000,4.620245,-3.625747,4.296935
359,0.550000,4.423487,-4.226426,5.157371
359,0.600000,4.199439,-4.717227,5.957690
359,0.650000,3.953581,-5.099261,6.691673
359,0.700000,3.691254,-5.377026,7.357428
359,0.750000,3.417498,-5.557772,7.956271
359,0.800000,3.136940,-5.650796,8.491845
359,0.850000,2.853704,-5.666742,8.969343
359,0.900000,2.571362,-5.616951,9.394844
359,0.950000,2.292914,-5.512899,9.774755
359,1.000000,2.020791,-5.365740,10.115383
359,1.050000,1.756883,-5.185962,10.422629
359,1.100000,1.502578,-4.983145,10.701803
359,1.150000,1.258810,-4.765826,10.957533
359,1.200000,1.026113,-4.541432,11.193755
359,1.250000,0.804678,-4.316291,11.413758
359,1.300000,0.594407,-4.095677,11.620261
359,1.350000,0.394963,-3.883900,11.815508
359,1.400000,0.205812,-3.684408,12.001366
359,1.450000,0.026272,-3.499903,12.179420
359,1.500000,-0.144463,-3.332458,12.351057
359,1.550000,-0.307285,-3.183637,12.517530
359,1.600000,-0.463156,-3.054595,12.680025
359,1.650000,-0.613088,-2.946189,12.839701
359,1.700000,-0.758129,-2.859062,12.997734
359,1.750000,-0.899357,-2.793731,13.155344
359,1.800000,-1.037873,-2.750663,13.313831
359,1.850000,-1.174802,-2.730342,13.474595
359,1.900000,-1.311296,-2.733336,13.639173
359,1.950000,-1.448536,-2.760357,13.809265
359,2.000000,-1.587747,-2.812328,13.986780
359,2.050000,-1.730204,-2.890444,14.173880
359,2.100000,-1.877252,-2.996243,14.373041
359,2.150000,-2.030322,-3.131687,14.587131
359,2.200000,-2.190955,-3.299251,14.819508
359,2.250000,-2.360833,-3.502038,15.074141
359,2.300000,-2.541810,-3.743916,15.355771
359,2.350000,-2.735955,-4.029684,15.670120
359,2.400000,-2.945607,-4.365289,16.024150
359,2.450000,-3.173436,-4.758105,16.426416
359,2.500000,-3.422521,-5.217284,16.887517
359,2.550000,-3.696457,-5.754226,17.420686

360,0.000000,4.087218,6.000000,6.000000
360,0.050000,4.363460,5.040544,5.040517
360,0.100000,4.590474,4.033335,4.033247
360,0.150000,4.766276,2.995157,2.994903
360,0.200000,4.889799,1.945583,1.944754
360,0.250000,4.960997,0.905740,0.901904
360,0.300000,4.980893,-0.103003,0.110602
360,0.350000,4.951557,-1.060310,1.959415
360,0.400000,4.876026,-1.948012,2.664074
360,0.450000,4.758171,-2.751025,3.487386
360,0.500000,4.602529,-3.457980,4.329757
360,0.550000,4.414101,-4.061537,5.147800
360,0.600000,4.198157,-4.558405,5.919913
360,0.650000,3.960034,-4.949096,6.635032
360,0.700000,3.704956,-5.237465,7.288363
360,0.750000,3.437885,-5.430118,7.879298
360,0.800000,3.163397,-5.535745,8.410106
360,0.850000,2.885594,-5.564447,8.884970
360,0.900000,2.608054,-5.527103,9.309208
360,0.950000,2.333800,-5.434814,9.688665
360,1.000000,2.065307,-5.298448,10.029238
360,1.050000,1.804518,-5.128290,10.336545
360,1.100000,1.552883,-4.933789,10.615703
360,1.150000,1.311403,-4.723415,10.871223
360,1.200000,1.080682,-4.504576,11.106972
360,1.250000,0.860980,-4.283616,11.326205
360,1.300000,0.652266,-4.065854,11.531625
360,1.350000,0.454268,-3.855656,11.725471
360,1.400000,0.266516,-3.656537,11.909606
360,1.450000,0.088383,-3.471264,12.085609
360,1.500000,-0.080877,-3.301971,12.254848
360,1.550000,-0.242107,-3.150270,12.418554
360,1.600000,-0.396217,-3.017356,12.577877
360,1.650000,-0.544170,-2.904104,12.733930
360,1.700000,-0.686966,-2.811161,12.887827
360,1.750000,-0.825633,-2.739027,13.040715
360,1.800000,-0.961222,-2.688126,13.193803
360,1.850000,-1.094806,-2.658876,13.348384
360,1.900000,-1.227479,-2.651752,13.505863
360,1.950000,-1.360360,-2.667341,13.667783
360,2.000000,-1.494603,-2.706400,13.835865
360,2.050000,-1.631407,-2.769920,14.012039
360,2.100000,-1.772024,-2.859181,14.198501
360,2.150000,-1.917781,-2.975827,14.397775
360,2.200000,-2.070097,-3.121943,14.612792
360,2.250000,-2.230509,-3.300147,14.846992
360,2.300000,-2.400700,-3.513708,15.104454
360,2.350000,-2.582536,-3.766684,15.390063
360,2.400000,-2.778108,-4.064100,15.709727
360,2.450000,-2.989789,-4.412172,16.070655
360,2.500000,-3.220296,-4.818592,16.481719
360,2.550000,-3.472777,-5.292910,16.953930
360,2.600000,-3.750913,-5.847011,17.501063

361,0.000000,4.015038,6.000000,6.000000
361,0.050000,4.291926,5.066476,5.066452
361,0.100000,4.520887,4.085200,4.085123
361,0.150000,4.699913,3.072037,3.071820
361,0.200000,4.827869,2.045652,2.044971
361,0.250000,4.904597,1.026347,1.023381
361,0.300000,4.930968,0.034808,0.097984
361,0.350000,4.908873,-0.909122,1.645663
361,0.400000,4.841151,-1.787556,2.354144
361,0.450000,4.731464,-2.585465,3.182906
361,0.500000,4.584143,-3.291322,4.027328
361,0.550000,4.403998,-3.897450,4.845807
361,0.600000,4.196127,-4.400078,5.618120
361,0.650000,3.965720,-4.799137,6.333853
361,0.700000,3.717889,-5.097859,6.988392
361,0.750000,3.457510,-5.302219,7.581061
361,0.800000,3.189107,-5.420308,8.113948
361,0.850000,2.916759,-5.461685,8.591015
361,0.900000,2.644044,-5.436767,9.017377
361,0.950000,2.374009,-5.356277,9.398713
361,1.000000,2.109166,-5.230792,9.740806
361,1.050000,1.851511,-5.070385,10.049203
361,1.100000,1.602554,-4.884371,10.328998
361,1.150000,1.363361,-4.681143,10.584704
361,1.200000,1.134603,-4.468085,10.820215
361,1.250000,0.916609,-4.251555,11.038819
361,1.300000,0.709415,-4.036911,11.243256
361,1.350000,0.512812,-3.828577,11.435796
361,1.400000,0.326392,-3.630132,11.618323
361,1.450000,0.149587,-3.444410,11.792427
361,1.500000,-0.018298,-3.273607,11.959475
361,1.550000,-0.178050,-3.119390,12.120684
361,1.600000,-0.330534,-2.982994,12.277175
361,1.650000,-0.476662,-2.865324,12.430023
361,1.700000,-0.617389,-2.767036,12.580289
361,1.750000,-0.753697,-2.688620,12.729056
361,1.800000,-0.886589,-2.630473,12.877455
361,1.850000,-1.017088,-2.592959,13.026684
361,1.900000,-1.146235,-2.576475,13.178036
361,1.950000,-1.275093,-2.581501,13.332922
361,2.000000,-1.404753,-2.608656,13.492901
361,2.050000,-1.536341,-2.658753,13.659712
361,2.100000,-1.671028,-2.732851,13.835318
361,2.150000,-1.810048,-2.832319,14.021958
361,2.200000,-1.954712,-2.958905,14.222214
361,2.250000,-2.106427,-3.114810,14.439092
361,2.300000,-2.266726,-3.302792,14.676131
361,2.350000,-2.437297,-3.526277,14.937542
361,2.400000,-2.620015,-3.789503,15.228375
361,2.450000,-2.816996,-4.097711,15.554753
361,2.500000,-3.030642,-4.457369,15.924161
361,2.550000,-3.263721,-4.876477,16.345824
361,2.600000,-3.519444,-5.364957,16.831207
361,2.650000,-3.801576,-5.935161,17.394665

362,0.000000,3.942857,6.000000,6.000000
362,0.050000,4.220380,5.091903,5.091882
362,0.100000,4.451250,4.136111,4.136043
362,0.150000,4.633443,3.147587,3.147401
362,0.200000,4.765758,2.144111,2.143549
362,0.250000,4.847930,1.145174,1.142882
362,0.300000,4.880686,0.170783,0.179893
362,0.350000,4.865742,-0.759719,0.881536
362,0.400000,4.805742,-1.628736,1.786678
362,0.450000,4.704147,-2.421315,2.699275
362,0.500000,4.565083,-3.125797,3.585063
362,0.550000,4.393173,-3.734190,4.426610
362,0.600000,4.193340,-4.242266,5.213332
362,0.650000,3.970632,-4.649402,5.939101
362,0.700000,3.730042,-4.958221,6.601325
362,0.750000,3.476362,-5.174080,7.200286
362,0.800000,3.214060,-5.304480,7.738501
362,0.850000,2.947189,-5.358444,8.220108
362,0.900000,2.679325,-5.345924,8.650279
362,0.950000,2.413533,-5.277261,9.034709
362,1.000000,2.152363,-5.162735,9.379193
362,1.050000,1.897859,-5.012203,9.689306
362,1.100000,1.651589,-4.834838,9.970184
362,1.150000,1.414684,-4.638950,10.226398
362,1.200000,1.187880,-4.431894,10.461907
362,1.250000,0.971574,-4.220036,10.680063
362,1.300000,0.765866,-4.008770,10.883667
362,1.350000,0.570612,-3.802575,11.075037
362,1.400000,0.385463,-3.605095,11.256095
362,1.450000,0.209908,-3.419232,11.428452
362,1.500000,0.043308,-3.247245,11.593483
362,1.550000,-0.115077,-3.090859,11.752398
362,1.600000,-0.266059,-2.951356,11.906298
362,1.650000,-0.410509,-2.829672,12.056224
362,1.700000,-0.549335,-2.726481,12.203194
362,1.750000,-0.683474,-2.642274,12.348234
362,1.800000,-0.813885,-2.577428,12.492403
362,1.850000,-0.941544,-2.532267,12.636819
362,1.900000,-1.067445,-2.507124,12.782675
362,1.950000,-1.192597,-2.502389,12.931266
362,2.000000,-1.318032,-2.518564,13.084012
362,2.050000,-1.444812,-2.556309,13.242487
362,2.100000,-1.574037,-2.616494,13.408453
362,2.150000,-1.706854,-2.700251,13.583908
362,2.200000,-1.844478,-2.809035,13.771136
362,2.250000,-1.988205,-2.944694,13.972779
362,2.300000,-2.139433,-3.109543,14.191925
362,2.350000,-2.299693,-3.306469,14.432218
362,2.400000,-2.470674,-3.539045,14.698002
362,2.450000,-2.654264,-3.811683,14.994502
362,2.500000,-2.852599,-4.129822,15.328061
362,2.550000,-3.068115,-4.500170,15.706445
362,2.600000,-3.303622,-4.931014,16.139237
362,2.650000,-3.562393,-5.432629,16.638357

363,0.000000,3.870677,6.000000,6.000000
363,0.050000,4.148820,5.116827,5.116809
363,0.100000,4.381564,4.186066,4.186006
363,0.150000,4.566866,3.221805,3.221645
363,0.200000,4.703467,2.240958,2.240492
363,0.250000,4.790997,1.262215,1.260436
363,0.300000,4.830047,0.304910,0.300525
363,0.350000,4.822162,-0.612116,0.626704
363,0.400000,4.769797,-1.471573,1.576187
363,0.450000,4.676215,-2.258600,2.483316
363,0.500000,4.545345,-2.961430,3.361094
363,0.550000,4.381618,-3.571780,4.195611
363,0.600000,4.189790,-4.084992,4.977123
363,0.650000,3.974760,-4.499908,5.699587
363,0.700000,3.741406,-4.818562,6.360197
363,0.750000,3.494432,-5.045707,6.958891
363,0.800000,3.238248,-5.188260,7.497811
363,0.850000,2.976876,-5.254714,7.980730
363,0.900000,2.713887,-5.254553,8.412506
363,0.950000,2.452365,-5.197737,8.798576
363,1.000000,2.194892,-5.094242,9.144548
363,1.050000,1.943558,-4.953702,9.455867
363,1.100000,1.699988,-4.785141,9.737596
363,1.150000,1.465374,-4.596780,9.994275
363,1.200000,1.240518,-4.395939,10.229859
363,1.250000,1.025881,-4.188987,10.447719
363,1.300000,0.821630,-3.981352,10.650680
363,1.350000,0.627681,-3.777564,10.841086
363,1.400000,0.443747,-3.581332,11.020882
363,1.450000,0.269372,-3.395624,11.191694
363,1.500000,0.103970,-3.222767,11.354900
363,1.550000,-0.053149,-3.064545,11.511704
363,1.600000,-0.202751,-2.922290,11.663191
363,1.650000,-0.345660,-2.796976,11.810373
363,1.700000,-0.482742,-2.689301,11.954228
363,1.750000,-0.614893,-2.599764,12.095733
363,1.800000,-0.743027,-2.528730,12.235885
363,1.850000,-0.868079,-2.476496,12.375728
363,1.900000,-0.990994,-2.443342,12.516366
363,1.950000,-1.112736,-2.429585,12.658991
363,2.000000,-1.234283,-2.435628,12.804896
363,2.050000,-1.356637,-2.462000,12.955508
363,2.100000,-1.480833,-2.509408,13.112411
363,2.150000,-1.607944,-2.578782,13.277385
363,2.200000,-1.739097,-2.671326,13.452454
363,2.250000,-1.875488,-2.788580,13.639940
363,2.300000,-2.018398,-2.932485,13.842534
363,2.350000,-2.169220,-3.105464,14.063391
363,2.400000,-2.329479,-3.310524,14.306241
363,2.450000,-2.500868,-3.551376,14.575542
363,2.500000,-2.685288,-3.832593,14.876667
363,2.550000,-2.884892,-4.159798,15.216146
363,2.600000,-3.102148,-4.539920,15.601989
363,2.650000,-3.339907,-4.981515,16.044088
363,2.700000,-3.601498,-5.495184,16.554762

364,0.000000,3.798496,6.000000,6.000000
364,0.050000,4.077248,5.141248,5.141231
364,0.100000,4.311828,4.235064,4.235012
364,0.150000,4.500182,3.294688,3.294551
364,0.200000,4.640994,2.336185,2.335799
364,0.250000,4.733797,1.377460,1.376071
364,0.300000,4.779048,0.437177,0.430997
364,0.350000,4.778130,-0.466331,0.468768
364,0.400000,4.733313,-1.316087,1.423638
364,0.450000,4.647666,-2.097344,2.307245
364,0.500000,4.524922,-2.798245,3.168706
364,0.550000,4.369327,-3.410246,3.991462
364,0.600000,4.185467,-3.928278,4.764754
364,0.650000,3.978097,-4.350674,5.481876
364,0.700000,3.751973,-4.678896,6.139449
364,0.750000,3.511710,-4.917105,6.736878
364,0.800000,3.261659,-5.071646,7.275810
364,0.850000,3.005809,-5.150482,7.759581
364,0.900000,2.747723,-5.162636,8.192677
364,0.950000,2.490497,-5.117678,8.580239
364,1.000000,2.236746,-5.025277,8.927649
364,1.050000,1.988604,-4.894839,9.240201
364,1.100000,1.747748,-4.735229,9.522859
364,1.150000,1.515431,-4.554576,9.780116
364,1.200000,1.292519,-4.360157,10.015911
364,1.250000,1.079538,-4.158339,10.233624
364,1.300000,0.876717,-3.954579,10.436099
364,1.350000,0.684036,-3.753459,10.625704
364,1.400000,0.501264,-3.558749,10.804406
364,1.450000,0.328003,-3.373484,10.973844
364,1.500000,0.163718,-3.200059,11.135406
364,1.550000,0.007769,-3.040320,11.290291
364,1.600000,-0.140565,-2.895652,11.439570
364,1.650000,-0.282065,-2.767073,11.584234
364,1.700000,-0.417553,-2.655310,11.725227
364,1.750000,-0.547884,-2.560874,11.863480
364,1.800000,-0.673935,-2.484132,11.999939
364,1.850000,-0.796597,-2.425357,12.135580
364,1.900000,-0.916774,-2.384793,12.271430
364,1.950000,-1.035384,-2.362696,12.408588
364,2.000000,-1.153357,-2.359385,12.548238
364,2.050000,-1.271642,-2.375279,12.691676
364,2.100000,-1.391214,-2.410946,12.840331
364,2.150000,-1.513079,-2.467142,12.995796
364,2.200000,-1.638286,-2.544855,13.159868
364,2.250000,-1.767943,-2.645362,13.334594
364,2.300000,-1.903229,-2.770279,13.522327
364,2.350000,-2.045412,-2.921638,13.725806
364,2.400000,-2.195875,-3.101961,13.948244
364,2.450000,-2.356142,-3.314367,14.193454
364,2.500000,-2.527909,-3.562694,14.465995
364,2.550000,-2.713087,-3.851659,14.771377
364,2.600000,-2.913847,-4.187057,15.116304
364,2.650000,-3.132684,-4.576020,15.509006
364,2.700000,-3.372487,-5.027347,15.959663
364,2.750000,-3.636637,-5.551939,16.480959

365,0.000000,3.726316,6.000000,6.000000
365,0.050000,4.005663,5.165164,5.165149
365,0.100000,4.242043,4.283105,4.283059
365,0.150000,4.433391,3.366236,3.366117
365,0.200000,4.578339,2.429790,2.429468
365,0.250000,4.676329,1.490902,1.489810
365,0.300000,4.727689,0.567571,0.562283
365,0.350000,4.733644,-0.322380,0.316916
365,0.400000,4.696287,-1.162300,1.312665
365,0.450000,4.618495,-1.937570,2.157441
365,0.500000,4.503810,-2.636270,2.996389
365,0.550000,4.356294,-3.249614,3.804049
365,0.600000,4.180366,-3.772149,4.567048
365,0.650000,3.980632,-4.201721,5.277435
365,0.700000,3.761731,-4.539236,5.930998
365,0.750000,3.528186,-4.788281,6.526475
365,0.800000,3.284283,-4.954637,7.064945
365,0.850000,3.033978,-5.045742,7.549258
365,0.900000,2.780822,-5.070155,7.983490
365,0.950000,2.527922,-5.037057,8.372458
365,1.000000,2.277919,-4.955805,8.721298
365,1.050000,2.032991,-4.835570,9.035129
365,1.100000,1.794866,-4.685053,9.318805
365,1.150000,1.564856,-4.512282,9.576756
365,1.200000,1.343888,-4.324484,9.812897
365,1.250000,1.132551,-4.128021,10.030608
365,1.300000,0.931138,-3.928376,10.232748
365,1.350000,0.739689,-3.730177,10.421709
365,1.400000,0.558032,-3.537254,10.599477
365,1.450000,0.385824,-3.352711,10.767708
365,1.500000,0.222580,-3.179009,10.927798
365,1.550000,0.067710,-3.018059,11.080948
365,1.600000,-0.079462,-2.871304,11.228220
365,1.650000,-0.219675,-2.739806,11.370584
365,1.700000,-0.353710,-2.624328,11.508957
365,1.750000,-0.482383,-2.525402,11.644232
365,1.800000,-0.606532,-2.443398,11.777307
365,1.850000,-0.727009,-2.378580,11.909100
365,1.900000,-0.844680,-2.331163,12.040570
365,1.950000,-0.960419,-2.301354,12.172733
365,2.000000,-1.075113,-2.289404,12.306678
365,2.050000,-1.189662,-2.295639,12.443587
365,2.100000,-1.304987,-2.320509,12.584752
365,2.150000,-1.422033,-2.364619,12.731605
365,2.200000,-1.541783,-2.428775,12.885748
365,2.250000,-1.665262,-2.514025,13.048989
365,2.300000,-1.793559,-2.621711,13.223397
365,2.350000,-1.927835,-2.753525,13.411353
365,2.400000,-2.069348,-2.911579,13.615636
365,2.450000,-2.219473,-3.098487,13.839515
365,2.500000,-2.379730,-3.317470,14.086874
365,2.550000,-2.551819,-3.572481,14.362370
365,2.600000,-2.737659,-3.868367,14.671631
365,2.650000,-2.939435,-4.211079,15.021521
365,2.700000,-3.159667,-4.607929,15.420471
365,2.750000,-3.401278,-5.067935,15.878920
365,2.800000,-3.667697,-5.602270,16.409881

366,0.000000,3.654135,6.000000,6.000000
366,0.050000,3.934065,5.188577,5.188563
366,0.100000,4.172208,4.330189,4.330149
366,0.150000,4.366493,3.436444,3.436342
366,0.200000,4.515502,2.521768,2.521499
366,0.250000,4.618593,1.602532,1.601668
366,0.300000,4.675969,0.696079,0.692016
366,0.350000,4.688704,-0.180280,0.167244
366,0.400000,4.658717,-1.010232,1.380510
366,0.450000,4.588698,-1.779303,2.122227
366,0.500000,4.482004,-2.475529,2.909996
366,0.550000,4.342513,-3.089908,3.687015
366,0.600000,4.174478,-3.616629,4.430227
366,0.650000,3.982359,-4.053067,5.127644
366,0.700000,3.770672,-4.399597,5.772919
366,0.750000,3.543849,-4.659244,6.363443
366,0.800000,3.306111,-4.837233,6.899329
366,0.850000,3.061373,-4.940483,7.382689
366,0.900000,2.813175,-4.977093,7.817028
366,0.950000,2.564629,-4.955849,8.206719
366,1.000000,2.318404,-4.885794,8.556564
366,1.050000,2.076714,-4.775855,8.871439
366,1.100000,1.841340,-4.634564,9.156036
366,1.150000,1.613648,-4.469840,9.414681
366,1.200000,1.394627,-4.288858,9.651236
366,1.250000,1.184927,-4.097966,9.869058
366,1.300000,0.984903,-3.902667,10.071005
366,1.350000,0.794655,-3.707635,10.259478
366,1.400000,0.614070,-3.516758,10.436479
366,1.450000,0.442857,-3.333205,10.603676
366,1.500000,0.280585,-3.159509,10.762473
366,1.550000,0.126709,-2.997643,10.914073
366,1.600000,-0.019402,-2.849110,11.059531
366,1.650000,-0.158443,-2.715024,11.199800
366,1.700000,-0.291158,-2.596185,11.335773
366,1.750000,-0.418325,-2.493152,11.468312
366,1.800000,-0.540743,-2.406306,11.598273
366,1.850000,-0.659230,-2.335909,11.726522
366,1.900000,-0.774612,-2.282155,11.853958
366,1.950000,-0.887725,-2.245216,11.981525
366,2.000000,-0.999416,-2.225284,12.110228
366,2.050000,-1.110541,-2.222610,12.241146
366,2.100000,-1.221971,-2.237543,12.375455
366,2.150000,-1.334596,-2.270560,12.514444
366,2.200000,-1.449338,-2.322309,12.659545
366,2.250000,-1.567153,-2.393645,12.812363
366,2.300000,-1.689047,-2.485672,12.974717
366,2.350000,-1.816089,-2.599795,13.148687
366,2.400000,-1.949424,-2.737773,13.336680
366,2.450000,-2.090299,-2.901793,13.541507
366,2.500000,-2.240082,-3.094553,13.766482
366,2.550000,-2.400288,-3.319362,14.015549
366,2.600000,-2.572619,-3.580276,14.293443
366,2.650000,-2.758999,-3.882259,14.605897
366,2.700000,-2.961629,-4.231397,14.959906
366,2.750000,-3.183047,-4.635163,15.364075
366,2.800000,-3.426207,-5.102769,15.829062
366,2.850000,-3.694575,-5.645622,16.368164

367,0.000000,3.581955,6.000000,6.000000
367,0.050000,3.862454,5.211485,5.211473
367,0.100000,4.102323,4.376314,4.376279
367,0.150000,4.299487,3.505312,3.505223
367,0.200000,4.452483,2.612113,2.611887
367,0.250000,4.560588,1.712342,1.711653
367,0.300000,4.623887,0.822690,0.819657
367,0.350000,4.643307,-0.040049,0.077849
367,0.400000,4.620599,-0.859905,1.775695
367,0.450000,4.558272,-1.622568,2.337716
367,0.500000,4.459498,-2.316050,3.020457
367,0.550000,4.327977,-2.931158,3.733354
367,0.600000,4.167794,-3.461742,4.435194
367,0.650000,3.983266,-3.904736,5.105107
367,0.700000,3.778786,-4.259997,5.731991
367,0.750000,3.558690,-4.530003,6.310390
367,0.800000,3.327131,-4.719435,6.838552
367,0.850000,3.087984,-4.834699,7.317276
367,0.900000,2.844771,-4.883433,7.749104
367,0.950000,2.600611,-4.874029,8.137690
367,1.000000,2.358192,-4.815208,8.487302
367,1.050000,2.119769,-4.715652,8.802423
367,1.100000,1.887166,-4.583713,9.087464
367,1.150000,1.661807,-4.427197,9.346560
367,1.200000,1.444737,-4.253217,9.583450
367,1.250000,1.236670,-4.068104,9.801414
367,1.300000,1.038020,-3.877378,10.003272
367,1.350000,0.848947,-3.685753,10.191408
367,1.400000,0.669394,-3.497172,10.367817
367,1.450000,0.499124,-3.314872,10.534168
367,1.500000,0.337758,-3.141453,10.691867
367,1.550000,0.184797,-2.978955,10.842113
367,1.600000,0.039654,-2.828943,10.985952
367,1.650000,-0.098325,-2.692583,11.124326
367,1.700000,-0.229846,-2.570719,11.258106
367,1.750000,-0.355648,-2.463940,11.388126
367,1.800000,-0.476498,-2.372646,11.515204
367,1.850000,-0.593175,-2.297102,11.640164
367,1.900000,-0.706473,-2.237491,11.763851
367,1.950000,-0.817192,-2.193957,11.887144
367,2.000000,-0.926139,-2.166649,12.010973
367,2.050000,-1.034131,-2.155753,12.136330
367,2.100000,-1.141992,-2.161533,12.264285
367,2.150000,-1.250568,-2.184359,12.396002
367,2.200000,-1.360721,-2.224744,12.532765
367,2.250000,-1.473346,-2.283376,12.676001
367,2.300000,-1.589377,-2.361157,12.827313
367,2.350000,-1.709800,-2.459243,12.988519
367,2.400000,-1.835664,-2.579097,13.161708
367,2.450000,-1.968102,-2.722541,13.349298
367,2.500000,-2.108348,-2.891827,13.554119
367,2.550000,-2.257761,-3.089726,13.779513
367,2.600000,-2.417853,-3.319626,14.029464
367,2.650000,-2.590325,-3.585673,14.308763
367,2.700000,-2.777106,-3.892933,14.623214
367,2.750000,-2.980407,-4.247605,14.979911
367,2.800000,-3.202782,-4.657301,15.387584
367,2.850000,-3.447208,-5.131398,15.857057
367,2.900000,-3.717186,-5.681507,16.401844

368,0.000000,3.509774,6.000000,6.000000
368,0.050000,3.790831,5.233890,5.233879
368,0.100000,4.032389,4.421480,4.421449
368,0.150000,4.232373,3.572836,3.572760
368,0.200000,4.389282,2.700821,2.700631
368,0.250000,4.502313,1.820323,1.819771
368,0.300000,4.571441,0.947389,0.945135
368,0.350000,4.597451,0.098297,0.118944
368,0.400000,4.581930,-0.711341,0.965509
368,0.450000,4.527212,-1.467390,1.690999
368,0.500000,4.436287,-2.157860,2.466091
368,0.550000,4.312679,-2.773389,3.231187
368,0.600000,4.160308,-3.307516,3.964918
368,0.650000,3.983345,-3.756748,4.655971
368,0.700000,3.786062,-4.120450,5.297960
368,0.750000,3.572696,-4.400567,5.887859
368,0.800000,3.347331,-4.601244,6.425189
368,0.850000,3.113799,-4.728382,6.911428
368,0.900000,2.875600,-4.789159,7.349480
368,0.950000,2.635856,-4.791572,7.743199
368,1.000000,2.397276,-4.744016,8.096975
368,1.050000,2.162147,-4.654919,8.415384
368,1.100000,1.932341,-4.532452,8.702920
368,1.150000,1.709330,-4.384297,8.963802
368,1.200000,1.494221,-4.217500,9.201854
368,1.250000,1.287785,-4.038369,9.420443
368,1.300000,1.090497,-3.852436,9.622469
368,1.350000,0.902575,-3.664449,9.810386
368,1.400000,0.724019,-3.478410,9.986254
368,1.450000,0.554646,-3.297617,10.151789
368,1.500000,0.394125,-3.124738,10.308431
368,1.550000,0.242005,-2.961882,10.457401
368,1.600000,0.097743,-2.810676,10.599753
368,1.650000,-0.039277,-2.672343,10.736427
368,1.700000,-0.169721,-2.547772,10.868280
368,1.750000,-0.294294,-2.437589,10.996123
368,1.800000,-0.413727,-2.342217,11.120744
368,1.850000,-0.528767,-2.261930,11.242926
368,1.900000,-0.640174,-2.196908,11.363469
368,1.950000,-0.748714,-2.147277,11.483197
368,2.000000,-0.855160,-2.113149,11.602976
368,2.050000,-0.960290,-2.094661,11.723721
368,2.100000,-1.064890,-2.092005,11.846415
368,2.150000,-1.169758,-2.105460,11.972121
368,2.200000,-1.275711,-2.135424,12.102002
368,2.250000,-1.383585,-2.182443,12.237340
368,2.300000,-1.494251,-2.247246,12.379566
368,2.350000,-1.608621,-2.330778,12.530292
368,2.400000,-1.727661,-2.434246,12.691353
368,2.450000,-1.852403,-2.559162,12.864859
368,2.500000,-1.983965,-2.707404,13.053259
368,2.550000,-2.123570,-2.881282,13.259426
368,2.600000,-2.272567,-3.083628,13.486757
368,2.650000,-2.432464,-3.317902,13.739308
368,2.700000,-2.604959,-3.588323,14.021958
368,2.750000,-2.791983,-3.900040,14.340627
368,2.800000,-2.995755,-4.259351,14.702550
368,2.850000,-3.218839,-4.673981,15.116632
368,2.900000,-3.464231,-5.153443,15.593916
368,2.950000,-3.735457,-5.709511,16.148185

369,0.000000,3.437594,6.000000,6.000000
369,0.050000,3.719195,5.255790,5.255780
369,0.100000,3.962406,4.465686,4.465659
369,0.150000,4.165152,3.639016,3.638950
369,0.200000,4.325898,2.787886,2.787726
369,0.250000,4.443769,1.926468,1.926022
369,0.300000,4.518631,1.070165,1.068480
369,0.350000,4.551134,0.234739,0.232284
369,0.400000,4.542708,-0.564561,0.584968
369,0.450000,4.495515,-1.313794,1.407991
369,0.500000,4.412366,-2.000987,2.202145
369,0.550000,4.296612,-2.616631,2.972515
369,0.600000,4.152011,-3.153976,3.707557
369,0.650000,3.982587,-3.609128,4.399053
369,0.700000,3.792489,-3.980976,5.041727
369,0.750000,3.585857,-4.270947,5.632886
369,0.800000,3.366701,-4.482665,6.172052
369,0.850000,3.138806,-4.621528,6.660556
369,0.900000,2.905652,-4.694258,7.101105
369,0.950000,2.670357,-4.708455,7.497359
369,1.000000,2.435648,-4.672185,7.853539
369,1.050000,2.203844,-4.593618,8.174095
369,1.100000,1.976858,-4.480733,8.463438
369,1.150000,1.756216,-4.341085,8.725743
369,1.200000,1.543079,-4.181646,8.964820
369,1.250000,1.338276,-4.008694,9.184047
369,1.300000,1.142342,-3.827766,9.386350
369,1.350000,0.955552,-3.643647,9.574215
369,1.400000,0.777963,-3.460386,9.749734
369,1.450000,0.609443,-3.281347,9.914654
369,1.500000,0.449712,-3.109264,10.070437
369,1.550000,0.298364,-2.946313,10.218319
369,1.600000,0.154900,-2.794189,10.359362
369,1.650000,0.018743,-2.654170,10.494502
369,1.700000,-0.110735,-2.527196,10.624585
369,1.750000,-0.234205,-2.413932,10.750404
369,1.800000,-0.352364,-2.314829,10.872720
369,1.850000,-0.465929,-2.230178,10.992283
369,1.900000,-0.575626,-2.160160,11.109850
369,1.950000,-0.682190,-2.104891,11.226196
369,2.000000,-0.786362,-2.064457,11.342131
369,2.050000,-0.888885,-2.038954,11.458502
369,2.100000,-0.990508,-2.028516,11.576214
369,2.150000,-1.091991,-2.033346,11.696239
369,2.200000,-1.194102,-2.053745,11.819629
369,2.250000,-1.297631,-2.090136,11.947541
369,2.300000,-1.403392,-2.143101,12.081250
369,2.350000,-1.512230,-2.213406,12.222187
369,2.400000,-1.625037,-2.302038,12.371963
369,2.450000,-1.742760,-2.410246,12.532420
369,2.500000,-1.866414,-2.539587,12.705676
369,2.550000,-1.997102,-2.691988,12.894199
369,2.600000,-2.136036,-2.869809,13.100884
369,2.650000,-2.284554,-3.075935,13.329162
369,2.700000,-2.444159,-3.313880,13.583132
369,2.750000,-2.616543,-3.587925,13.867730
369,2.800000,-2.803639,-3.903288,14.188949
369,2.850000,-3.007665,-4.266343,14.554116
369,2.900000,-3.231196,-4.684904,14.972253
369,2.950000,-3.477239,-5.168588,15.454549
369,3.000000,-3.749336,-5.729296,16.014967

370,0.000000,3.365414,6.000000,6.000000
370,0.050000,3.647546,5.277185,5.277177
370,0.100000,3.892372,4.508932,4.508908
370,0.150000,4.097823,3.703848,3.703791
370,0.200000,4.262332,2.873306,2.873170
370,0.250000,4.384953,2.030767,2.030406
370,0.300000,4.465455,1.191005,1.189734
370,0.350000,4.504355,0.369261,0.363781
370,0.400000,4.502931,-0.419588,0.422389
370,0.450000,4.463176,-1.161806,1.254284
370,0.500000,4.387729,-1.845460,2.029148
370,0.550000,4.279769,-2.460913,2.786119
370,0.600000,4.142894,-3.001150,3.511636
370,0.650000,3.980982,-3.461900,4.196650
370,0.700000,3.798058,-3.841593,4.835324
370,0.750000,3.598161,-4.141156,5.424471
370,0.800000,3.385228,-4.363701,5.963157
370,0.850000,3.162995,-4.514131,6.452285
370,0.900000,2.934914,-4.598715,6.894187
370,0.950000,2.704101,-4.624654,7.292198
370,1.000000,2.473297,-4.599684,7.650281
370,1.050000,2.244850,-4.531708,7.972690
370,1.100000,2.020714,-4.428510,8.263697
370,1.150000,1.802462,-4.297508,8.527390
370,1.200000,1.591311,-4.145594,8.767533
370,1.250000,1.388147,-3.979011,8.987491
370,1.300000,1.193562,-3.803298,9.190194
370,1.350000,1.007888,-3.623267,9.378149
370,1.400000,0.831238,-3.443017,9.553472
370,1.450000,0.663533,-3.265971,9.717934
370,1.500000,0.504540,-3.094931,9.873018
370,1.550000,0.353902,-2.932143,10.019974
370,1.600000,0.211159,-2.779363,10.159872
370,1.650000,0.075776,-2.637934,10.293647
370,1.700000,-0.052840,-2.508846,10.422138
370,1.750000,-0.175326,-2.392807,10.546122
370,1.800000,-0.292346,-2.290301,10.666337
370,1.850000,-0.404587,-2.201640,10.783504
370,1.900000,-0.512744,-2.127013,10.898344
370,1.950000,-0.617524,-2.066532,11.011591
370,2.000000,-0.719634,-2.020266,11.124000
370,2.050000,-0.819788,-1.988279,11.236362
370,2.100000,-0.918701,-1.970658,11.349513
370,2.150000,-1.017096,-1.967543,11.464342
370,2.200000,-1.115701,-1.979151,11.581809
370,2.250000,-1.215261,-2.005805,11.702957
370,2.300000,-1.316539,-2.047959,11.828931
370,2.350000,-1.420325,-2.106224,11.961001
370,2.400000,-1.527443,-2.181403,12.100590
370,2.450000,-1.638764,-2.274520,12.249308
370,2.500000,-1.755215,-2.386860,12.408995
370,2.550000,-1.877797,-2.520023,12.581775
370,2.600000,-2.007597,-2.675973,12.770124
370,2.650000,-2.145813,-2.857113,12.976951
370,2.700000,-2.293776,-3.066368,13.205709
370,2.750000,-2.452977,-3.307299,13.460523
370,2.800000,-2.625105,-3.584233,13.746370
370,2.850000,-2.812087,-3.902439,14.069291
370,2.900000,-3.016143,-4.268346,14.436676
370,2.950000,-3.239846,-4.689831,14.857627
370,3.000000,-3.486211,-5.176586,15.343433
370,3.050000,-3.758790,-5.740600,15.908179

371,0.000000,3.293233,6.000000,6.000000
371,0.050000,3.575884,5.298077,5.298069
371,0.100000,3.822290,4.551216,4.551195
371,0.150000,4.030387,3.767330,3.767281
371,0.200000,4.198582,2.957073,2.956959
371,0.250000,4.325867,2.133213,2.132918
371,0.300000,4.411912,1.309895,1.308926
371,0.350000,4.457112,0.501844,0.497209
371,0.400000,4.462594,-0.276444,0.271216
371,0.450000,4.430190,-1.011454,1.146666
371,0.500000,4.362370,-1.691306,1.885284
371,0.550000,4.262144,-2.306263,2.621934
371,0.600000,4.132950,-2.849066,3.334184
371,0.650000,3.978520,-3.315089,4.010388
371,0.700000,3.802757,-3.702322,4.643496
371,0.750000,3.609597,-4.011207,5.229538
371,0.800000,3.402900,-4.244357,5.766968
371,0.850000,3.186351,-4.406188,6.256180
371,0.900000,2.963375,-4.502517,6.699070
371,0.950000,2.737079,-4.540149,7.098612
371,1.000000,2.510215,-4.526481,7.458480
371,1.050000,2.285159,-4.469151,7.782704
371,1.100000,2.063902,-4.375735,8.075399
371,1.150000,1.848065,-4.253513,8.340548
371,1.200000,1.638917,-4.109285,8.581857
371,1.250000,1.437399,-3.949256,8.802663
371,1.300000,1.244162,-3.778960,9.005897
371,1.350000,1.059594,-3.603233,9.194080
371,1.400000,0.883860,-3.426220,9.369347
371,1.450000,0.716935,-3.251401,9.533494
371,1.500000,0.558635,-3.081645,9.688024
371,1.550000,0.408647,-2.919266,9.834203
371,1.600000,0.266555,-2.766087,9.973110
371,1.650000,0.131861,-2.623511,10.105682
371,1.700000,0.004009,-2.492584,10.232754
371,1.750000,-0.117604,-2.374062,10.355089
371,1.800000,-0.233612,-2.268462,10.473408
371,1.850000,-0.344671,-2.176122,10.588407
371,1.900000,-0.451449,-2.097247,10.700775
371,1.950000,-0.554622,-2.031949,10.811208
371,2.000000,-0.654871,-1.980290,10.920417
371,2.050000,-0.752879,-1.942307,11.029140
371,2.100000,-0.849330,-1.918051,11.138153
371,2.150000,-0.944914,-1.907609,11.248276
371,2.200000,-1.040324,-1.911131,11.360384
371,2.250000,-1.136264,-1.928851,11.475425
371,2.300000,-1.233451,-1.961118,11.594429
371,2.350000,-1.332625,-2.008411,11.718530
371,2.400000,-1.434553,-2.071373,11.848990
371,2.450000,-1.540037,-2.150836,11.987222
371,2.500000,-1.649929,-2.247858,12.134831
371,2.550000,-1.765138,-2.363758,12.293654
371,2.600000,-1.886646,-2.500168,12.465815
371,2.650000,-2.015529,-2.659084,12.653791
371,2.700000,-2.152970,-2.842941,12.860499
371,2.750000,-2.300287,-3.054699,13.089403
371,2.800000,-2.458964,-3.297948,13.344646
371,2.850000,-2.630679,-3.577049,13.631227
371,2.900000,-2.817353,-3.897304,13.955216
371,2.950000,-3.021201,-4.265178,14.324044
371,3.000000,-3.244795,-4.688586,14.746862
371,3.050000,-3.491145,-5.177262,15.235017
371,3.100000,-3.763806,-5.743241,15.802670

372,0.000000,3.221053,6.000000,6.000000
372,0.050000,3.504210,5.318464,5.318457
372,0.100000,3.752157,4.592539,4.592520
372,0.150000,3.962843,3.829461,3.829418
372,0.200000,4.134648,3.039185,3.039087
372,0.250000,4.266509,2.233797,2.233555
372,0.300000,4.358001,1.426823,1.426076
372,0.350000,4.409402,0.632470,0.629047
372,0.400000,4.421695,-0.135152,0.124871
372,0.450000,4.396555,-0.862762,1.272745
372,0.500000,4.336285,-1.538556,1.893809
372,0.550000,4.243730,-2.152713,2.572287
372,0.600000,4.122169,-2.697755,3.250458
372,0.650000,3.975192,-3.168721,3.905060
372,0.700000,3.806574,-3.563183,4.524167
372,0.750000,3.620151,-3.881115,5.101293
372,0.800000,3.419705,-4.124640,5.633365
372,0.850000,3.208864,-4.297696,6.119730
372,0.900000,2.991022,-4.405653,6.561516
372,0.950000,2.769278,-4.454918,6.961112
372,1.000000,2.546391,-4.452548,7.321744
372,1.050000,2.324761,-4.405908,7.647108
372,1.100000,2.106416,-4.322363,7.941069
372,1.150000,1.893021,-4.209045,8.207441
372,1.200000,1.685895,-4.072660,8.449818
372,1.250000,1.486036,-3.919364,8.671471
372,1.300000,1.294148,-3.754681,8.875301
372,1.350000,1.110677,-3.583469,9.063818
372,1.400000,0.935840,-3.409912,9.239163
372,1.450000,0.769665,-3.237548,9.403143
372,1.500000,0.612016,-3.069311,9.557276
372,1.550000,0.462625,-2.907580,9.702840
372,1.600000,0.321118,-2.754248,9.840920
372,1.650000,0.187036,-2.610779,9.972456
372,1.700000,0.059857,-2.478279,10.098279
372,1.750000,-0.060988,-2.357548,10.219144
372,1.800000,-0.176103,-2.249146,10.335755
372,1.850000,-0.286114,-2.153440,10.448788
372,1.900000,-0.391663,-2.070654,10.558903
372,1.950000,-0.493397,-2.000909,10.666764
372,2.000000,-0.591972,-1.944259,10.773043
372,2.050000,-0.688042,-1.900729,10.878433
372,2.100000,-0.782263,-1.870340,10.983655
372,2.150000,-0.875295,-1.853137,11.089467
372,2.200000,-0.967798,-1.849211,11.196675
372,2.250000,-1.060440,-1.858727,11.306139
372,2.300000,-1.153899,-1.881939,11.418792
372,2.350000,-1.248868,-1.919216,11.535650
372,2.400000,-1.346063,-1.971066,11.657833
372,2.450000,-1.446229,-2.038158,11.786589
372,2.500000,-1.550147,-2.121353,11.923321
372,2.550000,-1.658650,-2.221736,12.069623
372,2.600000,-1.772629,-2.340654,12.227321
372,2.650000,-1.893052,-2.479764,12.398532
372,2.700000,-2.020975,-2.641090,12.585725
372,2.750000,-2.157571,-2.827088,12.791813
372,2.800000,-2.304144,-3.040741,13.020256
372,2.850000,-2.462165,-3.285659,13.275196
372,2.900000,-2.633303,-3.566221,13.561632
372,2.950000,-2.819469,-3.887747,13.885640
372,3.000000,-3.022867,-4.256715,14.254654
372,3.050000,-3.246062,-4.681053,14.677833
372,3.100000,-3.492055,-5.170504,15.166532
372,3.150000,-3.764395,-5.737112,15.734924

373,0.000000,3.148872,6.000000,6.000000
373,0.050000,3.432523,5.338346,5.338340
373,0.100000,3.681975,4.632899,4.632882
373,0.150000,3.895191,3.890238,3.890200
373,0.200000,4.070531,3.119635,3.119552
373,0.250000,4.206878,2.332510,2.332310
373,0.300000,4.303722,1.541776,1.541195
373,0.350000,4.361224,0.761122,0.758663
373,0.400000,4.380232,0.004265,0.068597
373,0.450000,4.362266,-0.715760,1.415490
373,0.500000,4.309467,-1.387239,1.925925
373,0.550000,4.224518,-2.000294,2.541672
373,0.600000,4.110542,-2.547246,3.181979
373,0.650000,3.970986,-3.022823,3.812365
373,0.700000,3.809499,-3.424198,4.415648
373,0.750000,3.629814,-3.750894,4.982558
373,0.800000,3.435629,-4.004557,5.508327
373,0.850000,3.230519,-4.188654,5.991160
373,0.900000,3.017843,-4.308112,6.431352
373,0.950000,2.800686,-4.368940,6.830665
373,1.000000,2.581815,-4.377855,7.191846
373,1.050000,2.363648,-4.341941,7.518225
373,1.100000,2.148249,-4.268348,7.813403
373,1.150000,1.937325,-4.164052,8.081005
373,1.200000,1.732245,-4.035658,8.324497
373,1.250000,1.534059,-3.889268,8.547075
373,1.300000,1.343526,-3.730391,8.751597
373,1.350000,1.161146,-3.563898,8.940559
373,1.400000,0.987192,-3.394013,9.116102
373,1.450000,0.821741,-3.224327,9.280044
373,1.500000,0.664706,-3.057836,9.433912
373,1.550000,0.515863,-2.896987,9.578998
373,1.600000,0.374880,-2.743740,9.716395
373,1.650000,0.241337,-2.599623,9.847048
373,1.700000,0.114746,-2.465800,9.971785
373,1.750000,-0.005429,-2.343125,10.091354
373,1.800000,-0.119762,-2.232198,10.206447
373,1.850000,-0.228851,-2.133421,10.317722
373,1.900000,-0.333311,-2.047039,10.425816
373,1.950000,-0.433764,-1.973187,10.531362
373,2.000000,-0.530839,-1.911922,10.635001
373,2.050000,-0.625166,-1.863259,10.737385
373,2.100000,-0.717375,-1.827197,10.839187
373,2.150000,-0.808096,-1.803748,10.941113
373,2.200000,-0.897961,-1.792957,11.043904
373,2.250000,-0.987604,-1.794927,11.148349
373,2.300000,-1.077669,-1.809836,11.255294
373,2.350000,-1.168808,-1.837957,11.365654
373,2.400000,-1.261691,-1.879684,11.480432
373,2.450000,-1.357012,-1.935547,11.600732
373,2.500000,-1.455493,-2.006240,11.727787
373,2.550000,-1.557897,-2.092649,11.862986
373,2.600000,-1.665038,-2.195880,12.007909
373,2.650000,-1.777788,-2.317304,12.164369
373,2.700000,-1.897099,-2.458598,12.334469
373,2.750000,-2.024013,-2.621800,12.520667
373,2.800000,-2.159685,-2.809387,12.725863
373,2.850000,-2.305407,-3.024349,12.953504
373,2.900000,-2.462635,-3.270307,13.207720
373,2.950000,-2.633026,-3.551644,13.493497
373,3.000000,-2.818477,-3.873678,13.816893
373,3.050000,-3.021179,-4.242883,14.185324
373,3.100000,-3.243681,-4.667172,14.607926
373,3.150000,-3.488974,-5.156268,15.096027
373,3.200000,-3.760586,-5.722182,15.663757

374,0.000000,3.076692,6.000000,6.000000
374,0.050000,3.360823,5.357724,5.357718
374,0.100000,3.611743,4.672295,4.672281
374,0.150000,3.827430,3.949658,3.949625
374,0.200000,4.006230,3.198420,3.198348
374,0.250000,4.146974,2.429344,2.429178
374,0.300000,4.249072,1.654740,1.654283
374,0.350000,4.312576,0.887780,0.886010
374,0.400000,4.338201,0.141784,0.146537
374,0.450000,4.327318,-0.570473,0.644508
374,0.500000,4.281911,-1.237386,1.348144
374,0.550000,4.204503,-1.849036,2.053651
374,0.600000,4.098062,-2.397570,2.741761
374,0.650000,3.965893,-2.877423,3.400677
374,0.700000,3.811521,-3.285392,4.022772
374,0.750000,3.638570,-3.620561,4.603213
374,0.800000,3.450660,-3.884116,5.139436
374,0.850000,3.251304,-4.079061,5.630775
374,0.900000,3.043824,-4.209885,6.078110
374,0.950000,2.831291,-4.282198,6.483502
374,1.000000,2.616474,-4.302374,6.849854
374,1.050000,2.401810,-4.277213,7.180588
374,1.100000,2.189393,-4.213645,7.479365
374,1.150000,1.980972,-4.118482,7.749867
374,1.200000,1.777963,-3.998222,7.995622
374,1.250000,1.581467,-3.858905,8.219890
374,1.300000,1.392298,-3.706019,8.425598
374,1.350000,1.211010,-3.544446,8.615311
374,1.400000,1.037927,-3.378443,8.791234
374,1.450000,0.873178,-3.211652,8.955240
374,1.500000,0.716724,-3.047129,9.108909
374,1.550000,0.568385,-2.887389,9.253567
374,1.600000,0.427871,-2.734458,9.390338
374,1.650000,0.294799,-2.589930,9.520182
374,1.700000,0.168718,-2.455027,9.643937
374,1.750000,0.049121,-2.330657,9.762351
374,1.800000,-0.064535,-2.217468,9.876108
374,1.850000,-0.172820,-2.115896,9.985850
374,1.900000,-0.276322,-2.026216,10.092196
374,1.950000,-0.375642,-1.948576,10.195754
374,2.000000,-0.471382,-1.883044,10.297133
374,2.050000,-0.564148,-1.829628,10.396950
374,2.100000,-0.654546,-1.788316,10.495839
374,2.150000,-0.743181,-1.759092,10.594457
374,2.200000,-0.830657,-1.741965,10.693493
374,2.250000,-0.917580,-1.736987,10.793674
374,2.300000,-1.004560,-1.744271,10.895775
374,2.350000,-1.092214,-1.764010,11.000626
374,2.400000,-1.181173,-1.796501,11.109133
374,2.450000,-1.272084,-1.842154,11.222286
374,2.500000,-1.365617,-1.901523,11.341178
374,2.550000,-1.462476,-1.975323,11.467035
374,2.600000,-1.563405,-2.064459,11.601237
374,2.650000,-1.669196,-2.170058,11.745358
374,2.700000,-1.780708,-2.293504,11.901207
374,2.750000,-1.898872,-2.436490,12.070886
374,2.800000,-2.024716,-2.601065,12.256852
374,2.850000,-2.159379,-2.789709,12.462006
374,2.900000,-2.304137,-3.005418,12.689798
374,2.950000,-2.460431,-3.251808,12.944364
374,3.000000,-2.629901,-3.533253,13.230692
374,3.050000,-2.814428,-3.855054,13.554847
374,3.100000,-3.016185,-4.223658,13.924248
374,3.150000,-3.237703,-4.646941,14.348026
374,3.200000,-3.481950,-5.134573,14.837498
374,3.250000,-3.752429,-5.698495,15.406769

375,0.000000,3.004511,6.000000,6.000000
375,0.050000,3.289110,5.376597,5.376592
375,0.100000,3.541461,4.710728,4.710715
375,0.150000,3.759562,4.007720,4.007692
375,0.200000,3.941745,3.275533,3.275472
375,0.250000,4.086797,2.524289,2.524152
375,0.300000,4.194051,1.765702,1.765340
375,0.350000,4.263456,1.012428,1.011138
375,0.400000,4.295599,0.277382,0.272780
375,0.450000,4.291708,-0.426930,0.432938
375,0.500000,4.253611,-1.089028,1.168585
375,0.550000,4.183676,-1.698974,1.866564
375,0.600000,4.084719,-2.248759,2.547510
375,0.650000,3.959903,-2.732551,3.200926
375,0.700000,3.812626,-3.146788,3.819363
375,0.750000,3.646408,-3.490135,4.397857
375,0.800000,3.464784,-3.763329,4.933584
375,0.850000,3.271204,-3.968920,5.425570
375,0.900000,3.068952,-4.110962,5.874376
375,0.950000,2.861081,-4.194671,6.281770
375,1.000000,2.650358,-4.226076,6.650397
375,1.050000,2.439237,-4.211688,6.983467
375,1.100000,2.229841,-4.158210,7.284482
375,1.150000,2.023957,-4.072284,7.557010
375,1.200000,1.823047,-3.960293,7.804510
375,1.250000,1.628262,-3.828211,8.030205
375,1.300000,1.440469,-3.681497,8.237015
375,1.350000,1.260274,-3.525039,8.427512
375,1.400000,1.088056,-3.363123,8.603925
375,1.450000,0.923991,-3.199439,8.768151
375,1.500000,0.768089,-3.037102,8.921796
375,1.550000,0.620215,-2.878692,9.066210
375,1.600000,0.480119,-2.726300,9.202536
375,1.650000,0.347457,-2.581588,9.331746
375,1.700000,0.221811,-2.445839,9.454685
375,1.750000,0.102707,-2.320016,9.572101
375,1.800000,-0.010368,-2.204814,9.684670
375,1.850000,-0.117959,-2.100710,9.793025
375,1.900000,-0.220629,-2.008008,9.897767
375,1.950000,-0.318953,-1.926879,9.999483
375,2.000000,-0.413511,-1.857401,10.098756
375,2.050000,-0.504887,-1.799586,10.196171
375,2.100000,-0.593664,-1.753412,10.292326
375,2.150000,-0.680422,-1.718845,10.387839
375,2.200000,-0.765741,-1.695864,10.483349
375,2.250000,-0.850201,-1.684479,10.579528
375,2.300000,-0.934383,-1.684751,10.677087
375,2.350000,-1.018872,-1.696805,10.776784
375,2.400000,-1.104263,-1.720854,10.879437
375,2.450000,-1.191163,-1.757209,10.985933
375,2.500000,-1.280196,-1.806302,11.097247
375,2.550000,-1.372014,-1.868705,11.214457
375,2.600000,-1.467300,-1.945150,11.338774
375,2.650000,-1.566779,-2.036558,11.471562
375,2.700000,-1.671224,-2.144072,11.614380
375,2.750000,-1.781477,-2.269086,11.769023
375,2.800000,-1.898453,-2.413298,11.937573
375,2.850000,-2.023161,-2.578764,12.122473
375,2.900000,-2.156724,-2.767961,12.326604
375,2.950000,-2.300401,-2.983877,12.553394
375,3.000000,-2.455616,-3.230115,12.806954
375,3.050000,-2.623990,-3.511024,13.092241
375,3.100000,-2.807383,-3.831873,13.415284
375,3.150000,-3.007948,-4.199064,13.783449
375,3.200000,-3.228190,-4.620411,14.205808
375,3.250000,-3.471049,-5.105499,14.693591
375,3.300000,-3.739997,-5.666161,15.260789

376,0.000000,2.932331,6.000000,6.000000
376,0.050000,3.217385,5.394965,5.394960
376,0.100000,3.471130,4.748196,4.748184
376,0.150000,3.691586,4.064422,4.064397
376,0.200000,3.877076,3.350971,3.350919
376,0.250000,4.026345,2.617339,2.617224
376,0.300000,4.138658,1.874649,1.874360
376,0.350000,4.213862,1.135045,1.134092
376,0.400000,4.252423,0.411034,0.406544
376,0.450000,4.255430,-0.285160,0.282711
376,0.500000,4.224562,-0.942197,1.043138
376,0.550000,4.162031,-1.550140,1.715334
376,0.600000,4.070504,-2.100847,2.381127
376,0.650000,3.953004,-2.588238,3.024577
376,0.700000,3.812803,-3.008412,3.636530
376,0.750000,3.653314,-3.359635,4.211160
376,0.800000,3.477986,-3.642206,4.745044
376,0.850000,3.290205,-3.858231,5.236717
376,0.900000,3.093213,-4.011337,5.686317
376,0.950000,2.890040,-4.106345,6.095248
376,1.000000,2.683453,-4.148936,6.465847
376,1.050000,2.475917,-4.145331,6.801076
376,1.100000,2.269582,-4.101998,7.104248
376,1.150000,2.066272,-4.025406,7.378793
376,1.200000,1.867492,-3.921814,7.628079
376,1.250000,1.674442,-3.797121,7.855281
376,1.300000,1.488040,-3.656755,8.063294
376,1.350000,1.308946,-3.505602,8.254693
376,1.400000,1.137588,-3.347975,8.431720
376,1.450000,0.974194,-3.187606,8.596295
376,1.500000,0.818820,-3.027666,8.750046
376,1.550000,0.671376,-2.870801,8.894348
376,1.600000,0.531652,-2.719167,9.030360
376,1.650000,0.399343,-2.574493,9.159071
376,1.700000,0.274064,-2.438122,9.281332
376,1.750000,0.155375,-2.311076,9.397893
376,1.800000,0.042789,-2.194099,9.509427
376,1.850000,-0.064212,-2.087711,9.616558
376,1.900000,-0.166165,-1.992248,9.719874
376,1.950000,-0.263622,-1.907910,9.819942
376,2.000000,-0.357142,-1.834786,9.917323
376,2.050000,-0.447288,-1.772898,10.012575
376,2.100000,-0.534619,-1.722219,10.106266
376,2.150000,-0.619695,-1.682703,10.198974
376,2.200000,-0.703074,-1.654308,10.291299
376,2.250000,-0.785311,-1.637009,10.383865
376,2.300000,-0.866960,-1.630823,10.477327
376,2.350000,-0.948580,-1.635820,10.572380
376,2.400000,-1.030731,-1.652140,10.669765
376,2.450000,-1.113986,-1.680011,10.770282
376,2.500000,-1.198930,-1.719763,10.874803
376,2.550000,-1.286168,-1.771843,10.984286
376,2.600000,-1.376329,-1.836839,11.099792
376,2.650000,-1.470079,-1.915499,11.222514
376,2.700000,-1.568122,-2.008756,11.353799
376,2.750000,-1.671217,-2.117759,11.495188
376,2.800000,-1.780184,-2.243912,11.648454
376,2.850000,-1.895922,-2.388913,11.815661
376,2.900000,-2.019423,-2.554813,11.999224
376,2.950000,-2.151792,-2.744082,12.202000
376,3.000000,-2.294269,-2.959689,12.427386
376,3.050000,-2.448259,-3.205213,12.679453
376,3.100000,-2.615360,-3.484968,12.963114
376,3.150000,-2.797412,-3.804174,13.284337
376,3.200000,-2.996539,-4.169168,13.650419
376,3.250000,-3.215219,-4.587678,14.070335
376,3.300000,-3.456355,-5.069178,14.555192
376,3.350000,-3.723378,-5.625356,15.118819

377,0.000000,2.860150,6.000000,6.000000
377,0.050000,3.145646,5.412828,5.412824
377,0.100000,3.400749,4.784698,4.784688
377,0.150000,3.623501,4.119760,4.119738
377,0.200000,3.812222,3.424729,3.424684
377,0.250000,3.965619,2.708483,2.708386
377,0.300000,4.082891,1.981568,1.981334
377,0.350000,4.163792,1.255614,1.254900
377,0.400000,4.208671,0.542717,0.539434
377,0.450000,4.218481,-0.145191,0.134691
377,0.500000,4.194756,-0.796925,1.076759
377,0.550000,4.139559,-1.402568,1.664888
377,0.600000,4.055408,-1.953866,2.290055
377,0.650000,3.945186,-2.444514,2.909747
377,0.700000,3.812040,-2.870292,3.506764
377,0.750000,3.659275,-3.229082,4.071946
377,0.800000,3.490252,-3.520760,4.600128
377,0.850000,3.308292,-3.746999,5.088752
377,0.900000,3.116591,-3.911003,5.537186
377,0.950000,2.918156,-4.017202,5.946252
377,1.000000,2.715746,-4.070927,6.317834
377,1.050000,2.511840,-4.078106,6.654544
377,1.100000,2.308608,-4.044967,6.959428
377,1.150000,2.107910,-3.977797,7.235720
377,1.200000,1.911293,-3.882726,7.486655
377,1.250000,1.720006,-3.765573,7.715318
377,1.300000,1.535014,-3.631725,7.924557
377,1.350000,1.357030,-3.486063,8.116926
377,1.400000,1.186532,-3.332920,8.294666
377,1.450000,1.023799,-3.176069,8.459706
377,1.500000,0.868933,-3.018735,8.613691
377,1.550000,0.721888,-2.863625,8.758013
377,1.600000,0.582496,-2.712963,8.893849
377,1.650000,0.450488,-2.568539,9.022199
377,1.700000,0.325514,-2.431765,9.143923
377,1.750000,0.207166,-2.303717,9.259772
377,1.800000,0.094984,-2.185192,9.370421
377,1.850000,-0.011522,-2.076755,9.476485
377,1.900000,-0.112866,-1.978780,9.578540
377,1.950000,-0.209578,-1.891492,9.677139
377,2.000000,-0.302195,-1.815003,9.772822
377,2.050000,-0.391259,-1.749343,9.866126
377,2.100000,-0.477309,-1.694489,9.957589
377,2.150000,-0.560887,-1.650388,10.047759
377,2.200000,-0.642526,-1.616979,10.137198
377,2.250000,-0.722762,-1.594214,10.226489
377,2.300000,-0.802125,-1.582072,10.316237
377,2.350000,-0.881146,-1.580576,10.407083
377,2.400000,-0.960361,-1.589810,10.499702
377,2.450000,-1.040309,-1.609926,10.594820
377,2.500000,-1.121539,-1.641169,10.693219
377,2.550000,-1.204616,-1.683882,10.795753
377,2.600000,-1.290126,-1.738529,10.903359
377,2.650000,-1.378678,-1.805709,11.017083
377,2.700000,-1.470918,-1.886183,11.138095
377,2.750000,-1.567533,-1.980890,11.267721
377,2.800000,-1.669263,-2.090987,11.407480
377,2.850000,-1.776912,-2.217876,11.559119
377,2.900000,-1.891359,-2.363251,11.724675
377,2.950000,-2.013578,-2.529154,11.906531
377,3.000000,-2.144656,-2.718037,12.107507
377,3.050000,-2.285813,-2.932846,12.330956
377,3.100000,-2.438431,-3.177121,12.580896
377,3.150000,-2.604087,-3.455130,12.862176
377,3.200000,-2.784591,-3.772030,13.180685
377,3.250000,-2.982041,-4.134075,13.543616
377,3.300000,-3.198877,-4.548885,13.959818
377,3.350000,-3.437962,-5.025796,14.440231
377,3.400000,-3.702680,-5.576313,14.998473

378,0.000000,2.787970,6.000000,6.000000
378,0.050000,3.073895,5.430186,5.430182
378,0.100000,3.330318,4.820235,4.820226
378,0.150000,3.555308,4.173734,4.173715
378,0.200000,3.747182,3.496801,3.496762
378,0.250000,3.904618,2.797713,2.797632
378,0.300000,4.026750,2.086444,2.086254
378,0.350000,4.113244,1.374115,1.373572
378,0.400000,4.164339,0.672406,0.670117
378,0.450000,4.180857,-0.007051,0.060088
378,0.500000,4.164190,-0.653245,1.333291
378,0.550000,4.116253,-1.256293,1.781783
378,0.600000,4.039421,-1.807853,2.328401
378,0.650000,3.936437,-2.301413,2.901186
378,0.700000,3.810324,-2.732456,3.468456
378,0.750000,3.664277,-3.098497,4.014231
378,0.800000,3.501568,-3.399005,4.529760
378,0.850000,3.325450,-3.635228,5.010367
378,0.900000,3.139072,-3.809956,5.454038
378,0.950000,2.945413,-3.927227,5.860624
378,1.000000,2.747225,-3.992026,6.231300
378,1.050000,2.546992,-4.009980,6.568143
378,1.100000,2.346908,-3.987074,6.873800
378,1.150000,2.148864,-3.929407,7.151211
378,1.200000,1.954447,-3.842973,7.403395
378,1.250000,1.764950,-3.733503,7.633293
378,1.300000,1.581391,-3.606338,7.843657
378,1.350000,1.404530,-3.466348,8.036984
378,1.400000,1.234897,-3.317881,8.215485
378,1.450000,1.072819,-3.164747,8.381080
378,1.500000,0.918445,-3.010223,8.535415
378,1.550000,0.771774,-2.857074,8.679889
378,1.600000,0.632677,-2.707590,8.815688
378,1.650000,0.500923,-2.563628,8.943821
378,1.700000,0.376197,-2.426659,9.065154
378,1.750000,0.258121,-2.297823,9.180441
378,1.800000,0.146265,-2.177968,9.290355
378,1.850000,0.040164,-2.067707,9.395506
378,1.900000,-0.060673,-1.967452,9.496461
378,1.950000,-0.156752,-1.877460,9.593761
378,2.000000,-0.248592,-1.797866,9.687928
378,2.050000,-0.336713,-1.728716,9.779479
378,2.100000,-0.421637,-1.669990,9.868928
378,2.150000,-0.503885,-1.621636,9.956796
378,2.200000,-0.583972,-1.583581,10.043612
378,2.250000,-0.662413,-1.555757,10.129923
378,2.300000,-0.739718,-1.538114,10.216292
378,2.350000,-0.816394,-1.530638,10.303310
378,2.400000,-0.892951,-1.533360,10.391598
378,2.450000,-0.969901,-1.546376,10.481815
378,2.500000,-1.047763,-1.569854,10.574667
378,2.550000,-1.127065,-1.604049,10.670917
378,2.600000,-1.208352,-1.649321,10.771399
378,2.650000,-1.292190,-1.706144,10.877031
378,2.700000,-1.379169,-1.775129,10.988834
378,2.750000,-1.469918,-1.857043,11.107955
378,2.800000,-1.565105,-1.952831,11.235697
378,2.850000,-1.665451,-2.063649,11.373547
378,2.900000,-1.771743,-2.190895,11.523223
378,2.950000,-1.884842,-2.336256,11.686724
378,3.000000,-2.005704,-2.501755,11.866393
378,3.050000,-2.135393,-2.689820,12.065000
378,3.100000,-2.275110,-2.903364,12.285840
378,3.150000,-2.426212,-3.145882,12.532862
378,3.200000,-2.590250,-3.421583,12.810828
378,3.250000,-2.769007,-3.735546,13.125520
378,3.300000,-2.964544,-4.093925,13.484002
378,3.350000,-3.179263,-4.504213,13.894953
378,3.400000,-3.415981,-4.975580,14.369105
378,3.450000,-3.678024,-5.519318,14.919804

379,0.000000,2.715789,6.000000,6.000000
379,0.050000,3.002132,5.447039,5.447036
379,0.100000,3.259837,4.854804,4.854796
379,0.150000,3.487007,4.226340,4.226323
379,0.200000,3.681958,3.567182,3.567149
379,0.250000,3.843340,2.885021,2.884952
379,0.300000,3.970233,2.189264,2.189109
379,0.350000,4.062217,1.490530,1.490111
379,0.400000,4.119424,0.800077,0.798477
379,0.450000,4.142552,0.129228,0.133157
379,0.500000,4.132855,-0.511191,0.575095
379,0.550000,4.092106,-1.111352,1.209558
379,0.600000,4.022533,-1.662843,1.845699
379,0.650000,3.926746,-2.158968,2.467456
379,0.700000,3.807641,-2.594933,3.064594
379,0.750000,3.668305,-2.967904,3.630392
379,0.800000,3.511918,-3.276956,4.160478
379,0.850000,3.341663,-3.522926,4.652387
379,0.900000,3.160639,-3.708192,5.105263
379,0.950000,2.971796,-3.836408,5.519577
379,1.000000,2.777873,-3.912208,5.896837
379,1.050000,2.581360,-3.940919,6.239306
379,1.100000,2.384471,-3.928277,6.549740
379,1.150000,2.189124,-3.880186,6.831157
379,1.200000,1.996945,-3.802497,7.086644
379,1.250000,1.809273,-3.700848,7.319206
379,1.300000,1.627172,-3.580527,7.531664
379,1.350000,1.451451,-3.446385,7.726582
379,1.400000,1.282690,-3.302782,7.906240
379,1.450000,1.121266,-3.153561,8.072622
379,1.500000,0.967372,-3.002046,8.227431
379,1.550000,0.821052,-2.851060,8.372118
379,1.600000,0.682218,-2.702957,8.507910
379,1.650000,0.550676,-2.559658,8.635846
379,1.700000,0.426146,-2.422701,8.756816
379,1.750000,0.308280,-2.293281,8.871590
379,1.800000,0.196677,-2.172306,8.980845
379,1.850000,0.090898,-2.060434,9.085193
379,1.900000,-0.009526,-1.958121,9.185196
379,1.950000,-0.105079,-1.865657,9.281383
379,2.000000,-0.196258,-1.783203,9.374263
379,2.050000,-0.283567,-1.710822,9.464333
379,2.100000,-0.367508,-1.648507,9.552089
379,2.150000,-0.448584,-1.596206,9.638023
379,2.200000,-0.527294,-1.553840,9.722640
379,2.250000,-0.604132,-1.521328,9.806451
379,2.300000,-0.679590,-1.498598,9.889986
379,2.350000,-0.754154,-1.485602,9.973794
379,2.400000,-0.828312,-1.482333,10.058447
379,2.450000,-0.902550,-1.488834,10.144553
379,2.500000,-0.977360,-1.505212,10.232754
379,2.550000,-1.053239,-1.531647,10.323741
379,2.600000,-1.130697,-1.568408,10.418262
379,2.650000,-1.210258,-1.615865,10.517136
379,2.700000,-1.292469,-1.674503,10.621264
379,2.750000,-1.377905,-1.744940,10.731653
379,2.800000,-1.467173,-1.827946,10.849434
379,2.850000,-1.560924,-1.924470,10.975891
379,2.900000,-1.659864,-2.035662,11.112495
379,2.950000,-1.764758,-2.162912,11.260943
379,3.000000,-1.876450,-2.307892,11.423211
379,3.050000,-1.995876,-2.472604,11.601617
379,3.100000,-2.124079,-2.659444,11.798899
379,3.150000,-2.262236,-2.871283,12.018314
379,3.200000,-2.411680,-3.111565,12.263763
379,3.250000,-2.573935,-3.384425,12.539947
379,3.300000,-2.750748,-3.694854,12.852571
379,3.350000,-2.944145,-4.048889,13.208594
379,3.400000,-3.156484,-4.453876,13.616561
379,3.450000,-3.390530,-4.918796,14.087022
379,3.500000,-3.649545,-5.454699,14.633082

380,0.000000,2.643609,6.000000,6.000000
380,0.050000,2.930355,5.463386,5.463384
380,0.100000,3.189306,4.888406,4.888399
380,0.150000,3.418597,4.277577,4.277562
380,0.200000,3.616548,3.635869,3.635840
380,0.250000,3.781786,2.970397,2.970338
380,0.300000,3.913338,2.290015,2.289888
380,0.350000,4.010708,1.604838,1.604512
380,0.400000,4.073923,0.925704,0.924569
380,0.450000,4.103563,0.263617,0.259277
380,0.500000,4.100747,-0.370795,0.375142
380,0.550000,4.067109,-0.967780,1.039827
380,0.600000,4.004736,-1.518872,1.668648
380,0.650000,3.916103,-2.017215,2.284014
380,0.700000,3.803980,-2.457755,2.876478
380,0.750000,3.671346,-2.837328,3.439357
380,0.800000,3.521287,-3.154631,3.968108
380,0.850000,3.356915,-3.410100,4.460011
380,0.900000,3.181276,-3.605710,4.913921
380,0.950000,2.997288,-3.744731,5.330021
380,1.000000,2.807676,-3.831451,5.709549
380,1.050000,2.614932,-3.870891,6.054536
380,1.100000,2.421284,-3.868535,6.367546
380,1.150000,2.228680,-3.830084,6.651451
380,1.200000,2.038782,-3.761244,6.909231
380,1.250000,1.852970,-3.667547,7.143826
380,1.300000,1.672354,-3.554223,7.358021
380,1.350000,1.497794,-3.426101,7.554371
380,1.400000,1.329918,-3.287546,7.735161
380,1.450000,1.169149,-3.142429,7.902394
380,1.500000,1.015728,-2.994119,8.057800
380,1.550000,0.869742,-2.845495,8.202852
380,1.600000,0.731143,-2.698971,8.338803
380,1.650000,0.599776,-2.556535,8.466713
380,1.700000,0.475395,-2.419787,8.587487
380,1.750000,0.357681,-2.289984,8.701906
380,1.800000,0.246264,-2.168090,8.810654
380,1.850000,0.140729,-2.054813,8.914341
380,1.900000,0.040631,-1.950651,9.013527
380,1.950000,-0.054494,-1.855933,9.108732
380,2.000000,-0.145123,-1.770848,9.200453
380,2.050000,-0.231741,-1.695481,9.289174
380,2.100000,-0.314833,-1.629837,9.375369
380,2.150000,-0.394886,-1.573870,9.459512
380,2.200000,-0.472380,-1.527502,9.542081
380,2.250000,-0.547794,-1.490641,9.623560
380,2.300000,-0.621601,-1.463198,9.704446
380,2.350000,-0.694270,-1.445101,9.785251
380,2.400000,-0.766266,-1.436309,9.866509
380,2.450000,-0.838055,-1.436822,9.948775
380,2.500000,-0.910104,-1.446694,10.032639
380,2.550000,-0.982883,-1.466043,10.118728
380,2.600000,-1.056869,-1.495062,10.207714
380,2.650000,-1.132554,-1.534030,10.300327
380,2.700000,-1.210444,-1.583327,10.397366
380,2.750000,-1.291067,-1.643444,10.499714
380,2.800000,-1.374979,-1.715006,10.608356
380,2.850000,-1.462771,-1.798783,10.724400
380,2.900000,-1.555077,-1.895721,10.849105
380,2.950000,-1.652582,-2.006963,10.983915
380,3.000000,-1.756034,-2.133887,11.130495
380,3.050000,-1.866259,-2.278144,11.290786
380,3.100000,-1.984170,-2.441709,11.467061
380,3.150000,-2.110790,-2.626942,11.662009
380,3.200000,-2.247272,-2.836665,11.878825
380,3.250000,-2.394921,-3.074257,12.121334
380,3.300000,-2.555229,-3.343775,12.394145
380,3.350000,-2.729911,-3.650107,12.702844
380,3.400000,-2.920950,-3.999161,13.054243
380,3.450000,-3.130657,-4.398116,13.456697
380,3.500000,-3.361738,-4.855744,13.920514
380,3.550000,-3.617386,-5.382823,14.458483
380,3.600000,-3.901396,-5.992688,15.086563

381,0.000000,2.571429,6.000000,6.000000
381,0.050000,2.858566,5.479229,5.479226
381,0.100000,3.118726,4.921040,4.921034
381,0.150000,3.350078,4.327442,4.327429
381,0.200000,3.550952,3.702855,3.702830
381,0.250000,3.719955,3.053832,3.053783
381,0.300000,3.856066,2.388683,2.388578
381,0.350000,3.958715,1.717022,1.716765
381,0.400000,4.027833,1.049263,1.048442
381,0.450000,4.063885,0.396086,0.392217
381,0.500000,4.067860,-0.232094,0.228356
381,0.550000,4.041254,-0.825614,0.929084
381,0.600000,3.986019,-1.375980,1.529996
381,0.650000,3.904494,-1.876190,2.130117
381,0.700000,3.799326,-2.320954,2.712998
381,0.750000,3.673383,-2.706796,3.269864
381,0.800000,3.529659,-3.032049,3.795187
381,0.850000,3.371189,-3.296759,4.285610
381,0.900000,3.200967,-3.502508,4.739502
381,0.950000,3.021874,-3.652187,5.156637
381,1.000000,2.836618,-3.749734,5.537909
381,1.050000,2.647691,-3.799866,5.885062
381,1.100000,2.457335,-3.807808,6.200430
381,1.150000,2.267523,-3.779054,6.486705
381,1.200000,2.079949,-3.719155,6.746738
381,1.250000,1.896036,-3.633536,6.983382
381,1.300000,1.716938,-3.527359,7.199370
381,1.350000,1.543562,-3.405424,7.397233
381,1.400000,1.376585,-3.272097,7.579254
381,1.450000,1.216477,-3.131272,7.747449
381,1.500000,1.063526,-2.986360,7.903564
381,1.550000,0.917860,-2.840292,8.049098
381,1.600000,0.779474,-2.695543,8.185324
381,1.650000,0.648249,-2.554164,8.313323
381,1.700000,0.523974,-2.417819,8.434018
381,1.750000,0.406361,-2.287827,8.548200
381,1.800000,0.295068,-2.165207,8.656560
381,1.850000,0.189705,-2.050721,8.759712
381,1.900000,0.089851,-1.944913,8.858211
381,1.950000,-0.004937,-1.848148,8.952574
381,2.000000,-0.095118,-1.760647,9.043287
381,2.050000,-0.181158,-1.682520,9.130821
381,2.100000,-0.263526,-1.613789,9.215634
381,2.150000,-0.342693,-1.554418,9.298182
381,2.200000,-0.419123,-1.504331,9.378921
381,2.250000,-0.493279,-1.463430,9.458310
381,2.300000,-0.565617,-1.431615,9.536819
381,2.350000,-0.636590,-1.408795,9.614927
381,2.400000,-0.706646,-1.394902,9.693132
381,2.450000,-0.776229,-1.389900,9.771948
381,2.500000,-0.845784,-1.393800,9.851917
381,2.550000,-0.915758,-1.406665,9.933610
381,2.600000,-0.986602,-1.428625,10.017637
381,2.650000,-1.058775,-1.459883,10.104651
381,2.700000,-1.132750,-1.500727,10.195365
381,2.750000,-1.209014,-1.551544,10.290557
381,2.800000,-1.288078,-1.612831,10.391090
381,2.850000,-1.370482,-1.685214,10.497924
381,2.900000,-1.456797,-1.769464,10.612146
381,2.950000,-1.547641,-1.866517,10.734986
381,3.000000,-1.643681,-1.977509,10.867857
381,3.050000,-1.745647,-2.103799,11.012389
381,3.100000,-1.854343,-2.247014,11.170483
381,3.150000,-1.970662,-2.409096,11.344365
381,3.200000,-2.095605,-2.592363,11.536664
381,3.250000,-2.230297,-2.799582,11.750507
381,3.300000,-2.376017,-3.034062,11.989634
381,3.350000,-2.534223,-3.299770,12.258547
381,3.400000,-2.706593,-3.601479,12.562701
381,3.450000,-2.895066,-3.944956,12.908740
381,3.500000,-3.101900,-4.337198,13.304809
381,3.550000,-3.329739,-4.786746,13.760942
381,3.600000,-3.581702,-5.304082,14.289581
381,3.650000,-3.861490,-5.902163,14.906232

382,0.000000,2.499248,6.000000,6.000000
382,0.050000,2.786764,5.494566,5.494563
382,0.100000,3.048096,4.952705,4.952700
382,0.150000,3.281451,4.375933,4.375921
382,0.200000,3.485171,3.768136,3.768115
382,0.250000,3.657846,3.135319,3.135277
382,0.300000,3.798414,2.485253,2.485166
382,0.350000,3.906236,1.827060,1.826856
382,0.400000,3.981151,1.170729,1.170124
382,0.450000,4.023513,0.526604,0.523903
382,0.500000,4.034186,-0.095123,0.088772
382,0.550000,4.014534,-0.684894,1.083386
382,0.600000,3.966373,-1.234204,1.566163
382,0.650000,3.891909,-1.735930,2.107826
382,0.700000,3.793666,-2.184564,2.657067
382,0.750000,3.674402,-2.576335,3.193020
382,0.800000,3.537016,-2.909230,3.705025
382,0.850000,3.384468,-3.182915,4.187109
382,0.900000,3.219693,-3.398588,4.636091
382,0.950000,3.045535,-3.558764,5.050723
382,1.000000,2.864683,-3.667037,5.431169
382,1.050000,2.679624,-3.727812,5.778630
382,1.100000,2.492611,-3.746055,6.095029
382,1.150000,2.305640,-3.727047,6.382748
382,1.200000,2.120438,-3.676177,6.644410
382,1.250000,1.938464,-3.598753,6.882706
382,1.300000,1.760920,-3.499868,7.100257
382,1.350000,1.588756,-3.384283,7.299527
382,1.400000,1.422697,-3.256359,7.482761
382,1.450000,1.263260,-3.120011,7.651958
382,1.500000,1.110778,-2.978686,7.808863
382,1.550000,0.965424,-2.835365,7.954984
382,1.600000,0.827233,-2.692583,8.091605
382,1.650000,0.696122,-2.552453,8.219822
382,1.700000,0.571914,-2.416700,8.340569
382,1.750000,0.454356,-2.286707,8.454646
382,1.800000,0.343129,-2.163550,8.562752
382,1.850000,0.237873,-2.048044,8.665500
382,1.900000,0.138188,-1.940781,8.763448
382,1.950000,0.043651,-1.842165,8.857105
382,2.000000,-0.046177,-1.752453,8.946952
382,2.050000,-0.131745,-1.671779,9.033447
382,2.100000,-0.213507,-1.600187,9.117037
382,2.150000,-0.291915,-1.537653,9.198159
382,2.200000,-0.367422,-1.484106,9.277252
382,2.250000,-0.440474,-1.439449,9.354754
382,2.300000,-0.511513,-1.403574,9.431109
382,2.350000,-0.580976,-1.376374,9.506770
382,2.400000,-0.649293,-1.357761,9.582202
382,2.450000,-0.716894,-1.347670,9.657883
382,2.500000,-0.784202,-1.346075,9.734314
382,2.550000,-0.851643,-1.352995,9.812018
382,2.600000,-0.919644,-1.368505,9.891548
382,2.650000,-0.988639,-1.392742,9.973496
382,2.700000,-1.059067,-1.425919,10.058497
382,2.750000,-1.131384,-1.468333,10.147243
382,2.800000,-1.206061,-1.520375,10.240489
382,2.850000,-1.283591,-1.582547,10.339076
382,2.900000,-1.364495,-1.655471,10.443941
382,2.950000,-1.449330,-1.739915,10.556138
382,3.000000,-1.538694,-1.836808,10.676870
382,3.050000,-1.633236,-1.947269,10.807513
382,3.100000,-1.733669,-2.072638,10.949656
382,3.150000,-1.840775,-2.214514,11.105151
382,3.200000,-1.955426,-2.374801,11.276168
382,3.250000,-2.078599,-2.555769,11.465268
382,3.300000,-2.211393,-2.760125,11.675496
382,3.350000,-2.355055,-2.991098,11.910491
382,3.400000,-2.511010,-3.252558,12.174633
382,3.450000,-2.680895,-3.549157,12.473220
382,3.500000,-2.866603,-3.886504,12.812706
382,3.550000,-3.070336,-4.271403,13.200993
382,3.600000,-3.294672,-4.712143,13.647809
382,3.650000,-3.542649,-5.218891,14.165203
382,3.700000,-3.817868,-5.804197,14.768180

383,0.000000,2.427068,6.000000,6.000000
383,0.050000,2.714949,5.509397,5.509395
383,0.100000,2.977416,4.983401,4.983396
383,0.150000,3.212715,4.423048,4.423038
383,0.200000,3.419203,3.831708,3.831688
383,0.250000,3.595459,3.214847,3.214811
383,0.300000,3.740382,2.579713,2.579640
383,0.350000,3.853269,1.934935,1.934770
383,0.400000,3.933874,1.290074,1.289621
383,0.450000,3.982442,0.655139,0.653309
383,0.500000,3.999720,0.040083,0.067864
383,0.550000,3.986940,-0.545658,0.890621
383,0.600000,3.945786,-1.093586,1.362628
383,0.650000,3.878334,-1.596475,1.901690
383,0.700000,3.786986,-2.048621,2.449469
383,0.750000,3.674387,-2.445976,2.984701
383,0.800000,3.543343,-2.786195,3.496837
383,0.850000,3.396733,-3.068581,3.979912
383,0.900000,3.237437,-3.293952,4.430643
383,0.950000,3.068254,-3.464457,4.847615
383,1.000000,2.891852,-3.583340,5.230801
383,1.050000,2.710713,-3.654701,5.581214
383,1.100000,2.527097,-3.683238,5.900611
383,1.150000,2.343019,-3.674016,6.191237
383,1.200000,2.160238,-3.632253,6.455613
383,1.250000,1.980249,-3.563138,6.696359
383,1.300000,1.804296,-3.471681,6.916058
383,1.350000,1.633375,-3.362604,7.117159
383,1.400000,1.468257,-3.240257,7.301909
383,1.450000,1.309505,-3.108567,7.472325
383,1.500000,1.157497,-2.971015,7.630176
383,1.550000,1.012450,-2.830631,7.776998
383,1.600000,0.874438,-2.690004,7.914102
383,1.650000,0.743417,-2.551309,8.042610
383,1.700000,0.619245,-2.416335,8.163476
383,1.750000,0.501697,-2.286524,8.277517
383,1.800000,0.390487,-2.163014,8.385442
383,1.850000,0.285277,-2.046671,8.487874
383,1.900000,0.185690,-1.938137,8.585370
383,1.950000,0.091325,-1.837858,8.678437
383,2.000000,0.001762,-1.746126,8.767552
383,2.050000,-0.083433,-1.663106,8.853162
383,2.100000,-0.164695,-1.588863,8.935703
383,2.150000,-0.242465,-1.523389,9.015600
383,2.200000,-0.317179,-1.466623,9.093272
383,2.250000,-0.389271,-1.418470,9.169140
383,2.300000,-0.459168,-1.378818,9.243627
383,2.350000,-0.527292,-1.347551,9.317160
383,2.400000,-0.594061,-1.324563,9.390177
383,2.450000,-0.659885,-1.309767,9.463126
383,2.500000,-0.725173,-1.303106,9.536471
383,2.550000,-0.790331,-1.304563,9.610696
383,2.600000,-0.855765,-1.314164,9.686308
383,2.650000,-0.921884,-1.331994,9.763843
383,2.700000,-0.989104,-1.358201,9.843875
383,2.750000,-1.057848,-1.393004,9.927023
383,2.800000,-1.128552,-1.436705,10.013957
383,2.850000,-1.201673,-1.489700,10.105415
383,2.900000,-1.277685,-1.552490,10.202216
383,2.950000,-1.357095,-1.625697,10.305271
383,3.000000,-1.440441,-1.710079,10.415613
383,3.050000,-1.528304,-1.806555,10.534412
383,3.100000,-1.621316,-1.916226,10.663012
383,3.150000,-1.720169,-2.040409,10.802966
383,3.200000,-1.825625,-2.180669,10.956080
383,3.250000,-1.938534,-2.338871,11.124471
383,3.300000,-2.059848,-2.517231,11.310636
383,3.350000,-2.190637,-2.718388,11.517542
383,3.400000,-2.332118,-2.945489,11.748733
383,3.450000,-2.485680,-3.202299,12.008468
383,3.500000,-2.652918,-3.493336,12.301899
383,3.550000,-2.835674,-3.824045,12.635290
383,3.600000,-3.036092,-4.201020,13.016304
383,3.650000,-3.256679,-4.632287,13.454365
383,3.700000,-3.500387,-5.127678,13.961129
383,3.750000,-3.770714,-5.699310,14.551092

384,0.000000,2.354887,6.000000,6.000000
384,0.050000,2.643121,5.523723,5.523721
384,0.100000,2.906686,5.013126,5.013121
384,0.150000,3.143870,4.468784,4.468775
384,0.200000,3.353048,3.893564,3.893547
384,0.250000,3.532793,3.292409,3.292378
384,0.300000,3.681968,2.672047,2.671986
384,0.350000,3.799813,2.040624,2.040491
384,0.400000,3.885998,1.407275,1.406929
384,0.450000,3.940669,0.781659,0.780405
384,0.500000,3.964456,0.173487,0.171405
384,0.550000,3.958465,-0.407946,0.421847
384,0.600000,3.924249,-0.954166,1.022304
384,0.650000,3.863759,-1.457865,1.603704
384,0.700000,3.779271,-1.913161,2.171591
384,0.750000,3.673323,-2.315749,2.718309
384,0.800000,3.548621,-2.662970,3.238197
384,0.850000,3.407968,-2.953771,3.727335
384,0.900000,3.254178,-3.188606,4.183340
384,0.950000,3.090012,-3.369257,4.605180
384,1.000000,2.918109,-3.498627,4.992965
384,1.050000,2.740941,-3.580504,5.347722
384,1.100000,2.560776,-3.619319,5.671174
384,1.150000,2.379647,-3.619913,5.965520
384,1.200000,2.199338,-3.587329,6.233240
384,1.250000,2.021383,-3.526628,6.476929
384,1.300000,1.847062,-3.442733,6.699163
384,1.350000,1.677418,-3.340318,6.902398
384,1.400000,1.513267,-3.223714,7.088906
384,1.450000,1.355217,-3.096860,7.260733
384,1.500000,1.203693,-2.963265,7.419687
384,1.550000,1.058952,-2.826003,7.567337
384,1.600000,0.921109,-2.687718,7.705034
384,1.650000,0.790159,-2.550644,7.833928
384,1.700000,0.665994,-2.416630,7.955001
384,1.750000,0.548420,-2.287183,8.069092
384,1.800000,0.437179,-2.163497,8.176924
384,1.850000,0.331959,-2.046495,8.279129
384,1.900000,0.232407,-1.936866,8.376269
384,1.950000,0.138141,-1.835104,8.468853
384,2.000000,0.048760,-1.741536,8.557351
384,2.050000,-0.036152,-1.656358,8.642207
384,2.100000,-0.117018,-1.579661,8.723844
384,2.150000,-0.194260,-1.511455,8.802676
384,2.200000,-0.268304,-1.451691,8.879108
384,2.250000,-0.339568,-1.400281,8.953543
384,2.300000,-0.408469,-1.357111,9.026384
384,2.350000,-0.475415,-1.322061,9.098040
384,2.400000,-0.540808,-1.295011,9.168922
384,2.450000,-0.605047,-1.275856,9.239452
384,2.500000,-0.668524,-1.264516,9.310064
384,2.550000,-0.731628,-1.260939,9.381207
384,2.600000,-0.794747,-1.265117,9.453346
384,2.650000,-0.858270,-1.277086,9.526975
384,2.700000,-0.922587,-1.296939,9.602613
384,2.750000,-0.988097,-1.324830,9.680818
384,2.800000,-1.055208,-1.360987,9.762188
384,2.850000,-1.124339,-1.405716,9.847378
384,2.900000,-1.195929,-1.459412,9.937107
384,2.950000,-1.270438,-1.522577,10.032169
384,3.000000,-1.348354,-1.595826,10.133456
384,3.050000,-1.430201,-1.679910,10.241973
384,3.100000,-1.516541,-1.775732,10.358862
384,3.150000,-1.607987,-1.884374,10.485436
384,3.200000,-1.705213,-2.007123,10.623207
384,3.250000,-1.808960,-2.145513,10.773938
384,3.300000,-1.920055,-2.301361,10.939691
384,3.350000,-2.039423,-2.476827,11.122900
384,3.400000,-2.168107,-2.674477,11.326452
384,3.450000,-2.307290,-2.897369,11.553792
384,3.500000,-2.458324,-3.149157,11.809059
384,3.550000,-2.622760,-3.434218,12.097253
384,3.600000,-2.802388,-3.757824,12.424444
384,3.650000,-2.999289,-4.126347,12.798050
384,3.700000,-3.215898,-4.547538,13.227181
384,3.750000,-3.455077,-5.030874,13.723086
384,3.800000,-3.720213,-5.588025,14.299738

385,0.000000,2.282707,6.000000,6.000000
385,0.050000,2.571281,5.537543,5.537541
385,0.100000,2.835906,5.041880,5.041876
385,0.150000,3.074916,4.513140,4.513132
385,0.200000,3.286707,3.953700,3.953685
385,0.250000,3.469847,3.367994,3.367967
385,0.300000,3.623171,2.762242,2.762191
385,0.350000,3.745864,2.144109,2.144001
385,0.400000,3.837521,1.522303,1.522036
385,0.450000,3.898189,0.906133,0.905254
385,0.500000,3.928386,0.305051,0.301055
385,0.550000,3.929099,-0.271799,0.271720
385,0.600000,3.901752,-0.815987,0.889049
385,0.650000,3.848169,-1.320142,1.454218
385,0.700000,3.770508,-1.778223,2.012258
385,0.750000,3.671192,-2.185689,2.552654
385,0.800000,3.552833,-2.539578,3.068736
385,0.850000,3.418152,-2.838502,3.556018
385,0.900000,3.269899,-3.082554,4.011689
385,0.950000,3.110789,-3.273160,4.434350
385,1.000000,2.943433,-3.412881,4.823786
385,1.050000,2.770292,-3.505196,5.180746
385,1.100000,2.593634,-3.554261,5.506712
385,1.150000,2.415510,-3.564693,5.803687
385,1.200000,2.237728,-3.541352,6.074003
385,1.250000,2.061856,-3.489162,6.320145
385,1.300000,1.889212,-3.412956,6.544615
385,1.350000,1.720883,-3.317351,6.749828
385,1.400000,1.557729,-3.206655,6.938039
385,1.450000,1.400403,-3.084812,7.111293
385,1.500000,1.249374,-2.955355,7.271412
385,1.550000,1.104942,-2.821400,7.419984
385,1.600000,0.967264,-2.685640,7.558384
385,1.650000,0.836370,-2.550368,7.687784
385,1.700000,0.712187,-2.417496,7.809188
385,1.750000,0.594554,-2.288588,7.923452
385,1.800000,0.483241,-2.164901,8.031313
385,1.850000,0.377961,-2.047411,8.133411
385,1.900000,0.278384,-1.936860,8.230314
385,1.950000,0.184150,-1.833785,8.322532
385,2.000000,0.094875,-1.738555,8.410532
385,2.050000,0.010160,-1.651398,8.494754
385,2.100000,-0.070402,-1.572433,8.575613
385,2.150000,-0.147220,-1.501689,8.653511
385,2.200000,-0.220707,-1.439133,8.728843
385,2.250000,-0.291269,-1.384685,8.801995
385,2.300000,-0.359309,-1.338236,8.873357
385,2.350000,-0.425224,-1.299660,8.943315
385,2.400000,-0.489404,-1.268832,9.012261
385,2.450000,-0.552234,-1.245632,9.080594
385,2.500000,-0.614092,-1.229959,9.148720
385,2.550000,-0.675354,-1.221736,9.217057
385,2.600000,-0.736389,-1.220923,9.286039
385,2.650000,-0.797570,-1.227517,9.356115
385,2.700000,-0.859265,-1.241564,9.427763
385,2.750000,-0.921852,-1.263164,9.501484
385,2.800000,-0.985710,-1.292479,9.577818
385,2.850000,-1.051232,-1.329739,9.657347
385,2.900000,-1.118822,-1.375254,9.740704
385,2.950000,-1.188901,-1.429420,9.828586
385,3.000000,-1.261916,-1.492734,9.921766
385,3.050000,-1.338337,-1.565805,10.021109
385,3.100000,-1.418671,-1.649372,10.127591
385,3.150000,-1.503464,-1.744321,10.242323
385,3.200000,-1.593310,-1.851711,10.366578
385,3.250000,-1.688863,-1.972801,10.501827
385,3.300000,-1.790843,-2.109084,10.649779
385,3.350000,-1.900054,-2.262330,10.812437
385,3.400000,-2.017394,-2.434637,10.992158
385,3.450000,-2.143876,-2.628497,11.191740
385,3.500000,-2.280651,-2.846872,11.414519
385,3.550000,-2.429030,-3.093298,11.664494
385,3.600000,-2.590518,-3.372006,11.946495
385,3.650000,-2.766853,-3.688085,12.266380
385,3.700000,-2.960051,-4.047679,12.631294
385,3.750000,-3.172469,-4.458250,13.050006
385,3.800000,-3.406875,-4.928911,13.533327
385,3.850000,-3.666545,-5.470863,14.094668

386,0.000000,2.210526,6.000000,6.000000
386,0.050000,2.499428,5.550857,5.550856
386,0.100000,2.765076,5.069663,5.069659
386,0.150000,3.005853,4.556112,4.556105
386,0.200000,3.220179,4.012111,4.012098
386,0.250000,3.406621,3.441594,3.441571
386,0.300000,3.563991,2.850284,2.850240
386,0.350000,3.691422,2.245370,2.245281
386,0.400000,3.788439,1.635133,1.634924
386,0.450000,3.854996,1.028527,1.027897
386,0.500000,3.891505,0.434737,0.431844
386,0.550000,3.898834,-0.137259,0.128829
386,0.600000,3.878283,-0.679092,0.867192
386,0.650000,3.831552,-1.183348,1.374311
386,0.700000,3.760680,-1.643848,1.904809
386,0.750000,3.667978,-2.055829,2.429333
386,0.800000,3.555961,-2.416049,2.935732
386,0.850000,3.427266,-2.722792,3.417246
386,0.900000,3.284579,-2.975805,3.869856
386,0.950000,3.130565,-3.176163,4.291388
386,1.000000,2.967804,-3.326089,4.681069
386,1.050000,2.798744,-3.428750,5.039216
386,1.100000,2.625653,-3.488029,5.366975
386,1.150000,2.450592,-3.508309,5.666082
386,1.200000,2.275395,-3.494266,5.938665
386,1.250000,2.101658,-3.450680,6.187059
386,1.300000,1.930740,-3.382284,6.413661
386,1.350000,1.763767,-3.293632,6.620819
386,1.400000,1.601643,-3.189005,6.810749
386,1.450000,1.445067,-3.072344,6.985482
386,1.500000,1.294550,-2.947204,7.146841
386,1.550000,1.150435,-2.816737,7.296425
386,1.600000,1.012919,-2.683684,7.435625
386,1.650000,0.882070,-2.550395,7.565633
386,1.700000,0.757850,-2.418840,7.687471
386,1.750000,0.640130,-2.290647,7.802012
386,1.800000,0.528707,-2.167128,7.910005
386,1.850000,0.423322,-2.049319,8.012100
386,1.900000,0.323667,-1.938012,8.108872
386,1.950000,0.229402,-1.833791,8.200832
386,2.000000,0.140163,-1.737065,8.288448
386,2.050000,0.055567,-1.648099,8.372153
386,2.100000,-0.024779,-1.567040,8.452358
386,2.150000,-0.101270,-1.493940,8.529457
386,2.200000,-0.174305,-1.428783,8.603832
386,2.250000,-0.244280,-1.371501,8.675859
386,2.300000,-0.311585,-1.321989,8.745911
386,2.350000,-0.376606,-1.280125,8.814359
386,2.400000,-0.439722,-1.245777,8.881577
386,2.450000,-0.501307,-1.218814,8.947943
386,2.500000,-0.561725,-1.199121,9.013839
386,2.550000,-0.621338,-1.186600,9.079658
386,2.600000,-0.680503,-1.181183,9.145801
386,2.650000,-0.739574,-1.182836,9.212687
386,2.700000,-0.798905,-1.191564,9.280751
386,2.750000,-0.858849,-1.207421,9.350452
386,2.800000,-0.919767,-1.230514,9.422276
386,2.850000,-0.982024,-1.261010,9.496744
386,2.900000,-1.045995,-1.299143,9.574417
386,2.950000,-1.112071,-1.345223,9.655910
386,3.000000,-1.180657,-1.399645,9.741898
386,3.050000,-1.252182,-1.462900,9.833128
386,3.100000,-1.327104,-1.535589,9.930440
386,3.150000,-1.405910,-1.618436,10.034778
386,3.200000,-1.489131,-1.712310,10.147220
386,3.250000,-1.577342,-1.818244,10.268998
386,3.300000,-1.671176,-1.937465,10.401536
386,3.350000,-1.771334,-2.071424,10.546489
386,3.400000,-1.878593,-2.221840,10.705792
386,3.450000,-1.993826,-2.390747,10.881726
386,3.500000,-2.118015,-2.580556,11.076990
386,3.550000,-2.252277,-2.794131,11.294802
386,3.600000,-2.397881,-3.034886,11.539017
386,3.650000,-2.556286,-3.306900,11.814282
386,3.700000,-2.729172,-3.615072,12.126230
386,3.750000,-2.918493,-3.965309,12.481723
386,3.800000,-3.126522,-4.364777,12.889169
386,3.850000,-3.355934,-4.822212,13.358924
386,3.900000,-3.609886,-5.348335,13.903815
386,3.950000,-3.892130,-5.956400,14.539814

387,0.000000,2.138346,6.000000,6.000000
387,0.050000,2.427562,5.563666,5.563665
387,0.100000,2.694197,5.096473,5.096470
387,0.150000,2.936681,4.597700,4.597694
387,0.200000,3.153463,4.068792,4.068781
387,0.250000,3.343114,3.513201,3.513180
387,0.300000,3.504425,2.936158,2.936121
387,0.350000,3.636484,2.344385,2.344311
387,0.400000,3.738748,1.745737,1.745572
387,0.450000,3.811086,1.148809,1.148347
387,0.500000,3.853807,0.562507,0.560587
387,0.550000,3.867662,-0.004369,0.050142
387,0.600000,3.853833,-0.543527,1.106578
387,0.650000,3.813896,-1.047529,1.482093
387,0.700000,3.749772,-1.510077,1.940846
387,0.750000,3.663664,-1.926207,2.423293
387,0.800000,3.557985,-2.292411,2.903394
387,0.850000,3.435290,-2.606662,3.367990
387,0.900000,3.298197,-2.868370,3.809746
387,0.950000,3.149318,-3.078265,4.224555
387,1.000000,2.991203,-3.238237,4.610401
387,1.050000,2.826280,-3.351142,4.966740
387,1.100000,2.656814,-3.420587,5.294092
387,1.150000,2.484877,-3.450719,5.593731
387,1.200000,2.312323,-3.446019,5.867435
387,1.250000,2.140779,-3.411121,6.117278
387,1.300000,1.971637,-3.350649,6.345471
387,1.350000,1.806065,-3.269089,6.554229
387,1.400000,1.645009,-3.170687,6.745679
387,1.450000,1.489211,-3.059378,6.921800
387,1.500000,1.339227,-2.938730,7.084382
387,1.550000,1.195441,-2.811930,7.235014
387,1.600000,1.058089,-2.681765,7.375085
387,1.650000,0.927280,-2.550637,7.505796
387,1.700000,0.803008,-2.420576,7.628175
387,1.750000,0.685176,-2.293268,7.743106
387,1.800000,0.573612,-2.170087,7.851348
387,1.850000,0.468080,-2.052122,7.953559
387,1.900000,0.368299,-1.940220,8.050317
387,1.950000,0.273947,-1.835013,8.142137
387,2.000000,0.184678,-1.736953,8.229485
387,2.050000,0.100127,-1.646339,8.312793
387,2.100000,0.019917,-1.563350,8.392466
387,2.150000,-0.056336,-1.488064,8.468890
387,2.200000,-0.129018,-1.420485,8.542441
387,2.250000,-0.198512,-1.360556,8.613482
387,2.300000,-0.265199,-1.308184,8.682374
387,2.350000,-0.329454,-1.263248,8.749475
387,2.400000,-0.391646,-1.225613,8.815142
387,2.450000,-0.452135,-1.195145,8.879734
387,2.500000,-0.511277,-1.171714,8.943615
387,2.550000,-0.569422,-1.155208,9.007153
387,2.600000,-0.626912,-1.145534,9.070724
387,2.650000,-0.684088,-1.142632,9.134718
387,2.700000,-0.741288,-1.146475,9.199535
387,2.750000,-0.798848,-1.157076,9.265595
387,2.800000,-0.857109,-1.174497,9.333339
387,2.850000,-0.916413,-1.198848,9.403236
387,2.900000,-0.977112,-1.230302,9.475788
387,2.950000,-1.039566,-1.269094,9.551537
387,3.000000,-1.104149,-1.315535,9.631075
387,3.050000,-1.171253,-1.370016,9.715053
387,3.100000,-1.241292,-1.433020,9.804193
387,3.150000,-1.314707,-1.505139,9.899305
387,3.200000,-1.391970,-1.587081,10.001300
387,3.250000,-1.473593,-1.679693,10.111218
387,3.300000,-1.560133,-1.783983,10.230247
387,3.350000,-1.652205,-1.901141,10.359759
387,3.400000,-1.750485,-2.032577,10.501348
387,3.450000,-1.855728,-2.179954,10.656878
387,3.500000,-1.968779,-2.345239,10.828540
387,3.550000,-2.090589,-2.530760,11.018930
387,3.600000,-2.222238,-2.739280,11.231134
387,3.650000,-2.364954,-2.974084,11.468851
387,3.700000,-2.520149,-3.239096,11.736533
387,3.750000,-2.689445,-3.539019,12.039568
387,3.800000,-2.874726,-3.879520,12.384515
387,3.850000,-3.078186,-4.267458,12.779402
387,3.900000,-3.302399,-4.711186,13.234103
387,3.950000,-3.550402,-5.220937,13.760835
387,4.000000,-3.825801,-5.809339,14.374789

388,0.000000,2.066165,6.000000,6.000000
388,0.050000,2.355683,5.575968,5.575967
388,0.100000,2.623267,5.122310,5.122307
388,0.150000,2.867400,4.637900,4.637894
388,0.200000,3.086560,4.123738,4.123728
388,0.250000,3.279326,3.582803,3.582786
388,0.300000,3.444472,3.019850,3.019818
388,0.350000,3.581048,2.441134,2.441073
388,0.400000,3.688446,1.854089,1.853957
388,0.450000,3.766455,1.266944,1.266598
388,0.500000,3.815283,0.688321,0.687040
388,0.550000,3.835573,0.126828,0.127570
388,0.600000,3.828389,-0.409337,0.440754
388,0.650000,3.795187,-0.912731,0.983998
388,0.700000,3.737770,-1.376954,1.520614
388,0.750000,3.658232,-1.796861,2.045879
388,0.800000,3.558887,-2.168696,2.552446
388,0.850000,3.442204,-2.490135,3.035097
388,0.900000,3.310730,-2.760260,3.490228
388,0.950000,3.167028,-2.979466,3.915617
388,1.000000,3.013608,-3.149314,4.310237
388,1.050000,2.852878,-3.272350,4.674075
388,1.100000,2.687098,-3.351902,5.007937
388,1.150000,2.518348,-3.391877,5.313256
388,1.200000,2.348499,-3.396559,5.591902
388,1.250000,2.179206,-3.370424,5.846016
388,1.300000,2.011895,-3.317984,6.077860
388,1.350000,1.847772,-3.243650,6.289700
388,1.400000,1.687825,-3.151627,6.483716
388,1.450000,1.532839,-3.045833,6.661941
388,1.500000,1.383411,-2.929853,6.826223
388,1.550000,1.239969,-2.806897,6.978206
388,1.600000,1.102790,-2.679798,7.119329
388,1.650000,0.972018,-2.551008,7.250837
388,1.700000,0.847682,-2.422615,7.373802
388,1.750000,0.729720,-2.296363,7.489139
388,1.800000,0.617986,-2.173683,7.597633
388,1.850000,0.512273,-2.055725,7.699963
388,1.900000,0.412320,-1.943387,7.796720
388,1.950000,0.317829,-1.837349,7.888427
388,2.000000,0.228472,-1.738108,7.975554
388,2.050000,0.143899,-1.646001,8.058534
388,2.100000,0.063749,-1.561240,8.137768
388,2.150000,-0.012349,-1.483929,8.213637
388,2.200000,-0.084768,-1.414093,8.286507
388,2.250000,-0.153882,-1.351694,8.356733
388,2.300000,-0.220060,-1.296646,8.424664
388,2.350000,-0.283667,-1.248836,8.490644
388,2.400000,-0.345062,-1.208130,8.555017
388,2.450000,-0.404596,-1.174389,8.618126
388,2.500000,-0.462615,-1.147476,8.680316
388,2.550000,-0.519456,-1.127265,8.741935
388,2.600000,-0.575451,-1.113646,8.803340
388,2.650000,-0.630929,-1.106536,8.864891
388,2.700000,-0.686212,-1.105880,8.926964
388,2.750000,-0.741624,-1.111658,8.989945
388,2.800000,-0.797486,-1.123892,9.054240
388,2.850000,-0.854122,-1.142646,9.120274
388,2.900000,-0.911861,-1.168040,9.188501
388,2.950000,-0.971039,-1.200246,9.259407
388,3.000000,-1.032003,-1.239501,9.333518
388,3.050000,-1.095112,-1.286114,9.411406
388,3.100000,-1.160743,-1.340471,9.493704
388,3.150000,-1.229296,-1.403048,9.581113
388,3.200000,-1.301194,-1.474423,9.674417
388,3.250000,-1.376896,-1.555288,9.774504
388,3.300000,-1.456895,-1.646467,9.882379
388,3.350000,-1.541731,-1.748939,9.999198
388,3.400000,-1.631996,-1.863858,10.126290
388,3.450000,-1.728346,-1.992586,10.265200
388,3.500000,-1.831511,-2.136733,10.417732
388,3.550000,-1.942308,-2.298194,10.586005
388,3.600000,-2.061656,-2.479212,10.772527
388,3.650000,-2.190599,-2.682444,10.980276
388,3.700000,-2.330323,-2.911045,11.212814
388,3.750000,-2.482188,-3.168780,11.474425
388,3.800000,-2.647760,-3.460154,11.770284
388,3.850000,-2.828853,-3.790584,12.106679
388,3.900000,-3.027577,-4.166620,12.491292
388,3.950000,-3.246406,-4.596226,12.933556
388,4.000000,-3.488253,-5.089141,13.445118
388,4.050000,-3.756573,-5.657361,14.040429

389,0.000000,1.993985,6.000000,6.000000
389,0.050000,2.283791,5.587765,5.587764
389,0.100000,2.552287,5.147173,5.147170
389,0.150000,2.798009,4.676710,4.676705
389,0.200000,3.019469,4.176944,4.176935
389,0.250000,3.215256,3.650394,3.650379
389,0.300000,3.384132,3.101344,3.101317
389,0.350000,3.525111,2.535597,2.535546
389,0.400000,3.637530,1.960160,1.960054
389,0.450000,3.721097,1.382898,1.382635
389,0.500000,3.775928,0.812140,0.811264
389,0.550000,3.802560,0.256287,0.252496
389,0.600000,3.801941,-0.276570,0.277969
389,0.650000,3.775411,-0.779001,0.842262
389,0.700000,3.724658,-1.244524,1.368418
389,0.750000,3.651664,-1.667833,1.886826
389,0.800000,3.558646,-2.044938,2.388993
389,0.850000,3.447985,-2.373234,2.869181
389,0.900000,3.322158,-2.651489,3.323426
389,0.950000,3.183671,-2.879770,3.749187
389,1.000000,3.034995,-3.059312,4.145144
389,1.050000,2.878515,-3.192353,4.511012
389,1.100000,2.716484,-3.281942,4.847357
389,1.150000,2.550985,-3.331742,5.155404
389,1.200000,2.383906,-3.345833,5.436856
389,1.250000,2.216925,-3.328530,5.693718
389,1.300000,2.051503,-3.284224,5.928158
389,1.350000,1.888881,-3.217244,6.142378
389,1.400000,1.730087,-3.131746,6.338522
389,1.450000,1.575949,-3.031632,6.518607
389,1.500000,1.427108,-2.920489,6.684483
389,1.550000,1.284030,-2.801554,6.837806
389,1.600000,1.147034,-2.677699,6.980035
389,1.650000,1.016300,-2.551423,7.112438
389,1.700000,0.891896,-2.424869,7.236108
389,1.750000,0.773788,-2.299841,7.351983
389,1.800000,0.661861,-2.177828,7.460865
389,1.850000,0.555935,-2.060036,7.563447
389,1.900000,0.455772,-1.947416,7.660332
389,1.950000,0.361095,-1.840700,7.752049
389,2.000000,0.271594,-1.740427,7.839074
389,2.050000,0.186938,-1.646976,7.921838
389,2.100000,0.106779,-1.560592,8.000741
389,2.150000,0.030759,-1.481408,8.076159
389,2.200000,-0.041483,-1.409473,8.148452
389,2.250000,-0.110309,-1.344765,8.217968
389,2.300000,-0.176079,-1.287214,8.285045
389,2.350000,-0.239148,-1.236712,8.350017
389,2.400000,-0.299865,-1.193131,8.413215
389,2.450000,-0.358574,-1.156330,8.474967
389,2.500000,-0.415609,-1.126166,8.535604
389,2.550000,-0.471299,-1.102503,8.595457
389,2.600000,-0.525965,-1.085220,8.654861
389,2.650000,-0.579925,-1.074212,8.714158
389,2.700000,-0.633490,-1.069401,8.773695
389,2.750000,-0.686968,-1.070741,8.833832
389,2.800000,-0.740666,-1.078219,8.894943
389,2.850000,-0.794892,-1.091861,8.957415
389,2.900000,-0.849956,-1.111739,9.021661
389,2.950000,-0.906172,-1.137974,9.088116
389,3.000000,-0.963862,-1.170742,9.157249
389,3.050000,-1.023359,-1.210279,9.229566
389,3.100000,-1.085008,-1.256890,9.305622
389,3.150000,-1.149172,-1.310955,9.386025
389,3.200000,-1.216235,-1.372942,9.471451
389,3.250000,-1.286607,-1.443413,9.562658
389,3.300000,-1.360729,-1.523042,9.660502
389,3.350000,-1.439077,-1.612630,9.765952
389,3.400000,-1.522174,-1.713124,9.880122
389,3.450000,-1.610590,-1.825640,10.004291
389,3.500000,-1.704960,-1.951494,10.139947
389,3.550000,-1.805987,-2.092234,10.288822
389,3.600000,-1.914461,-2.249688,10.452954
389,3.650000,-2.031270,-2.426007,10.634746
389,3.700000,-2.157418,-2.623743,10.837052
389,3.750000,-2.294051,-2.845917,11.063281
389,3.800000,-2.442477,-3.096131,11.317525
389,3.850000,-2.604202,-3.378688,11.604722
389,3.900000,-2.780970,-3.698756,11.930863
389,3.950000,-2.974806,-4.062571,12.303256
389,4.000000,-3.188080,-4.477704,12.730861
389,4.050000,-3.423583,-4.953396,13.224718
389,4.100000,-3.684616,-5.501009,13.798511

390,0.000000,1.921805,6.000000,6.000000
390,0.050000,2.211887,5.599055,5.599054
390,0.100000,2.481258,5.171062,5.171059
390,0.150000,2.728509,4.714128,4.714124
390,0.200000,2.952190,4.228405,4.228397
390,0.250000,3.150903,3.715963,3.715949
390,0.300000,3.323403,3.180628,3.180605
390,0.350000,3.468673,2.627752,2.627709
390,0.400000,3.585995,2.063923,2.063837
390,0.450000,3.675007,1.496637,1.496434
390,0.500000,3.735735,0.933922,0.933306
390,0.550000,3.768613,0.383963,0.381121
390,0.600000,3.774478,-0.145274,0.138552
390,0.650000,3.754555,-0.646388,0.784714
390,0.700000,3.710418,-1.112836,1.268880
390,0.750000,3.643942,-1.539165,1.767225
390,0.800000,3.557242,-1.921174,2.257825
390,0.850000,3.452612,-2.255988,2.731104
390,0.900000,3.332457,-2.542075,3.181480
390,0.950000,3.199223,-2.779181,3.605520
390,1.000000,3.055341,-2.968223,4.001307
390,1.050000,2.903170,-3.111131,4.368114
390,1.100000,2.744951,-3.210676,4.706154
390,1.150000,2.582769,-3.270271,5.016372
390,1.200000,2.418526,-3.293789,5.300244
390,1.250000,2.253923,-3.285378,5.559606
390,1.300000,2.090449,-3.249302,5.796495
390,1.350000,1.929383,-3.189798,6.013024
390,1.400000,1.771792,-3.110970,6.211280
390,1.450000,1.618543,-3.016694,6.393251
390,1.500000,1.470320,-2.910557,6.560773
390,1.550000,1.327631,-2.795818,6.715506
390,1.600000,1.190833,-2.675382,6.858923
390,1.650000,1.060145,-2.551795,6.992307
390,1.700000,0.935669,-2.427253,7.116772
390,1.750000,0.817404,-2.303616,7.233274
390,1.800000,0.705266,-2.182432,7.342634
390,1.850000,0.599099,-2.064963,7.445558
390,1.900000,0.498691,-1.952214,7.542660
390,1.950000,0.403786,-1.844967,7.634477
390,2.000000,0.314093,-1.743809,7.721490
390,2.050000,0.229297,-1.649158,7.804131
390,2.100000,0.149064,-1.561294,7.882799
390,2.150000,0.073051,-1.480382,7.957869
390,2.200000,0.000909,-1.406495,8.029693
390,2.250000,-0.067715,-1.339631,8.098614
390,2.300000,-0.133171,-1.279735,8.164961
390,2.350000,-0.195803,-1.226711,8.229060
390,2.400000,-0.255954,-1.180434,8.291229
390,2.450000,-0.313957,-1.140766,8.351785
390,2.500000,-0.370138,-1.107562,8.411045
390,2.550000,-0.424818,-1.080678,8.469325
390,2.600000,-0.478309,-1.059981,8.526943
390,2.650000,-0.530917,-1.045353,8.584221
390,2.700000,-0.582944,-1.036696,8.641486
390,2.750000,-0.634685,-1.033941,8.699074
390,2.800000,-0.686436,-1.037045,8.757329
390,2.850000,-0.738487,-1.046003,8.816609
390,2.900000,-0.791134,-1.060848,8.877289
390,2.950000,-0.844672,-1.081654,8.939763
390,3.000000,-0.899401,-1.108546,9.004451
390,3.050000,-0.955630,-1.141700,9.071805
390,3.100000,-1.013679,-1.181351,9.142311
390,3.150000,-1.073879,-1.227799,9.216502
390,3.200000,-1.136578,-1.281418,9.294965
390,3.250000,-1.202148,-1.342663,9.378351
390,3.300000,-1.270981,-1.412082,9.467389
390,3.350000,-1.343503,-1.490329,9.562901
390,3.400000,-1.420174,-1.578180,9.665822
390,3.450000,-1.501496,-1.676549,9.777219
390,3.500000,-1.588022,-1.786512,9.898322
390,3.550000,-1.680361,-1.909338,10.030558
390,3.600000,-1.779194,-2.046514,10.175588
390,3.650000,-1.885281,-2.199792,10.335361
390,3.700000,-1.999476,-2.371237,10.512175
390,3.750000,-2.122747,-2.563289,10.708756
390,3.800000,-2.256196,-2.778836,10.928355
390,3.850000,-2.401079,-3.021314,11.174868
390,3.900000,-2.558843,-3.294823,11.452991
390,3.950000,-2.731159,-3.604277,11.768412
390,4.000000,-2.919968,-3.955599,12.128060
390,4.050000,-3.127535,-4.355965,12.540413
390,4.100000,-3.356525,-4.814120,13.015905
390,4.150000,-3.610087,-5.340789,13.567443
390,4.200000,-3.891964,-5.949227,14.211075

391,0.000000,1.849624,6.000000,6.000000
391,0.050000,2.139970,5.609840,5.609839
391,0.100000,2.410178,5.193975,5.193973
391,0.150000,2.658900,4.750152,4.750149
391,0.200000,2.884722,4.278115,4.278108
391,0.250000,3.086267,3.779501,3.779489
391,0.300000,3.262284,3.257686,3.257666
391,0.350000,3.411730,2.717578,2.717542
391,0.400000,3.533840,2.165350,2.165279
391,0.450000,3.628182,1.608125,1.607966
391,0.500000,3.694698,1.053625,1.053182
391,0.550000,3.733723,0.509808,0.507955
391,0.600000,3.745988,-0.015499,0.046135
391,0.650000,3.732605,-0.514943,1.072016
391,0.700000,3.695035,-0.981937,1.414441
391,0.750000,3.635046,-1.410902,1.835420
391,0.800000,3.554654,-1.797440,2.280569
391,0.850000,3.456063,-2.138425,2.725406
391,0.900000,3.341602,-2.432035,3.157421
391,0.950000,3.213660,-2.677707,3.569581
391,1.000000,3.074622,-2.876041,3.957883
391,1.050000,2.926819,-3.028668,4.320271
391,1.100000,2.772476,-3.138074,4.656050
391,1.150000,2.613679,-3.207425,4.965512
391,1.200000,2.452341,-3.240379,5.249652
391,1.250000,2.290182,-3.240911,5.509946
391,1.300000,2.128722,-3.213150,5.748163
391,1.350000,1.969270,-3.161240,5.966221
391,1.400000,1.812933,-3.089221,6.166068
391,1.450000,1.660619,-3.000939,6.349595
391,1.500000,1.513050,-2.899976,6.518578
391,1.550000,1.370778,-2.789605,6.674641
391,1.600000,1.234197,-2.672762,6.819236
391,1.650000,1.103566,-2.552038,6.953644
391,1.700000,0.979020,-2.429680,7.078980
391,1.750000,0.860593,-2.307601,7.196205
391,1.800000,0.748229,-2.187408,7.306149
391,1.850000,0.641799,-2.070417,7.409527
391,1.900000,0.541116,-1.957690,7.506960
391,1.950000,0.445945,-1.850059,7.598991
391,2.000000,0.356014,-1.748157,7.686102
391,2.050000,0.271026,-1.652445,7.768730
391,2.100000,0.190661,-1.563240,7.847272
391,2.150000,0.114590,-1.480738,7.922100
391,2.200000,0.042474,-1.405039,7.993563
391,2.250000,-0.026028,-1.336163,8.061998
391,2.300000,-0.091255,-1.274072,8.127729
391,2.350000,-0.153547,-1.218680,8.191071
391,2.400000,-0.213233,-1.169873,8.252335
391,2.450000,-0.270641,-1.127516,8.311827
391,2.500000,-0.326090,-1.091462,8.369852
391,2.550000,-0.379890,-1.061564,8.426713
391,2.600000,-0.432346,-1.037680,8.482714
391,2.650000,-0.483756,-1.019682,8.538159
391,2.700000,-0.534411,-1.007456,8.593358
391,2.750000,-0.584596,-1.000911,8.648624
391,2.800000,-0.634595,-0.999983,8.704278
391,2.850000,-0.684688,-1.004637,8.760651
391,2.900000,-0.735152,-1.014874,8.818086
391,2.950000,-0.786268,-1.030729,8.876942
391,3.000000,-0.838320,-1.052283,8.937597
391,3.050000,-0.891594,-1.079661,9.000453
391,3.100000,-0.946386,-1.113038,9.065943
391,3.150000,-1.003001,-1.152648,9.134534
391,3.200000,-1.061759,-1.198784,9.206737
391,3.250000,-1.122995,-1.251813,9.283113
391,3.300000,-1.187063,-1.312176,9.364287
391,3.350000,-1.254343,-1.380406,9.450956
391,3.400000,-1.325245,-1.457137,9.543908
391,3.450000,-1.400211,-1.543115,9.644035
391,3.500000,-1.479725,-1.639223,9.752358
391,3.550000,-1.564319,-1.746498,9.870053
391,3.600000,-1.654581,-1.866154,9.998477
391,3.650000,-1.751164,-1.999619,10.139215
391,3.700000,-1.854801,-2.148571,10.294121
391,3.750000,-1.966312,-2.314983,10.465380
391,3.800000,-2.086628,-2.501184,10.655579
391,3.850000,-2.216806,-2.709927,10.867800
391,3.900000,-2.358051,-2.944481,11.105731
391,3.950000,-2.511748,-3.208741,11.373812
391,4.000000,-2.679496,-3.507368,11.677415
391,4.050000,-2.863150,-3.845972,12.023071
391,4.100000,-3.064871,-4.231333,12.418763
391,4.150000,-3.287198,-4.671700,12.874301
391,4.200000,-3.533124,-5.177171,13.401799
391,4.250000,-3.806205,-5.760195,14.016300

392,0.000000,1.777444,6.000000,6.000000
392,0.050000,2.068040,5.620117,5.620117
392,0.100000,2.339049,5.215913,5.215911
392,0.150000,2.589181,4.784780,4.784777
392,0.200000,2.817066,4.326070,4.326064
392,0.250000,3.021347,3.840998,3.840988
392,0.300000,3.200774,3.332503,3.332485
392,0.350000,3.354281,2.805055,2.805024
392,0.400000,3.481059,2.264412,2.264354
392,0.450000,3.580615,1.717327,1.717201
392,0.500000,3.652808,1.171208,1.170881
392,0.550000,3.697880,0.633776,0.632564
392,0.600000,3.716459,0.112703,0.113954
392,0.650000,3.709546,-0.384719,0.418684
392,0.700000,3.678492,-0.851880,0.920316
392,0.750000,3.624958,-1.283092,1.418478
392,0.800000,3.550860,-1.673778,1.907013
392,0.850000,3.458313,-2.020578,2.379065
392,0.900000,3.349570,-2.321392,2.829819
392,0.950000,3.226956,-2.575356,3.255923
392,1.000000,3.092812,-2.782765,3.655260
392,1.050000,2.949435,-2.944947,4.026781
392,1.100000,2.799035,-3.064109,4.370344
392,1.150000,2.643693,-3.143163,4.686548
392,1.200000,2.485330,-3.185552,4.976567
392,1.250000,2.325686,-3.195069,5.241983
392,1.300000,2.166305,-3.175704,5.484640
392,1.350000,2.008530,-3.131498,5.706516
392,1.400000,1.853503,-3.066423,5.909613
392,1.450000,1.702172,-2.984287,6.095877
392,1.500000,1.555299,-2.888661,6.267141
392,1.550000,1.413475,-2.782829,6.425083
392,1.600000,1.277136,-2.669755,6.571210
392,1.650000,1.146577,-2.552068,6.706853
392,1.700000,1.021968,-2.432064,6.833171
392,1.750000,0.903376,-2.311710,6.951168
392,1.800000,0.790775,-2.192668,7.061706
392,1.850000,0.684064,-2.076312,7.165527
392,1.900000,0.583080,-1.963756,7.263273
392,1.950000,0.487610,-1.855885,7.355504
392,2.000000,0.397402,-1.753379,7.442713
392,2.050000,0.312175,-1.656741,7.525340
392,2.100000,0.231624,-1.566328,7.603788
392,2.150000,0.155434,-1.482369,7.678426
392,2.200000,0.083278,-1.404991,7.749603
392,2.250000,0.014825,-1.334239,7.817649
392,2.300000,-0.050256,-1.270091,7.882882
392,2.350000,-0.112293,-1.212478,7.945610
392,2.400000,-0.171611,-1.161294,8.006135
392,2.450000,-0.228528,-1.116409,8.064754
392,2.500000,-0.283355,-1.077679,8.121760
392,2.550000,-0.336396,-1.044955,8.177444
392,2.600000,-0.387948,-1.018091,8.232097
392,2.650000,-0.438300,-0.996947,8.286009
392,2.700000,-0.487736,-0.981398,8.339474
392,2.750000,-0.536531,-0.971337,8.392788
392,2.800000,-0.584959,-0.966680,8.446251
392,2.850000,-0.633288,-0.967369,8.500171
392,2.900000,-0.681785,-0.973374,8.554867
392,2.950000,-0.730714,-0.984700,8.610667
392,3.000000,-0.780344,-1.001390,8.667917
392,3.050000,-0.830944,-1.023524,8.726981
392,3.100000,-0.882789,-1.051228,8.788246
392,3.150000,-0.936163,-1.084679,8.852129
392,3.200000,-0.991357,-1.124103,8.919081
392,3.250000,-1.048677,-1.169790,8.989592
392,3.300000,-1.108446,-1.222094,9.064206
392,3.350000,-1.171004,-1.281447,9.143523
392,3.400000,-1.236716,-1.348362,9.228217
392,3.450000,-1.305976,-1.423450,9.319045
392,3.500000,-1.379210,-1.507432,9.416868
392,3.550000,-1.456882,-1.601155,9.522667
392,3.600000,-1.539504,-1.705613,9.637571
392,3.650000,-1.627641,-1.821971,9.762886
392,3.700000,-1.721922,-1.951594,9.900129
392,3.750000,-1.823048,-2.096083,10.051078
392,3.800000,-1.931809,-2.257320,10.217820
392,3.850000,-2.049096,-2.437521,10.402827
392,3.900000,-2.175920,-2.639304,10.609035
392,3.950000,-2.313437,-2.865770,10.839954
392,4.000000,-2.462969,-3.120610,11.099802
392,4.050000,-2.626043,-3.408234,11.393667
392,4.100000,-2.804426,-3.733934,11.727729
392,4.150000,-3.000176,-4.104102,12.109521
392,4.200000,-3.215705,-4.526494,12.548281
392,4.250000,-3.453852,-5.010587,13.055390
392,4.300000,-3.717984,-5.568035,13.644947

393,0.000000,1.705263,6.000000,6.000000
393,0.050000,1.996097,5.629889,5.629888
393,0.100000,2.267869,5.236874,5.236872
393,0.150000,2.519352,4.818009,4.818006
393,0.200000,2.749221,4.372265,4.372260
393,0.250000,2.956143,3.900447,3.900438
393,0.300000,3.138872,3.405064,3.405049
393,0.350000,3.296323,2.890159,2.890133
393,0.400000,3.427651,2.361081,2.361032
393,0.450000,3.532301,1.824206,1.824105
393,0.500000,3.610060,1.286627,1.286381
393,0.550000,3.661077,0.755816,0.755002
393,0.600000,3.685880,0.239280,0.235751
393,0.650000,3.685364,-0.255771,0.256993
393,0.700000,3.660772,-0.722717,0.781640
393,0.750000,3.613658,-1.155784,1.270863
393,0.800000,3.545839,-1.550232,1.753572
393,0.850000,3.459340,-1.902481,2.221984
393,0.900000,3.356335,-2.210169,2.670841
393,0.950000,3.239086,-2.472142,3.096473
393,1.000000,3.109884,-2.688393,3.496480
393,1.050000,2.970992,-2.859955,3.869546
393,1.100000,2.824602,-2.988754,4.215284
393,1.150000,2.672786,-3.077448,4.534076
393,1.200000,2.517472,-3.129258,4.826905
393,1.250000,2.360415,-3.147794,5.095198
393,1.300000,2.203184,-3.136898,5.340677
393,1.350000,2.047151,-3.100500,5.565231
393,1.400000,1.893494,-3.042498,5.770803
393,1.450000,1.743198,-2.966657,5.959303
393,1.500000,1.597066,-2.876530,6.132548
393,1.550000,1.455728,-2.775407,6.292217
393,1.600000,1.319659,-2.666274,6.439829
393,1.650000,1.189190,-2.551798,6.576731
393,1.700000,1.064529,-2.434318,6.704105
393,1.750000,0.945774,-2.315856,6.822974
393,1.800000,0.832931,-2.198127,6.934222
393,1.850000,0.725925,-2.082560,7.038610
393,1.900000,0.624619,-1.970324,7.136795
393,1.950000,0.528822,-1.862356,7.229347
393,2.000000,0.438300,-1.759383,7.316769
393,2.050000,0.352791,-1.661954,7.399507
393,2.100000,0.272006,-1.570463,7.477964
393,2.150000,0.195641,-1.485174,7.552513
393,2.200000,0.123382,-1.406245,7.623499
393,2.250000,0.054909,-1.333744,7.691249
393,2.300000,-0.010099,-1.267671,7.756076
393,2.350000,-0.071964,-1.207972,7.818282
393,2.400000,-0.131001,-1.154552,7.878162
393,2.450000,-0.187522,-1.107289,7.936004
393,2.500000,-0.241830,-1.066043,7.992092
393,2.550000,-0.294224,-1.030665,8.046707
393,2.600000,-0.344992,-1.001006,8.100129
393,2.650000,-0.394417,-0.976919,8.152635
393,2.700000,-0.442774,-0.958269,8.204504
393,2.750000,-0.490333,-0.944937,8.256017
393,2.800000,-0.537355,-0.936822,8.307457
393,2.850000,-0.584100,-0.933844,8.359112
393,2.900000,-0.630824,-0.935952,8.411278
393,2.950000,-0.677780,-0.943123,8.464258
393,3.000000,-0.725221,-0.955365,8.518368
393,3.050000,-0.773402,-0.972724,8.573939
393,3.100000,-0.822580,-0.995282,8.631321
393,3.150000,-0.873019,-1.023167,8.690883
393,3.200000,-0.924988,-1.056550,8.753026
393,3.250000,-0.978769,-1.095655,8.818181
393,3.300000,-1.034654,-1.140764,8.886820
393,3.350000,-1.092951,-1.192221,8.959462
393,3.400000,-1.153988,-1.250442,9.036684
393,3.450000,-1.218116,-1.315924,9.119129
393,3.500000,-1.285711,-1.389255,9.207523
393,3.550000,-1.357184,-1.471125,9.302687
393,3.600000,-1.432980,-1.562348,9.405560
393,3.650000,-1.513590,-1.663874,9.517219
393,3.700000,-1.599557,-1.776816,9.638907
393,3.750000,-1.691483,-1.902475,9.772070
393,3.800000,-1.790042,-2.042377,9.918395
393,3.850000,-1.895988,-2.198312,10.079865
393,3.900000,-2.010175,-2.372382,10.258821
393,3.950000,-2.133569,-2.567069,10.458042
393,4.000000,-2.267274,-2.785307,10.680843
393,4.050000,-2.412550,-3.030584,10.931199
393,4.100000,-2.570851,-3.307056,11.213903
393,4.150000,-2.743858,-3.619708,11.534758
393,4.200000,-2.933524,-3.974541,11.900831
393,4.250000,-3.142134,-4.378828,12.320766
393,4.300000,-3.372376,-4.841432,12.805196
393,4.350000,-3.627428,-5.373227,13.367264
393,4.400000,-3.911073,-5.987650,14.023305

394,0.000000,1.633083,6.000000,6.000000
394,0.050000,1.924142,5.639154,5.639153
394,0.100000,2.196639,5.256857,5.256856
394,0.150000,2.449414,4.849836,4.849834
394,0.200000,2.681186,4.416694,4.416690
394,0.250000,2.890654,3.957836,3.957828
394,0.300000,3.076575,3.475354,3.475341
394,0.350000,3.237855,2.972871,2.972849
394,0.400000,3.373611,2.455327,2.455286
394,0.450000,3.483236,1.928726,1.928645
394,0.500000,3.566445,1.399838,1.399651
394,0.550000,3.623302,0.875880,0.875316
394,0.600000,3.654238,0.364178,0.361590
394,0.650000,3.660044,-0.128153,0.121415
394,0.700000,3.641857,-0.594504,0.735431
394,0.750000,3.601125,-1.029029,1.181121
394,0.800000,3.539567,-1.426847,1.643398
394,0.850000,3.459117,-1.784172,2.100224
394,0.900000,3.361869,-2.098394,2.542247
394,0.950000,3.250021,-2.368079,2.964092
394,1.000000,3.125810,-2.592928,3.362437
394,1.050000,2.991464,-2.773681,3.735365
394,1.100000,2.849150,-2.911985,4.082052
394,1.150000,2.700934,-3.010244,4.402537
394,1.200000,2.548744,-3.071452,4.697531
394,1.250000,2.394349,-3.099029,4.968248
394,1.300000,2.239340,-3.096664,5.216244
394,1.350000,2.085119,-3.068172,5.443283
394,1.400000,1.932895,-3.017368,5.651219
394,1.450000,1.783692,-2.947966,5.841908
394,1.500000,1.638349,-2.863498,6.017133
394,1.550000,1.497538,-2.767251,6.178560
394,1.600000,1.361770,-2.662233,6.327709
394,1.650000,1.231416,-2.551140,6.465936
394,1.700000,1.106718,-2.436357,6.594438
394,1.750000,0.987807,-2.319954,6.714258
394,1.800000,0.874720,-2.203698,6.826296
394,1.850000,0.767410,-2.089075,6.931330
394,1.900000,0.665764,-1.977308,7.030032
394,1.950000,0.569615,-1.869384,7.122984
394,2.000000,0.478749,-1.766081,7.210696
394,2.050000,0.392920,-1.667991,7.293622
394,2.100000,0.311856,-1.575550,7.372170
394,2.150000,0.235266,-1.489056,7.446710
394,2.200000,0.162848,-1.408698,7.517589
394,2.250000,0.094292,-1.334572,7.585130
394,2.300000,0.029286,-1.266698,7.649644
394,2.350000,-0.032481,-1.205039,7.711427
394,2.400000,-0.091320,-1.149514,7.770767
394,2.450000,-0.147533,-1.100012,7.827945
394,2.500000,-0.201419,-1.056396,7.883238
394,2.550000,-0.253268,-1.018521,7.936918
394,2.600000,-0.303364,-0.986235,7.989253
394,2.650000,-0.351983,-0.959388,8.040511
394,2.700000,-0.399391,-0.937838,8.090959
394,2.750000,-0.445852,-0.921453,8.140862
394,2.800000,-0.491621,-0.910121,8.190490
394,2.850000,-0.536947,-0.903745,8.240114
394,2.900000,-0.582077,-0.902252,8.290009
394,2.950000,-0.627253,-0.905597,8.340457
394,3.000000,-0.672717,-0.913761,8.391750
394,3.050000,-0.718709,-0.926758,8.444189
394,3.100000,-0.765474,-0.944633,8.498090
394,3.150000,-0.813255,-0.967471,8.553789
394,3.200000,-0.862306,-0.995398,8.611639
394,3.250000,-0.912883,-1.028584,8.672022
394,3.300000,-0.965255,-1.067245,8.735353
394,3.350000,-1.019703,-1.111657,8.802081
394,3.400000,-1.076522,-1.162151,8.872703
394,3.450000,-1.136026,-1.219130,8.947769
394,3.500000,-1.198551,-1.283069,9.027894
394,3.550000,-1.264458,-1.354534,9.113771
394,3.600000,-1.334141,-1.434186,9.206182
394,3.650000,-1.408026,-1.522802,9.306020
394,3.700000,-1.486585,-1.621289,9.414309
394,3.750000,-1.570337,-1.730707,9.532231
394,3.800000,-1.659859,-1.852293,9.661156
394,3.850000,-1.755793,-1.987498,9.802683
394,3.900000,-1.858863,-2.138015,9.958685
394,3.950000,-1.969883,-2.305838,10.131374
394,4.000000,-2.089774,-2.493311,10.323368
394,4.050000,-2.219587,-2.703203,10.537787
394,4.100000,-2.360522,-2.938797,10.778365
394,4.150000,-2.513959,-3.204003,11.049594
394,4.200000,-2.681493,-3.503495,11.356907
394,4.250000,-2.864973,-3.842896,11.706902
394,4.300000,-3.066559,-4.228998,12.107641
394,4.350000,-3.288787,-4.670065,12.569016
394,4.400000,-3.534648,-5.176208,13.103228
394,4.450000,-3.807697,-5.759891,13.725415

395,0.000000,1.560902,6.000000,6.000000
395,0.050000,1.852173,5.647912,5.647912
395,0.100000,2.125360,5.275863,5.275862
395,0.150000,2.379366,4.880261,4.880258
395,0.200000,2.612963,4.459353,4.459349
395,0.250000,2.824879,4.013157,4.013151
395,0.300000,3.013884,3.543359,3.543348
395,0.350000,3.178874,3.053167,3.053148
395,0.400000,3.318936,2.547120,2.547086
395,0.450000,3.433415,2.030849,2.030783
395,0.500000,3.521958,1.510798,1.510652
395,0.550000,3.584548,0.993916,0.993514
395,0.600000,3.621521,0.487341,0.485686
395,0.650000,3.633571,-0.001924,0.043419
395,0.700000,3.621728,-0.467298,0.945954
395,0.750000,3.587339,-0.902883,1.271805
395,0.800000,3.532021,-1.303671,1.670172
395,0.850000,3.457619,-1.665691,2.089977
395,0.900000,3.366147,-1.986095,2.509098
395,0.950000,3.259733,-2.263184,2.916367
395,1.000000,3.140561,-2.496374,3.305487
395,1.050000,3.010821,-2.686116,3.672825
395,1.100000,2.872652,-2.833780,4.016460
395,1.150000,2.728109,-2.941515,4.335675
395,1.200000,2.579121,-3.012085,4.630639
395,1.250000,2.427466,-3.048716,4.902158
395,1.300000,2.274756,-3.054938,5.151486
395,1.350000,2.122418,-3.034442,5.380159
395,1.400000,1.971695,-2.990955,5.589866
395,1.450000,1.823645,-2.928134,5.782345
395,1.500000,1.679146,-2.849480,5.959298
395,1.550000,1.538906,-2.758277,6.122340
395,1.600000,1.403477,-2.657544,6.272962
395,1.650000,1.273265,-2.550008,6.412508
395,1.700000,1.148549,-2.438093,6.542172
395,1.750000,1.029493,-2.323916,6.663001
395,1.800000,0.916164,-2.209296,6.775904
395,1.850000,0.808545,-2.095773,6.881670
395,1.900000,0.706547,-1.984623,6.980979
395,1.950000,0.610025,-1.876886,7.074422
395,2.000000,0.518788,-1.773388,7.162517
395,2.050000,0.432605,-1.674767,7.245723
395,2.100000,0.351222,-1.581499,7.324451
395,2.150000,0.274360,-1.493922,7.399073
395,2.200000,0.201731,-1.412254,7.469934
395,2.250000,0.133034,-1.336620,7.537358
395,2.300000,0.067968,-1.267062,7.601650
395,2.350000,0.006227,-1.203564,7.663104
395,2.400000,-0.052489,-1.146058,7.722002
395,2.450000,-0.108477,-1.094444,7.778620
395,2.500000,-0.162029,-1.048593,7.833227
395,2.550000,-0.213430,-1.008363,7.886088
395,2.600000,-0.262956,-0.973604,7.937462
395,2.650000,-0.310879,-0.944163,7.987607
395,2.700000,-0.357459,-0.919892,8.036780
395,2.750000,-0.402952,-0.900653,8.085235
395,2.800000,-0.447606,-0.886320,8.133228
395,2.850000,-0.491664,-0.876784,8.181014
395,2.900000,-0.535363,-0.871955,8.228853
395,2.950000,-0.578936,-0.871768,8.277008
395,3.000000,-0.622616,-0.876179,8.325748
395,3.050000,-0.666631,-0.885176,8.375352
395,3.100000,-0.711210,-0.898775,8.426106
395,3.150000,-0.756586,-0.917024,8.478314
395,3.200000,-0.802992,-0.940008,8.532293
395,3.250000,-0.850667,-0.967850,8.588382
395,3.300000,-0.899860,-1.000716,8.646945
395,3.350000,-0.950826,-1.038818,8.708376
395,3.400000,-1.003834,-1.082421,8.773104
395,3.450000,-1.059165,-1.131845,8.841601
395,3.500000,-1.117122,-1.187476,8.914392
395,3.550000,-1.178024,-1.249771,8.992060
395,3.600000,-1.242219,-1.319270,9.075261
395,3.650000,-1.310081,-1.396605,9.164740
395,3.700000,-1.382022,-1.482515,9.261342
395,3.750000,-1.458490,-1.577864,9.366034
395,3.800000,-1.539982,-1.683659,9.479934
395,3.850000,-1.627049,-1.801073,9.604333
395,3.900000,-1.720306,-1.931479,9.740738
395,3.950000,-1.820440,-2.076479,9.890911
395,4.000000,-1.928228,-2.237953,10.056927
395,4.050000,-2.044546,-2.418110,10.241241
395,4.100000,-2.170393,-2.619556,10.446773
395,4.150000,-2.306908,-2.845372,10.677009
395,4.200000,-2.455397,-3.099222,10.936140
395,4.250000,-2.617369,-3.385478,11.229220
395,4.300000,-2.794571,-3.709387,11.562383
395,4.350000,-2.989039,-4.077274,11.943103
395,4.400000,-3.203158,-4.496814,12.380536
395,4.450000,-3.439736,-4.977378,12.885957
395,4.500000,-3.702102,-5.530481,13.473319

396,0.000000,1.488722,6.000000,6.000000
396,0.050000,1.780192,5.656164,5.656163
396,0.100000,2.054030,5.293890,5.293889
396,0.150000,2.309208,4.909279,4.909277
396,0.200000,2.544549,4.500236,4.500232
396,0.250000,2.758817,4.066401,4.066395
396,0.300000,2.950797,3.609064,3.609054
396,0.350000,3.119377,3.131027,3.131010
396,0.400000,3.263623,2.636432,2.636403
396,0.450000,3.382832,2.130538,2.130484
396,0.500000,3.476590,1.619459,1.619345
396,0.550000,3.544803,1.109873,1.109580
396,0.600000,3.587718,0.608713,0.607646
396,0.650000,3.605930,0.122857,0.122221
396,0.700000,3.600368,-0.341159,0.358926
396,0.750000,3.572278,-0.777401,0.834695
396,0.800000,3.523178,-1.180756,1.300761
396,0.850000,3.454821,-1.547080,1.757899
396,0.900000,3.369139,-1.873306,2.200290
396,0.950000,3.268192,-2.157479,2.623617
396,1.000000,3.154108,-2.398738,3.024791
396,1.050000,3.029032,-2.597253,3.401793
396,1.100000,2.895078,-2.754120,3.753549
396,1.150000,2.754283,-2.871228,4.079798
396,1.200000,2.608576,-2.951113,4.380953
396,1.250000,2.459742,-2.996801,4.657955
396,1.300000,2.309410,-3.011655,4.912136
396,1.350000,2.159032,-2.999238,5.145081
396,1.400000,2.009880,-2.963181,5.358522
396,1.450000,1.863048,-2.907076,5.554232
396,1.500000,1.719449,-2.834390,5.733957
396,1.550000,1.579830,-2.748395,5.899355
396,1.600000,1.444781,-2.652119,6.051961
396,1.650000,1.314744,-2.548313,6.193166
396,1.700000,1.190034,-2.439438,6.324206
396,1.750000,1.070848,-2.327656,6.446171
396,1.800000,0.957285,-2.214835,6.560005
396,1.850000,0.849355,-2.102568,6.666527
396,1.900000,0.746997,-1.992185,6.766445
396,1.950000,0.650087,-1.884777,6.860371
396,2.000000,0.558455,-1.781219,6.948839
396,2.050000,0.471890,-1.682196,7.032320
396,2.100000,0.390151,-1.588226,7.111230
396,2.150000,0.312977,-1.499683,7.185948
396,2.200000,0.240088,-1.416821,7.256822
396,2.250000,0.171197,-1.339792,7.324172
396,2.300000,0.106010,-1.268664,7.388304
396,2.350000,0.044232,-1.203440,7.449506
396,2.400000,-0.014431,-1.144069,7.508056
396,2.450000,-0.070271,-1.090462,7.564224
396,2.500000,-0.123571,-1.042500,7.618273
396,2.550000,-0.174612,-1.000048,7.670459
396,2.600000,-0.223665,-0.962955,7.721035
396,2.650000,-0.270995,-0.931070,7.770251
396,2.700000,-0.316857,-0.904242,7.818351
396,2.750000,-0.361501,-0.882325,7.865582
396,2.800000,-0.405169,-0.865185,7.912186
396,2.850000,-0.448097,-0.852702,7.958407
396,2.900000,-0.490515,-0.844772,8.004491
396,2.950000,-0.532648,-0.841313,8.050683
396,3.000000,-0.574719,-0.842261,8.097238
396,3.050000,-0.616947,-0.847581,8.144410
396,3.100000,-0.659550,-0.857261,8.192467
396,3.150000,-0.702746,-0.871322,8.241684
396,3.200000,-0.746756,-0.889811,8.292349
396,3.250000,-0.791803,-0.912814,8.344766
396,3.300000,-0.838115,-0.940452,8.399261
396,3.350000,-0.885928,-0.972885,8.456181
396,3.400000,-0.935487,-1.010320,8.515903
396,3.450000,-0.987047,-1.053009,8.578837
396,3.500000,-1.040880,-1.101262,8.645436
396,3.550000,-1.097272,-1.155448,8.716199
396,3.600000,-1.156531,-1.216003,8.791684
396,3.650000,-1.218987,-1.283442,8.872517
396,3.700000,-1.285000,-1.358367,8.959407
396,3.750000,-1.354960,-1.441481,9.053157
396,3.800000,-1.429298,-1.533601,9.154689
396,3.850000,-1.508486,-1.635682,9.265062
396,3.900000,-1.593050,-1.748833,9.385501
396,3.950000,-1.683575,-1.874350,9.517429
396,4.000000,-1.780716,-2.013742,9.662512
396,4.050000,-1.885210,-2.168779,9.822706
396,4.100000,-1.997889,-2.341536,10.000320
396,4.150000,-2.119699,-2.534454,10.198094
396,4.200000,-2.251718,-2.750417,10.419296
396,4.250000,-2.395181,-2.992848,10.667842
396,4.300000,-2.551511,-3.265822,10.948447
396,4.350000,-2.722353,-3.574216,11.266815
396,4.400000,-2.909620,-3.923901,11.629884
396,4.450000,-3.115548,-4.321979,12.046130
396,4.500000,-3.342766,-4.777100,12.525960
396,4.550000,-3.594383,-5.299863,13.082224
396,4.600000,-3.874095,-5.903353,13.730865

397,0.000000,1.416541,6.000000,6.000000
397,0.050000,1.708198,5.663909,5.663908
397,0.100000,1.982650,5.310937,5.310936
397,0.150000,2.238940,4.936890,4.936888
397,0.200000,2.475946,4.539338,4.539334
397,0.250000,2.692468,4.117558,4.117552
397,0.300000,2.887312,3.672452,3.672443
397,0.350000,3.059364,3.206426,3.206412
397,0.400000,3.207668,2.723231,2.723206
397,0.450000,3.331482,2.227754,2.227709
397,0.500000,3.430334,1.725777,1.725686
397,0.550000,3.504058,1.223697,1.223478
397,0.600000,3.552815,0.728234,0.727524
397,0.650000,3.577105,0.246128,0.242914
397,0.700000,3.577759,-0.216148,0.215967
397,0.750000,3.555920,-0.652645,0.711572
397,0.800000,3.513012,-1.058156,1.165669
397,0.850000,3.450694,-1.428386,1.615883
397,0.900000,3.370817,-1.760063,2.054128
397,0.950000,3.275368,-2.050986,2.475279
397,1.000000,3.166418,-2.300030,2.875794
397,1.050000,3.046066,-2.507089,3.253317
397,1.100000,2.916396,-2.672985,3.606491
397,1.150000,2.779427,-2.799352,3.934805
397,1.200000,2.637082,-2.888492,4.238455
397,1.250000,2.491152,-2.943227,4.518196
397,1.300000,2.343279,-2.966750,4.775207
397,1.350000,2.194940,-2.962487,5.010956
397,1.400000,2.047435,-2.933966,5.227083
397,1.450000,1.901889,-2.884709,5.425301
397,1.500000,1.759253,-2.818141,5.607319
397,1.550000,1.620309,-2.737517,5.774777
397,1.600000,1.485685,-2.645868,5.929207
397,1.650000,1.355860,-2.545966,6.072006
397,1.700000,1.231184,-2.440304,6.204427
397,1.750000,1.111889,-2.331085,6.327576
397,1.800000,0.998102,-2.220229,6.442419
397,1.850000,0.889865,-2.109376,6.549793
397,1.900000,0.787142,-1.999910,6.650424
397,1.950000,0.689832,-1.892973,6.744940
397,2.000000,0.597787,-1.789491,6.833887
397,2.050000,0.510813,-1.690194,6.917743
397,2.100000,0.428688,-1.595644,6.996935
397,2.150000,0.351163,-1.506254,7.071844
397,2.200000,0.277972,-1.422311,7.142818
397,2.250000,0.208838,-1.343997,7.210182
397,2.300000,0.143477,-1.271407,7.274236
397,2.350000,0.081601,-1.204565,7.335268
397,2.400000,0.022925,-1.143438,7.393552
397,2.450000,-0.032837,-1.087950,7.449352
397,2.500000,-0.085962,-1.037994,7.502927
397,2.550000,-0.136726,-0.993440,7.554526
397,2.600000,-0.185394,-0.954143,7.604396
397,2.650000,-0.232225,-0.919951,7.652777
397,2.700000,-0.277472,-0.890712,7.699909
397,2.750000,-0.321377,-0.866277,7.746027
397,2.800000,-0.364177,-0.846505,7.791364
397,2.850000,-0.406103,-0.831266,7.836153
397,2.900000,-0.447377,-0.820445,7.880626
397,2.950000,-0.488219,-0.813945,7.925017
397,3.000000,-0.528842,-0.811686,7.969562
397,3.050000,-0.569457,-0.813613,8.014501
397,3.100000,-0.610273,-0.819692,8.060079
397,3.150000,-0.651496,-0.829916,8.106549
397,3.200000,-0.693334,-0.844306,8.154175
397,3.250000,-0.735996,-0.862912,8.203230
397,3.300000,-0.779697,-0.885817,8.254006
397,3.350000,-0.824652,-0.913138,8.306810
397,3.400000,-0.871087,-0.945032,8.361975
397,3.450000,-0.919234,-0.981696,8.419858
397,3.500000,-0.969340,-1.023375,8.480850
397,3.550000,-1.021660,-1.070362,8.545381
397,3.600000,-1.076470,-1.123011,8.613924
397,3.650000,-1.134063,-1.181737,8.687010
397,3.700000,-1.194753,-1.247029,8.765230
397,3.750000,-1.258884,-1.319458,8.849256
397,3.800000,-1.326829,-1.399690,8.939846
397,3.850000,-1.398996,-1.488498,9.037871
397,3.900000,-1.475836,-1.586782,9.144327
397,3.950000,-1.557849,-1.695588,9.260367
397,4.000000,-1.645591,-1.816135,9.387327
397,4.050000,-1.739682,-1.949841,9.526769
397,4.100000,-1.840822,-2.098365,9.680521
397,4.150000,-1.949797,-2.263649,9.850739
397,4.200000,-2.067503,-2.447975,10.039977
397,4.250000,-2.194957,-2.654032,10.251274
397,4.300000,-2.333321,-2.885005,10.488263
397,4.350000,-2.483935,-3.144677,10.755308
397,4.400000,-2.648342,-3.437569,11.057682
397,4.450000,-2.828334,-3.769106,11.401779
397,4.500000,-3.026004,-4.145836,11.795393
397,4.550000,-3.243802,-4.575711,12.248075
397,4.600000,-3.484621,-5.068448,12.771584
397,4.650000,-3.751891,-5.636004,13.380475

398,0.000000,1.344361,6.000000,6.000000
398,0.050000,1.636192,5.671147,5.671146
398,0.100000,1.911220,5.327004,5.327004
398,0.150000,2.168561,4.963090,4.963089
398,0.200000,2.407152,4.576653,4.576650
398,0.250000,2.625832,4.166618,4.166613
398,0.300000,2.823428,3.733509,3.733501
398,0.350000,2.998831,3.279344,3.279332
398,0.400000,3.151067,2.807488,2.807467
398,0.450000,3.279360,2.322458,2.322421
398,0.500000,3.383184,1.829703,1.829630
398,0.550000,3.462303,1.335334,1.335168
398,0.600000,3.516799,0.845846,0.845358
398,0.650000,3.547080,0.367825,0.365634
398,0.700000,3.553880,-0.092331,0.085254
398,0.750000,3.538244,-0.528675,0.732077
398,0.800000,3.501498,-0.935928,1.121423
398,0.850000,3.445211,-1.309659,1.541474
398,0.900000,3.371150,-1.646404,1.962869
398,0.950000,3.281229,-1.943734,2.373972
398,1.000000,3.177458,-2.200265,2.768563
398,1.050000,3.061890,-2.415622,3.142914
398,1.100000,2.936573,-2.590361,3.494838
398,1.150000,2.803509,-2.725858,3.823260
398,1.200000,2.664608,-2.824180,4.127960
398,1.250000,2.521667,-2.887941,4.409378
398,1.300000,2.376340,-2.920159,4.668447
398,1.350000,2.230122,-2.924115,4.906447
398,1.400000,2.084343,-2.903230,5.124878
398,1.450000,1.940156,-2.860949,5.325353
398,1.500000,1.798548,-2.800646,5.509510
398,1.550000,1.660338,-2.725553,5.678946
398,1.600000,1.526189,-2.638701,5.835170
398,1.650000,1.396617,-2.542876,5.979572
398,1.700000,1.272008,-2.440600,6.113409
398,1.750000,1.152627,-2.334116,6.237794
398,1.800000,1.038634,-2.225389,6.353708
398,1.850000,0.930097,-2.116110,6.462003
398,1.900000,0.827008,-2.007713,6.563419
398,1.950000,0.729291,-1.901392,6.658597
398,2.000000,0.636818,-1.798122,6.748094
398,2.050000,0.549415,-1.698681,6.832399
398,2.100000,0.466876,-1.603673,6.911943
398,2.150000,0.388966,-1.513551,6.987113
398,2.200000,0.315434,-1.428639,7.058261
398,2.250000,0.246012,-1.349148,7.125710
398,2.300000,0.180427,-1.275202,7.189762
398,2.350000,0.118399,-1.206846,7.250700
398,2.400000,0.059649,-1.144066,7.308797
398,2.450000,0.003900,-1.086803,7.364314
398,2.500000,-0.049122,-1.034961,7.417503
398,2.550000,-0.099684,-0.988417,7.468610
398,2.600000,-0.148049,-0.947033,7.517875
398,2.650000,-0.194471,-0.910660,7.565532
398,2.700000,-0.239196,-0.879145,7.611813
398,2.750000,-0.282464,-0.852337,7.656945
398,2.800000,-0.324506,-0.830089,7.701154
398,2.850000,-0.365546,-0.812265,7.744661
398,2.900000,-0.405804,-0.798740,7.787689
398,2.950000,-0.445490,-0.789405,7.830460
398,3.000000,-0.484813,-0.784167,7.873196
398,3.050000,-0.523974,-0.782953,7.916122
398,3.100000,-0.563174,-0.785711,7.959466
398,3.150000,-0.602611,-0.792410,8.003462
398,3.200000,-0.642481,-0.803047,8.048351
398,3.250000,-0.682981,-0.817644,8.094381
398,3.300000,-0.724312,-0.836249,8.141815
398,3.350000,-0.766674,-0.858945,8.190929
398,3.400000,-0.810276,-0.885845,8.242014
398,3.450000,-0.855331,-0.917099,8.295387
398,3.500000,-0.902062,-0.952898,8.351386
398,3.550000,-0.950701,-0.993473,8.410383
398,3.600000,-1.001493,-1.039106,8.472782
398,3.650000,-1.054701,-1.090132,8.539034
398,3.700000,-1.110603,-1.146945,8.609637
398,3.750000,-1.169500,-1.210008,8.685153
398,3.800000,-1.231717,-1.279861,8.766210
398,3.850000,-1.297609,-1.357131,8.853525
398,3.900000,-1.367566,-1.442549,8.947915
398,3.950000,-1.442014,-1.536960,9.050313
398,4.000000,-1.521428,-1.641347,9.161799
398,4.050000,-1.606334,-1.756852,9.283621
398,4.100000,-1.697320,-1.884804,9.417236
398,4.150000,-1.795047,-2.026751,9.564345
398,4.200000,-1.900258,-2.184505,9.726953
398,4.250000,-2.013796,-2.360191,9.907426
398,4.300000,-2.136618,-2.556306,10.108574
398,4.350000,-2.269816,-2.775804,10.333753
398,4.400000,-2.414645,-3.022184,10.586983
398,4.450000,-2.572551,-3.299618,10.873109
398,4.500000,-2.745207,-3.613100,11.197994
398,4.550000,-2.934561,-3.968642,11.568770
398,4.600000,-3.142892,-4.373525,11.994154
398,4.650000,-3.372881,-4.836617,12.484852
398,4.700000,-3.627702,-5.368797,13.054082
398,4.750000,-3.911133,-5.983505,13.718252

399,0.000000,1.272180,6.000000,6.000000
399,0.050000,1.564172,5.677878,5.677877
399,0.100000,1.839739,5.342091,5.342090
399,0.150000,2.098073,4.987878,4.987877
399,0.200000,2.338168,4.612178,4.612175
399,0.250000,2.558908,4.213571,4.213567
399,0.300000,2.759145,3.792219,3.792212
399,0.350000,2.937777,3.349757,3.349747
399,0.400000,3.093818,2.889171,2.889153
399,0.450000,3.226461,2.414612,2.414581
399,0.500000,3.335131,1.931191,1.931132
399,0.550000,3.419529,1.444729,1.444600
399,0.600000,3.479658,0.961486,0.961140
399,0.650000,3.515839,0.487884,0.486509
399,0.700000,3.528712,0.030226,0.050598
399,0.750000,3.519227,-0.405558,0.660309
399,0.800000,3.488611,-0.814134,1.012808
399,0.850000,3.438344,-1.190952,1.416740
399,0.900000,3.370107,-1.532374,1.829488
399,0.950000,3.285742,-1.835753,2.235740
399,1.000000,3.187194,-2.099459,2.627886
399,1.050000,3.076469,-2.322856,3.001490
399,1.100000,2.955576,-2.506236,3.353906
399,1.150000,2.826494,-2.650719,3.683717
399,1.200000,2.691123,-2.758136,3.990431
399,1.250000,2.551259,-2.830890,4.274264
399,1.300000,2.408565,-2.871817,4.535964
399,1.350000,2.264556,-2.884051,4.776668
399,1.400000,2.120583,-2.870895,4.997764
399,1.450000,1.977833,-2.835710,5.200785
399,1.500000,1.837324,-2.781815,5.387314
399,1.550000,1.699910,-2.712413,5.558919
399,1.600000,1.566291,-2.630525,5.717092
399,1.650000,1.437019,-2.538950,5.863225
399,1.700000,1.312515,-2.440235,5.998581
399,1.750000,1.193076,-2.336659,6.124289
399,1.800000,1.078896,-2.230229,6.241346
399,1.850000,0.970072,-2.122684,6.350624
399,1.900000,0.866621,-2.015510,6.452879
399,1.950000,0.768494,-1.909951,6.548769
399,2.000000,0.675582,-1.807031,6.638863
399,2.050000,0.587733,-1.707575,6.723662
399,2.100000,0.504756,-1.612232,6.803605
399,2.150000,0.426433,-1.521495,6.879085
399,2.200000,0.352524,-1.435723,6.950458
399,2.250000,0.282774,-1.355162,7.018047
399,2.300000,0.216918,-1.279962,7.082155
399,2.350000,0.154687,-1.210192,7.143065
399,2.400000,0.095808,-1.145860,7.201046
399,2.450000,0.040011,-1.086921,7.256357
399,2.500000,-0.012972,-1.033293,7.309245
399,2.550000,-0.063405,-0.984865,7.359951
399,2.600000,-0.111543,-0.941503,7.408710
399,2.650000,-0.157637,-0.903063,7.455752
399,2.700000,-0.201929,-0.869394,7.501301
399,2.750000,-0.244654,-0.840344,7.545578
399,2.800000,-0.286038,-0.815762,7.588799
399,2.850000,-0.326302,-0.795507,7.631179
399,2.900000,-0.365658,-0.779447,7.672932
399,2.950000,-0.404314,-0.767462,7.714267
399,3.000000,-0.442471,-0.759447,7.755397
399,3.050000,-0.480324,-0.755316,7.796533
399,3.100000,-0.518066,-0.755000,7.837888
399,3.150000,-0.555887,-0.758449,7.879681
399,3.200000,-0.593973,-0.765639,7.922133
399,3.250000,-0.632513,-0.776566,7.965473
399,3.300000,-0.671692,-0.791253,8.009937
399,3.350000,-0.711701,-0.809749,8.055775
399,3.400000,-0.752732,-0.832131,8.103247
399,3.450000,-0.794981,-0.858511,8.152632
399,3.500000,-0.838652,-0.889032,8.204228
399,3.550000,-0.883956,-0.923874,8.258357
399,3.600000,-0.931115,-0.963259,8.315368
399,3.650000,-0.980362,-1.007454,8.375646
399,3.700000,-1.031946,-1.056776,8.439615
399,3.750000,-1.086131,-1.111597,8.507745
399,3.800000,-1.143205,-1.172354,8.580565
399,3.850000,-1.203474,-1.239556,8.658666
399,3.900000,-1.267277,-1.313793,8.742721
399,3.950000,-1.334982,-1.395749,8.833495
399,4.000000,-1.406994,-1.486218,8.931861
399,4.050000,-1.483761,-1.586119,9.038828
399,4.100000,-1.565781,-1.696519,9.155560
399,4.150000,-1.653608,-1.818657,9.283409
399,4.200000,-1.747866,-1.953975,9.423958
399,4.250000,-1.849253,-2.104155,9.579060
399,4.300000,-1.958561,-2.271168,9.750904
399,4.350000,-2.076689,-2.457326,9.942082
399,4.400000,-2.204658,-2.665353,10.155678
399,4.450000,-2.343642,-2.898476,10.395386
399,4.500000,-2.494987,-3.160528,10.665639
399,4.550000,-2.660252,-3.456085,10.971793
399,4.600000,-2.841244,-3.790644,11.320347
399,4.650000,-3.040075,-4.170841,11.719222
399,4.700000,-3.259222,-4.604732,12.178122
399,4.750000,-3.501605,-5.102170,12.708994
399,4.800000,-3.770697,-5.675281,13.326626

400,0.000000,1.200000,6.000000,6.000000
400,0.050000,1.492140,5.684102,5.684101
400,0.100000,1.768209,5.356196,5.356195
400,0.150000,2.027474,5.011252,5.011250
400,0.200000,2.268993,4.645905,4.645903
400,0.250000,2.491695,4.258409,4.258406
400,0.300000,2.694461,3.848566,3.848560
400,0.350000,2.876199,3.417643,3.417634
400,0.400000,3.035916,2.968249,2.968234
400,0.450000,3.172779,2.504174,2.504148
400,0.500000,3.286168,2.030191,2.030143
400,0.550000,3.375725,1.551824,1.551724
400,0.600000,3.441378,1.075092,1.074840
400,0.650000,3.483365,0.606236,0.605356
400,0.700000,3.502237,0.151453,0.148957
400,0.750000,3.498844,-0.283360,0.289106
400,0.800000,3.474324,-0.692836,0.742115
400,0.850000,3.430062,-1.072320,1.178020
400,0.900000,3.367656,-1.418017,1.606494
400,0.950000,3.288872,-1.727077,2.022172
400,1.000000,3.195591,-1.997633,2.421008
400,1.050000,3.089766,-2.228796,2.800058
400,1.100000,2.973369,-2.420599,3.157338
400,1.150000,2.848348,-2.573910,3.491715
400,1.200000,2.716593,-2.690321,3.802800
400,1.250000,2.579895,-2.772022,4.090823
400,1.300000,2.439926,-2.821663,4.356510
400,1.350000,2.298214,-2.842222,4.600958
400,1.400000,2.156136,-2.836880,4.825524
400,1.450000,2.014904,-2.808906,5.031713
400,1.500000,1.875568,-2.761558,5.221098
400,1.550000,1.739018,-2.698002,5.395243
400,1.600000,1.605988,-2.621246,5.555653
400,1.650000,1.477066,-2.534095,5.703735
400,1.700000,1.352709,-2.439116,5.840777
400,1.750000,1.233247,-2.338621,5.967934
400,1.800000,1.118904,-2.234658,6.086230
400,1.850000,1.009809,-2.129012,6.196563
400,1.900000,0.906005,-2.023217,6.299714
400,1.950000,0.807468,-1.918568,6.396360
400,2.000000,0.714111,-1.816137,6.487091
400,2.050000,0.625802,-1.716798,6.572418
400,2.100000,0.542368,-1.621243,6.652795
400,2.150000,0.463606,-1.530007,6.728620
400,2.200000,0.389289,-1.443486,6.800255
400,2.250000,0.319174,-1.361959,6.868027
400,2.300000,0.253007,-1.285605,6.932239
400,2.350000,0.190526,-1.214519,6.993174
400,2.400000,0.131467,-1.148730,7.051099
400,2.450000,0.075565,-1.088211,7.106270
400,2.500000,0.022559,-1.032894,7.158931
400,2.550000,-0.027809,-0.982679,7.209319
400,2.600000,-0.075792,-0.937441,7.257664
400,2.650000,-0.121634,-0.897040,7.304190
400,2.700000,-0.165574,-0.861329,7.349116
400,2.750000,-0.207843,-0.830155,7.392655
400,2.800000,-0.248663,-0.803368,7.435020
400,2.850000,-0.288250,-0.780821,7.476416
400,2.900000,-0.326813,-0.762375,7.517048
400,2.950000,-0.364554,-0.747905,7.557118
400,3.000000,-0.401668,-0.737295,7.596828
400,3.050000,-0.438346,-0.730445,7.636379
400,3.100000,-0.474774,-0.727275,7.675971
400,3.150000,-0.511134,-0.727718,7.715808
400,3.200000,-0.547605,-0.731731,7.756097
400,3.250000,-0.584366,-0.739288,7.797048
400,3.300000,-0.621593,-0.750390,7.838878
400,3.350000,-0.659464,-0.765058,7.881812
400,3.400000,-0.698159,-0.783340,7.926087
400,3.450000,-0.737860,-0.805312,7.971949
400,3.500000,-0.778753,-0.831079,8.019662
400,3.550000,-0.821033,-0.860777,8.069509
400,3.600000,-0.864899,-0.894577,8.121794
400,3.650000,-0.910562,-0.932691,8.176848
400,3.700000,-0.958244,-0.975368,8.235033
400,3.750000,-1.008180,-1.022909,8.296750
400,3.800000,-1.060622,-1.075665,8.362442
400,3.850000,-1.115840,-1.134044,8.432604
400,3.900000,-1.174128,-1.198525,8.507794
400,3.950000,-1.235804,-1.269661,8.588640
400,4.000000,-1.301216,-1.348090,8.675860
400,4.050000,-1.370747,-1.434554,8.770268
400,4.100000,-1.444819,-1.529911,8.872805
400,4.150000,-1.523902,-1.635151,8.984554
400,4.200000,-1.608518,-1.751426,9.106770
400,4.250000,-1.699251,-1.880073,9.240918
400,4.300000,-1.796757,-2.022649,9.388712
400,4.350000,-1.901778,-2.180973,9.552169
400,4.400000,-2.015152,-2.357174,9.733673
400,4.450000,-2.137835,-2.553759,9.936054
400,4.500000,-2.270916,-2.773686,10.162690
400,4.550000,-2.415650,-3.020460,10.417628
400,4.600000,-2.573479,-3.298260,10.705744
400,4.650000,-2.746075,-3.612084,11.032934
400,4.700000,-2.935387,-3.967951,11.406369
400,4.750000,-3.143691,-4.373147,11.834806
400,4.800000,-3.373669,-4.836548,12.328994
400,4.850000,-3.628495,-5.369039,12.902196
400,4.900000,-3.911946,-5.984069,13.570864

401,0.000000,1.127820,6.000000,6.000000
401,0.050000,1.420095,5.689818,5.689818
401,0.100000,1.696628,5.369318,5.369318
401,0.150000,1.956765,5.033208,5.033206
401,0.200000,2.199627,4.677831,4.677830
401,0.250000,2.424192,4.301121,4.301118
401,0.300000,2.629374,3.902536,3.902531
401,0.350000,2.814095,3.482979,3.482971
401,0.400000,2.977359,3.044692,3.044679
401,0.450000,3.118309,2.591105,2.591083
401,0.500000,3.236288,2.126654,2.126614
401,0.550000,3.330880,1.656562,1.656482
401,0.600000,3.401946,1.186598,1.186410
401,0.650000,3.449643,0.722812,0.722228
401,0.700000,3.474432,0.271280,0.268564
401,0.750000,3.477073,-0.162153,0.159652
401,0.800000,3.458609,-0.572101,0.642365
401,0.850000,3.420334,-0.953825,1.059603
401,0.900000,3.363763,-1.303386,1.478525
401,0.950000,3.290584,-1.617744,1.888680
401,1.000000,3.202612,-1.894811,2.284483
401,1.050000,3.101744,-2.133452,2.662271
401,1.100000,2.989912,-2.333445,3.019613
401,1.150000,2.869034,-2.495409,3.355041
401,1.200000,2.740983,-2.620699,3.667891
401,1.250000,2.607543,-2.711287,3.958167
401,1.300000,2.470392,-2.769633,4.226403
401,1.350000,2.331071,-2.798555,4.473540
401,1.400000,2.190976,-2.801104,4.700812
401,1.450000,2.051347,-2.780450,4.909631
401,1.500000,1.913265,-2.739783,5.101504
401,1.550000,1.777650,-2.682226,5.277953
401,1.600000,1.645274,-2.610768,5.440461
401,1.650000,1.516758,-2.528214,5.590426
401,1.700000,1.392594,-2.437148,5.729139
401,1.750000,1.273146,-2.339910,5.857766
401,1.800000,1.158671,-2.238585,5.977347
401,1.850000,1.049325,-2.135004,6.088795
401,1.900000,0.945182,-2.030747,6.192910
401,1.950000,0.846239,-1.927158,6.290386
401,2.000000,0.752436,-1.825359,6.381827
401,2.050000,0.663658,-1.726269,6.467758
401,2.100000,0.579751,-1.630628,6.548640
401,2.150000,0.500528,-1.539010,6.624882
401,2.200000,0.425776,-1.451850,6.696849
401,2.250000,0.355264,-1.369461,6.764872
401,2.300000,0.288747,-1.292053,6.829256
401,2.350000,0.225973,-1.219747,6.890283
401,2.400000,0.166686,-1.152594,6.948220
401,2.450000,0.110628,-1.090587,7.003321
401,2.500000,0.057543,-1.033672,7.055826
401,2.550000,0.007177,-0.981762,7.105970
401,2.600000,-0.040715,-0.934742,7.153978
401,2.650000,-0.086376,-0.892478,7.200070
401,2.700000,-0.130040,-0.854828,7.244459
401,2.750000,-0.171933,-0.821640,7.287355
401,2.800000,-0.212276,-0.792763,7.328963
401,2.850000,-0.251279,-0.768049,7.369482
401,2.900000,-0.289147,-0.747354,7.409110
401,2.950000,-0.326079,-0.730546,7.448041
401,3.000000,-0.362265,-0.717502,7.486469
401,3.050000,-0.397890,-0.708112,7.524585
401,3.100000,-0.433135,-0.702282,7.562578
401,3.150000,-0.468176,-0.699935,7.600641
401,3.200000,-0.503186,-0.701008,7.638966
401,3.250000,-0.538333,-0.705461,7.677749
401,3.300000,-0.573788,-0.713272,7.717189
401,3.350000,-0.609716,-0.724440,7.757492
401,3.400000,-0.646288,-0.738986,7.798871
401,3.450000,-0.683672,-0.756958,7.841549
401,3.500000,-0.722042,-0.778427,7.885759
401,3.550000,-0.761575,-0.803492,7.931751
401,3.600000,-0.802453,-0.832283,7.979790
401,3.650000,-0.844868,-0.864962,8.030164
401,3.700000,-0.889017,-0.901726,8.083184
401,3.750000,-0.935112,-0.942812,8.139190
401,3.800000,-0.983375,-0.988501,8.198557
401,3.850000,-1.034045,-1.039121,8.261702
401,3.900000,-1.087376,-1.095056,8.329087
401,3.950000,-1.143646,-1.156751,8.401232
401,4.000000,-1.203156,-1.224723,8.478725
401,4.050000,-1.266233,-1.299566,8.562230
401,4.100000,-1.333238,-1.381970,8.652506
401,4.150000,-1.404569,-1.472730,8.750422
401,4.200000,-1.480665,-1.572764,8.856979
401,4.250000,-1.562017,-1.683138,8.973337
401,4.300000,-1.649172,-1.805085,9.100841
401,4.350000,-1.742742,-1.940039,9.241066
401,4.400000,-1.843420,-2.089672,9.395859
401,4.450000,-1.951987,-2.255937,9.567396
401,4.500000,-2.069329,-2.441129,9.758257
401,4.550000,-2.196459,-2.647946,9.971512
401,4.600000,-2.334536,-2.879580,10.210828
401,4.650000,-2.484893,-3.139824,10.480612
401,4.700000,-2.649070,-3.433204,10.786181
401,4.750000,-2.828855,-3.765150,11.133979
401,4.800000,-3.026336,-4.142214,11.531856
401,4.850000,-3.243960,-4.572352,11.989419
401,4.900000,-3.484615,-5.065281,12.518485
401,4.950000,-3.751731,-5.632957,13.133662

402,0.000000,1.055639,6.000000,6.000000
402,0.050000,1.348037,5.695028,5.695028
402,0.100000,1.624998,5.381458,5.381458
402,0.150000,1.885946,5.053744,5.053743
402,0.200000,2.130070,4.707951,4.707949
402,0.250000,2.356399,4.341699,4.341696
402,0.300000,2.563883,3.954111,3.954107
402,0.350000,2.751463,3.545740,3.545734
402,0.400000,2.918141,3.118466,3.118455
402,0.450000,3.063045,2.675362,2.675344
402,0.500000,3.185482,2.220528,2.220495
402,0.550000,3.284984,1.758884,1.758820
402,0.600000,3.361348,1.295937,1.295796
402,0.650000,3.414654,0.837541,0.837140
402,0.700000,3.445277,0.389632,0.387911
402,0.750000,3.453889,-0.042012,0.045769
402,0.800000,3.441438,-0.452001,0.852984
402,0.850000,3.409131,-0.835530,1.153158
402,0.900000,3.358395,-1.188533,1.511421
402,0.950000,3.290841,-1.507797,1.886581
402,1.000000,3.208217,-1.791021,2.260733
402,1.050000,3.112363,-2.036835,2.624718
402,1.100000,3.005165,-2.244771,2.973294
402,1.150000,2.888512,-2.415199,3.303374
402,1.200000,2.764253,-2.549236,3.613267
402,1.250000,2.634166,-2.648637,3.902272
402,1.300000,2.499929,-2.715667,4.170418
402,1.350000,2.363095,-2.752978,4.418273
402,1.400000,2.225078,-2.763486,4.646787
402,1.450000,2.087143,-2.750255,4.857165
402,1.500000,1.950397,-2.716399,5.050756
402,1.550000,1.815795,-2.664991,5.228970
402,1.600000,1.684141,-2.598995,5.393213
402,1.650000,1.556092,-2.521211,5.544830
402,1.700000,1.432173,-2.434235,5.685082
402,1.750000,1.312782,-2.340430,5.815120
402,1.800000,1.198208,-2.241919,5.935976
402,1.850000,1.088637,-2.140571,6.048568
402,1.900000,0.984171,-2.038013,6.153699
402,1.950000,0.884833,-1.935637,6.252071
402,2.000000,0.790584,-1.834614,6.344298
402,2.050000,0.701333,-1.735910,6.430911
402,2.100000,0.616942,-1.640309,6.512381
402,2.150000,0.537240,-1.548428,6.589120
402,2.200000,0.462029,-1.460740,6.661498
402,2.250000,0.391090,-1.377595,6.729850
402,2.300000,0.324190,-1.299231,6.794481
402,2.350000,0.261085,-1.225799,6.855675
402,2.400000,0.201526,-1.157373,6.913697
402,2.450000,0.145264,-1.093966,6.968800
402,2.500000,0.092047,-1.035541,7.021223
402,2.550000,0.041628,-0.982024,7.071197
402,2.600000,-0.006236,-0.933310,7.118944
402,2.650000,-0.051781,-0.889276,7.164681
402,2.700000,-0.095239,-0.849781,7.208617
402,2.750000,-0.136832,-0.814679,7.250956
402,2.800000,-0.176777,-0.783819,7.291898
402,2.850000,-0.215282,-0.757050,7.331638
402,2.900000,-0.252548,-0.734229,7.370368
402,2.950000,-0.288769,-0.715216,7.408275
402,3.000000,-0.324131,-0.699882,7.445544
402,3.050000,-0.358816,-0.688110,7.482358
402,3.100000,-0.393000,-0.679795,7.518899
402,3.150000,-0.426852,-0.674848,7.555347
402,3.200000,-0.460539,-0.673194,7.591884
402,3.250000,-0.494225,-0.674776,7.628692
402,3.300000,-0.528070,-0.679555,7.665956
402,3.350000,-0.562234,-0.687510,7.703864
402,3.400000,-0.596874,-0.698641,7.742611
402,3.450000,-0.632151,-0.712970,7.782397
402,3.500000,-0.668225,-0.730539,7.823432
402,3.550000,-0.705260,-0.751417,7.865936
402,3.600000,-0.743423,-0.775698,7.910143
402,3.650000,-0.782888,-0.803503,7.956302
402,3.700000,-0.823835,-0.834984,8.004682
402,3.750000,-0.866451,-0.870326,8.055575
402,3.800000,-0.910936,-0.909751,8.109298
402,3.850000,-0.957499,-0.953520,8.166201
402,3.900000,-1.006365,-1.001939,8.226671
402,3.950000,-1.057776,-1.055367,8.291138
402,4.000000,-1.111992,-1.114217,8.360084
402,4.050000,-1.169296,-1.178969,8.434052
402,4.100000,-1.229996,-1.250173,8.513656
402,4.150000,-1.294431,-1.328468,8.599595
402,4.200000,-1.362973,-1.414587,8.692668
402,4.250000,-1.436034,-1.509379,8.793793
402,4.300000,-1.514072,-1.613823,8.904029
402,4.350000,-1.597596,-1.729052,9.024607
402,4.400000,-1.687179,-1.856380,9.156959
402,4.450000,-1.783461,-1.997338,9.302762
402,4.500000,-1.887169,-2.153708,9.463988
402,4.550000,-1.999123,-2.327577,9.642969
402,4.600000,-2.120259,-2.521397,9.842469
402,4.650000,-2.251643,-2.738059,10.065786
402,4.700000,-2.394502,-2.980987,10.316871
402,4.750000,-2.550247,-3.254255,10.600477
402,4.800000,-2.720513,-3.562737,10.922349
402,4.850000,-2.907204,-3.912292,11.289467
402,4.900000,-3.112543,-4.310008,11.710348
402,4.950000,-3.339149,-4.764508,12.195438
402,5.000000,-3.590114,-5.286359,12.757610
402,5.050000,-3.869121,-5.888599,13.412818

403,0.000000,0.983459,6.000000,6.000000
403,0.050000,1.275966,5.699730,5.699730
403,0.100000,1.553317,5.392614,5.392614
403,0.150000,1.815016,5.072859,5.072858
403,0.200000,2.060321,4.736257,4.736256
403,0.250000,2.288315,4.380131,4.380129
403,0.300000,2.497988,4.003278,4.003274
403,0.350000,2.688300,3.605905,3.605899
403,0.400000,2.858261,3.189540,3.189530
403,0.450000,3.006982,2.756905,2.756890
403,0.500000,3.133742,2.311764,2.311736
403,0.550000,3.238027,1.858728,1.858677
403,0.600000,3.319571,1.403043,1.402934
403,0.650000,3.378381,0.950348,0.950064
403,0.700000,3.414752,0.506431,0.505364
403,0.750000,3.429266,0.076986,0.080372
403,0.800000,3.422782,-0.332610,0.383037
403,0.850000,3.396418,-0.717503,0.785258
403,0.900000,3.351514,-1.073519,1.194502
403,0.950000,3.289604,-1.397283,1.598530
403,1.000000,3.212366,-1.686297,1.991050
403,1.050000,3.121581,-1.938964,2.367974
403,1.100000,3.019088,-2.154577,2.726471
403,1.150000,2.906740,-2.333262,3.064675
403,1.200000,2.786364,-2.475900,3.381536
403,1.250000,2.659726,-2.584026,3.676688
403,1.300000,2.528502,-2.659706,3.950342
403,1.350000,2.394255,-2.705421,4.203156
403,1.400000,2.258414,-2.723945,4.436131
403,1.450000,2.122265,-2.718232,4.650501
403,1.500000,1.986944,-2.691310,4.847641
403,1.550000,1.853437,-2.646197,5.028984
403,1.600000,1.722579,-2.585826,5.195964
403,1.650000,1.595062,-2.512985,5.349958
403,1.700000,1.471445,-2.430276,5.492260
403,1.750000,1.352159,-2.340085,5.624058
403,1.800000,1.237525,-2.244563,5.746418
403,1.850000,1.127760,-2.145619,5.860292
403,1.900000,1.022992,-2.044926,5.966516
403,1.950000,0.923272,-1.943921,6.065818
403,2.000000,0.828585,-1.843821,6.158835
403,2.050000,0.738858,-1.745641,6.246120
403,2.100000,0.653975,-1.650209,6.328158
403,2.150000,0.573780,-1.558185,6.405373
403,2.200000,0.498091,-1.470083,6.478146
403,2.250000,0.426700,-1.386286,6.546816
403,2.300000,0.359386,-1.307066,6.611694
403,2.350000,0.295914,-1.232602,6.673063
403,2.400000,0.236045,-1.162992,6.731191
403,2.450000,0.179533,-1.098272,6.786328
403,2.500000,0.126136,-1.038421,6.838712
403,2.550000,0.075611,-0.983381,6.888571
403,2.600000,0.027720,-0.933059,6.936124
403,2.650000,-0.017771,-0.887338,6.981584
403,2.700000,-0.061089,-0.846087,7.025155
403,2.750000,-0.102452,-0.809163,7.067039
403,2.800000,-0.142075,-0.776416,7.107429
403,2.850000,-0.180161,-0.747697,7.146515
403,2.900000,-0.216909,-0.722860,7.184484
403,2.950000,-0.252509,-0.701761,7.221517
403,3.000000,-0.287145,-0.684267,7.257793
403,3.050000,-0.320994,-0.670255,7.293487
403,3.100000,-0.354227,-0.659610,7.328773
403,3.150000,-0.387009,-0.652233,7.363822
403,3.200000,-0.419503,-0.648039,7.398807
403,3.250000,-0.451865,-0.646957,7.433899
403,3.300000,-0.484250,-0.648933,7.469270
403,3.350000,-0.516809,-0.653929,7.505096
403,3.400000,-0.549692,-0.661926,7.541554
403,3.450000,-0.583051,-0.672925,7.578827
403,3.500000,-0.617035,-0.686944,7.617106
403,3.550000,-0.651797,-0.704025,7.656587
403,3.600000,-0.687490,-0.724230,7.697479
403,3.650000,-0.724273,-0.747648,7.740001
403,3.700000,-0.762310,-0.774392,7.784388
403,3.750000,-0.801770,-0.804604,7.830892
403,3.800000,-0.842831,-0.838455,7.879786
403,3.850000,-0.885680,-0.876152,7.931368
403,3.900000,-0.930514,-0.917938,7.985965
403,3.950000,-0.977546,-0.964098,8.043937
403,4.000000,-1.027002,-1.014962,8.105685
403,4.050000,-1.079127,-1.070912,8.171657
403,4.100000,-1.134186,-1.132393,8.242357
403,4.150000,-1.192467,-1.199911,8.318353
403,4.200000,-1.254287,-1.274055,8.400291
403,4.250000,-1.319994,-1.355499,8.488905
403,4.300000,-1.389972,-1.445021,8.585041
403,4.350000,-1.464646,-1.543517,8.689670
403,4.400000,-1.544490,-1.652024,8.803916
403,4.450000,-1.630035,-1.771739,8.929086
403,4.500000,-1.721874,-1.904054,9.066704
403,4.550000,-1.820677,-2.050587,9.218560
403,4.600000,-1.927201,-2.213229,9.386760
403,4.650000,-2.042305,-2.394193,9.573797
403,4.700000,-2.166968,-2.596082,9.782635
403,4.750000,-2.302312,-2.821969,10.016812
403,4.800000,-2.449625,-3.075503,10.280572
403,4.850000,-2.610395,-3.361029,10.579026
403,4.900000,-2.786347,-3.683755,10.918365
403,4.950000,-2.979493,-4.049955,11.306112
403,5.000000,-3.192192,-4.467236,11.751466
403,5.050000,-3.427221,-4.944873,12.265715
403,5.100000,-3.687873,-5.494261,12.862797

404,0.000000,0.911278,6.000000,6.000000
404,0.050000,1.203883,5.703925,5.703925
404,0.100000,1.481585,5.402785,5.402785
404,0.150000,1.743975,5.090550,5.090549
404,0.200000,1.990380,4.762747,4.762746
404,0.250000,2.219940,4.416409,4.416407
404,0.300000,2.431686,4.050018,4.050015
404,0.350000,2.624605,3.663449,3.663444
404,0.400000,2.797713,3.257881,3.257873
404,0.450000,2.950115,2.835691,2.835678
404,0.500000,3.081062,2.400308,2.400285
404,0.550000,3.189998,1.956034,1.955992
404,0.600000,3.276600,1.507844,1.507759
404,0.650000,3.340807,1.061157,1.060950
404,0.700000,3.382835,0.621597,0.620914
404,0.750000,3.403179,0.194761,0.191837
404,0.800000,3.402612,-0.214006,0.215178
404,0.850000,3.382162,-0.599818,0.648134
404,0.900000,3.343085,-0.958406,1.053523
404,0.950000,3.286835,-1.286253,1.454587
404,1.000000,3.215018,-1.580675,1.845303
404,1.050000,3.129356,-1.839860,2.221542
404,1.100000,3.031636,-2.062868,2.580348
404,1.150000,2.923675,-2.249587,2.919696
404,1.200000,2.807272,-2.400663,3.238359
404,1.250000,2.684181,-2.517408,3.535798
404,1.300000,2.556073,-2.601690,3.812061
404,1.350000,2.424515,-2.655812,4.067663
404,1.400000,2.290951,-2.682402,4.303483
404,1.450000,2.156687,-2.684291,4.520659
404,1.500000,2.022885,-2.664421,4.720490
404,1.550000,1.890558,-2.625746,4.904361
404,1.600000,1.760575,-2.571160,5.073670
404,1.650000,1.633661,-2.503434,5.229780
404,1.700000,1.510407,-2.425171,5.373981
404,1.750000,1.391280,-2.338773,5.507466
404,1.800000,1.276629,-2.246420,5.631317
404,1.850000,1.166704,-2.150056,5.746499
404,1.900000,1.061662,-2.051395,5.853866
404,1.950000,0.961578,-1.951920,5.954165
404,2.000000,0.866462,-1.852895,6.048050
404,2.050000,0.776263,-1.755381,6.136087
404,2.100000,0.690884,-1.660251,6.218774
404,2.150000,0.610187,-1.568208,6.296547
404,2.200000,0.534003,-1.479805,6.369792
404,2.250000,0.462138,-1.395463,6.438856
404,2.300000,0.394383,-1.315487,6.504051
404,2.350000,0.330514,-1.240084,6.565666
404,2.400000,0.270297,-1.169380,6.623966
404,2.450000,0.213496,-1.103431,6.679203
404,2.500000,0.159874,-1.042238,6.731612
404,2.550000,0.109194,-0.985755,6.781421
404,2.600000,0.061222,-0.933904,6.828845
404,2.650000,0.015728,-0.886578,6.874093
404,2.700000,-0.027510,-0.843654,6.917369
404,2.750000,-0.068708,-0.804992,6.958868
404,2.800000,-0.108077,-0.770448,6.998780
404,2.850000,-0.145819,-0.739874,7.037292
404,2.900000,-0.182128,-0.713120,7.074584
404,2.950000,-0.217193,-0.690044,7.110833
404,3.000000,-0.251192,-0.670508,7.146211
404,3.050000,-0.284300,-0.654381,7.180888
404,3.100000,-0.316685,-0.641544,7.215031
404,3.150000,-0.348508,-0.631890,7.248805
404,3.200000,-0.379925,-0.625322,7.282371
404,3.250000,-0.411090,-0.621760,7.315893
404,3.300000,-0.442150,-0.621135,7.349531
404,3.350000,-0.473251,-0.623396,7.383450
404,3.400000,-0.504537,-0.628508,7.417813
404,3.450000,-0.536149,-0.636452,7.452789
404,3.500000,-0.568230,-0.647226,7.488550
404,3.550000,-0.600920,-0.660850,7.525274
404,3.600000,-0.634363,-0.677360,7.563146
404,3.650000,-0.668705,-0.696815,7.602362
404,3.700000,-0.704094,-0.719296,7.643126
404,3.750000,-0.740686,-0.744909,7.685659
404,3.800000,-0.778640,-0.773784,7.730195
404,3.850000,-0.818122,-0.806081,7.776988
404,3.900000,-0.859308,-0.841989,7.826316
404,3.950000,-0.902385,-0.881734,7.878482
404,4.000000,-0.947550,-0.925578,7.933819
404,4.050000,-0.995016,-0.973826,7.992699
404,4.100000,-1.045011,-1.026829,8.055533
404,4.150000,-1.097785,-1.084994,8.122786
404,4.200000,-1.153605,-1.148788,8.194978
404,4.250000,-1.212766,-1.218747,8.272701
404,4.300000,-1.275592,-1.295490,8.356627
404,4.350000,-1.342440,-1.379725,8.447524
404,4.400000,-1.413703,-1.472268,8.546274
404,4.450000,-1.489820,-1.574060,8.653898
404,4.500000,-1.571281,-1.686189,8.771574
404,4.550000,-1.658632,-1.809913,8.900677
404,4.600000,-1.752490,-1.946692,9.042813
404,4.650000,-1.853547,-2.098226,9.199869
404,4.700000,-1.962591,-2.266503,9.374072
404,4.750000,-2.080515,-2.453852,9.568057
404,4.800000,-2.208339,-2.663015,9.784965
404,4.850000,-2.347233,-2.897235,10.028548
404,4.900000,-2.498544,-3.160364,10.303312
404,4.950000,-2.663827,-3.456999,10.614694
404,5.000000,-2.844893,-3.792658,10.969283
404,5.050000,-3.043853,-4.174001,11.375100
404,5.100000,-3.263188,-4.609116,11.841959
404,5.150000,-3.505823,-5.107888,12.381926
404,5.200000,-3.775237,-5.682486,13.009915

405,0.000000,0.839098,6.000000,6.000000
405,0.050000,1.131786,5.707612,5.707612
405,0.100000,1.409804,5.411972,5.411972
405,0.150000,1.672824,5.106814,5.106814
405,0.200000,1.920247,4.787414,4.787413
405,0.250000,2.151273,4.450522,4.450520
405,0.300000,2.364976,4.094317,4.094315
405,0.350000,2.560375,3.718348,3.718344
405,0.400000,2.736495,3.323457,3.323449
405,0.450000,2.892438,2.911678,2.911666
405,0.500000,3.027432,2.486107,2.486088
405,0.550000,3.140885,2.050738,2.050704
405,0.600000,3.232421,1.610269,1.610202
405,0.650000,3.301913,1.169889,1.169735
405,0.700000,3.349502,0.735047,0.734592
405,0.750000,3.375602,0.311229,0.309166
405,0.800000,3.380898,-0.096272,0.090159
405,0.850000,3.366330,-0.482550,0.620282
405,0.900000,3.333070,-0.843262,0.981456
405,0.950000,3.282491,-1.174763,1.362095
405,1.000000,3.216129,-1.474198,1.741402
405,1.050000,3.135640,-1.739550,2.110944
405,1.100000,3.042762,-1.969654,2.465996
405,1.150000,2.939269,-2.164165,2.803606
405,1.200000,2.826933,-2.323498,3.121969
405,1.250000,2.707488,-2.448743,3.420138
405,1.300000,2.582600,-2.541563,3.697850
405,1.350000,2.453837,-2.604082,3.955380
405,1.400000,2.322656,-2.638773,4.193415
405,1.450000,2.190379,-2.648344,4.412941
405,1.500000,2.058193,-2.635637,4.615146
405,1.550000,1.927139,-2.603537,4.801330
405,1.600000,1.798115,-2.554892,4.972834
405,1.650000,1.671879,-2.492452,5.130985
405,1.700000,1.549056,-2.418815,5.277056
405,1.750000,1.430144,-2.336393,5.412231
405,1.800000,1.315526,-2.247390,5.537595
405,1.850000,1.205482,-2.153784,5.654122
405,1.900000,1.100195,-2.057328,5.762679
405,1.950000,0.999771,-1.959547,5.864028
405,2.000000,0.904241,-1.861752,5.958834
405,2.050000,0.813577,-1.765049,6.047678
405,2.100000,0.727702,-1.670356,6.131070
405,2.150000,0.646496,-1.578420,6.209455
405,2.200000,0.569804,-1.489834,6.283227
405,2.250000,0.497449,-1.405056,6.352737
405,2.300000,0.429229,-1.324425,6.418304
405,2.350000,0.364933,-1.248178,6.480217
405,2.400000,0.304336,-1.176469,6.538744
405,2.450000,0.247209,-1.109376,6.594135
405,2.500000,0.193321,-1.046920,6.646627
405,2.550000,0.142440,-0.989073,6.696444
405,2.600000,0.094338,-0.935770,6.743800
405,2.650000,0.048789,-0.886917,6.788903
405,2.700000,0.005574,-0.842396,6.831951
405,2.750000,-0.035520,-0.802077,6.873137
405,2.800000,-0.074701,-0.765818,6.912649
405,2.850000,-0.112167,-0.733474,6.950668
405,2.900000,-0.148111,-0.704897,6.987371
405,2.950000,-0.182717,-0.679942,7.022930
405,3.000000,-0.216163,-0.658467,7.057513
405,3.050000,-0.248620,-0.640341,7.091284
405,3.100000,-0.280251,-0.625436,7.124403
405,3.150000,-0.311215,-0.613640,7.157029
405,3.200000,-0.341665,-0.604847,7.189317
405,3.250000,-0.371749,-0.598967,7.221422
405,3.300000,-0.401609,-0.595921,7.253495
405,3.350000,-0.431387,-0.595646,7.285689
405,3.400000,-0.461219,-0.598091,7.318159
405,3.450000,-0.491241,-0.603222,7.351058
405,3.500000,-0.521586,-0.611021,7.384545
405,3.550000,-0.552387,-0.621486,7.418782
405,3.600000,-0.583779,-0.634632,7.453934
405,3.650000,-0.615896,-0.650495,7.490176
405,3.700000,-0.648874,-0.669126,7.527689
405,3.750000,-0.682856,-0.690602,7.566665
405,3.800000,-0.717983,-0.715017,7.607307
405,3.850000,-0.754408,-0.742493,7.649835
405,3.900000,-0.792286,-0.773175,7.694485
405,3.950000,-0.831782,-0.807239,7.741511
405,4.000000,-0.873070,-0.844890,7.791194
405,4.050000,-0.916335,-0.886368,7.843841
405,4.100000,-0.961775,-0.931953,7.899793
405,4.150000,-1.009604,-0.981967,7.959428
405,4.200000,-1.060052,-1.036779,8.023170
405,4.250000,-1.113369,-1.096817,8.091494
405,4.300000,-1.169828,-1.162568,8.164937
405,4.350000,-1.229730,-1.234592,8.244109
405,4.400000,-1.293403,-1.313534,8.329705
405,4.450000,-1.361211,-1.400132,8.422523
405,4.500000,-1.433558,-1.495235,8.523476
405,4.550000,-1.510892,-1.599823,8.633625
405,4.600000,-1.593717,-1.715027,8.754197
405,4.650000,-1.682594,-1.842155,8.886624
405,4.700000,-1.778156,-1.982729,9.032584
405,4.750000,-1.881120,-2.138519,9.194046
405,4.800000,-1.992296,-2.311596,9.373340
405,4.850000,-2.112607,-2.504390,9.573227
405,4.900000,-2.243110,-2.719764,9.796998
405,4.950000,-2.385016,-2.961107,10.048590
405,5.000000,-2.539720,-3.232449,10.332739
405,5.050000,-2.708840,-3.538607,10.655162
405,5.100000,-2.894256,-3.885368,11.022793
405,5.150000,-3.098169,-4.279730,11.444088
405,5.200000,-3.323163,-4.730203,11.929398
405,5.250000,-3.572296,-5.247208,12.491468
405,5.300000,-3.849204,-5.843595,13.146066

406,0.000000,0.766917,6.000000,6.000000
406,0.050000,1.059677,5.710792,5.710792
406,0.100000,1.337972,5.420172,5.420172
406,0.150000,1.601562,5.121650,5.121649
406,0.200000,1.849922,4.810252,4.810251
406,0.250000,2.082313,4.482461,4.482459
406,0.300000,2.297858,4.136159,4.136156
406,0.350000,2.495607,3.770579,3.770575
406,0.400000,2.674603,3.386233,3.386227
406,0.450000,2.833945,2.984820,2.984811
406,0.500000,2.972846,2.569108,2.569091
406,0.550000,3.090678,2.142777,2.142748
406,0.600000,3.187020,1.710245,1.710191
406,0.650000,3.261682,1.276463,1.276347
406,0.700000,3.314733,0.846696,0.846382
406,0.750000,3.346508,0.426300,0.425048
406,0.800000,3.357607,0.020507,0.042019
406,0.850000,3.348884,-0.365781,0.631175
406,0.900000,3.321428,-0.728161,0.932641
406,0.950000,3.276530,-1.062876,1.285098
406,1.000000,3.215653,-1.366913,1.648896
406,1.050000,3.140388,-1.638064,2.009268
406,1.100000,3.052419,-1.874948,2.358925
406,1.150000,2.953475,-2.076993,2.693641
406,1.200000,2.845298,-2.244384,3.010858
406,1.250000,2.729600,-2.377991,3.309131
406,1.300000,2.608038,-2.479270,3.587829
406,1.350000,2.482180,-2.550162,3.846947
406,1.400000,2.353490,-2.592980,4.086953
406,1.450000,2.223307,-2.610299,4.308664
406,1.500000,2.092840,-2.604859,4.513137
406,1.550000,1.963154,-2.579466,4.701575
406,1.600000,1.835179,-2.536917,4.875251
406,1.650000,1.709703,-2.479932,5.035447
406,1.700000,1.587383,-2.411099,5.183407
406,1.750000,1.468750,-2.332837,5.320305
406,1.800000,1.354219,-2.247369,5.447223
406,1.850000,1.244100,-2.156703,5.565142
406,1.900000,1.138606,-2.062626,5.674937
406,1.950000,1.037868,-1.966708,5.777382
406,2.000000,0.941943,-1.870302,5.873157
406,2.050000,0.850826,-1.774561,5.962856
406,2.100000,0.764460,-1.680445,6.046998
406,2.150000,0.682741,-1.588746,6.126039
406,2.200000,0.605534,-1.500097,6.200381
406,2.250000,0.532672,-1.414994,6.270383
406,2.300000,0.463969,-1.333811,6.336365
406,2.350000,0.399222,-1.256817,6.398622
406,2.400000,0.338215,-1.184191,6.457422
406,2.450000,0.280728,-1.116038,6.513017
406,2.500000,0.226536,-1.052400,6.565642
406,2.550000,0.175413,-0.993266,6.615521
406,2.600000,0.127135,-0.938586,6.662867
406,2.650000,0.081481,-0.888278,6.707884
406,2.700000,0.038236,-0.842236,6.750768
406,2.750000,-0.002811,-0.800334,6.791711
406,2.800000,-0.041864,-0.762437,6.830895
406,2.850000,-0.079119,-0.728404,6.868500
406,2.900000,-0.114766,-0.698086,6.904698
406,2.950000,-0.148988,-0.671341,6.939657
406,3.000000,-0.181958,-0.648024,6.973541
406,3.050000,-0.213845,-0.628000,7.006510
406,3.100000,-0.244810,-0.611140,7.038719
406,3.150000,-0.275009,-0.597322,7.070321
406,3.200000,-0.304591,-0.586437,7.101463
406,3.250000,-0.333700,-0.578384,7.132294
406,3.300000,-0.362476,-0.573077,7.162959
406,3.350000,-0.391053,-0.570440,7.193601
406,3.400000,-0.419563,-0.570412,7.224364
406,3.450000,-0.448136,-0.572945,7.255393
406,3.500000,-0.476900,-0.578005,7.286832
406,3.550000,-0.505979,-0.585574,7.318830
406,3.600000,-0.535499,-0.595649,7.351537
406,3.650000,-0.565585,-0.608242,7.385110
406,3.700000,-0.596365,-0.623385,7.419709
406,3.750000,-0.627967,-0.641125,7.455505
406,3.800000,-0.660522,-0.661529,7.492674
406,3.850000,-0.694166,-0.684686,7.531406
406,3.900000,-0.729039,-0.710704,7.571904
406,3.950000,-0.765286,-0.739717,7.614384
406,4.000000,-0.803063,-0.771885,7.659082
406,4.050000,-0.842530,-0.807394,7.706254
406,4.100000,-0.883861,-0.846463,7.756184
406,4.150000,-0.927240,-0.889345,7.809181
406,4.200000,-0.972864,-0.936334,7.865591
406,4.250000,-1.020948,-0.987765,7.925798
406,4.300000,-1.071721,-1.044023,7.990234
406,4.350000,-1.125438,-1.105551,8.059383
406,4.400000,-1.182372,-1.172853,8.133797
406,4.450000,-1.242829,-1.246509,8.214098
406,4.500000,-1.307140,-1.327184,8.301002
406,4.550000,-1.375677,-1.415639,8.395325
406,4.600000,-1.448848,-1.512749,8.498011
406,4.650000,-1.527113,-1.619526,8.610150
406,4.700000,-1.610981,-1.737133,8.733008
406,4.750000,-1.701029,-1.866920,8.868063
406,4.800000,-1.797902,-2.010456,9.017049
406,4.850000,-1.902333,-2.169567,9.182003
406,4.900000,-2.015154,-2.346390,9.365336
406,4.950000,-2.137309,-2.543434,9.569908
406,5.000000,-2.269883,-2.763657,9.799131
406,5.050000,-2.414119,-3.010564,10.057092
406,5.100000,-2.571453,-3.288325,10.348707
406,5.150000,-2.743548,-3.601932,10.679916
406,5.200000,-2.932342,-3.957386,11.057932
406,5.250000,-3.140103,-4.361952,11.491554
406,5.300000,-3.369501,-4.824478,11.991564
406,5.350000,-3.623695,-5.355809,12.571246
406,5.400000,-3.906449,-5.969341,13.247051

407,0.000000,0.694737,6.000000,6.000000
407,0.050000,0.987555,5.713464,5.713464
407,0.100000,1.266090,5.427386,5.427386
407,0.150000,1.530189,5.135055,5.135054
407,0.200000,1.779403,4.831257,4.831257
407,0.250000,2.013060,4.512215,4.512214
407,0.300000,2.230330,4.175526,4.175524
407,0.350000,2.430300,3.820117,3.820113
407,0.400000,2.612032,3.446176,3.446171
407,0.450000,2.774631,3.055075,3.055067
407,0.500000,2.917294,2.649254,2.649240
407,0.550000,3.039366,2.232083,2.232059
407,0.600000,3.140381,1.807695,1.807652
407,0.650000,3.220094,1.380796,1.380706
407,0.700000,3.278504,0.956453,0.956231
407,0.750000,3.315869,0.539884,0.539109
407,0.800000,3.332708,0.136239,0.133972
407,0.850000,3.329790,-0.249597,0.254448
407,0.900000,3.308120,-0.613181,0.656853
407,0.950000,3.268908,-0.950658,1.044231
407,1.000000,3.213543,-1.258873,1.425793
407,1.050000,3.143549,-1.535439,1.796929
407,1.100000,3.060554,-1.778769,2.154141
407,1.150000,2.966240,-1.988071,2.494843
407,1.200000,2.862315,-2.163303,2.817240
407,1.250000,2.750468,-2.305116,3.120242
407,1.300000,2.632340,-2.414759,3.403373
407,1.350000,2.509499,-2.493985,3.666683
407,1.400000,2.383413,-2.544941,3.910647
407,1.450000,2.255436,-2.570066,4.136065
407,1.500000,2.126794,-2.571988,4.343976
407,1.550000,1.998579,-2.553428,4.535567
407,1.600000,1.871747,-2.517126,4.712103
407,1.650000,1.747117,-2.465764,4.874867
407,1.700000,1.625378,-2.401914,5.025112
407,1.750000,1.507093,-2.327998,5.164027
407,1.800000,1.392709,-2.246251,5.292716
407,1.850000,1.282565,-2.158709,5.412182
407,1.900000,1.176904,-2.067192,5.523325
407,1.950000,1.075885,-1.973310,5.626943
407,2.000000,0.979589,-1.878457,5.723738
407,2.050000,0.888035,-1.783831,5.814323
407,2.100000,0.801185,-1.690437,5.899237
407,2.150000,0.718957,-1.599108,5.978949
407,2.200000,0.641229,-1.510521,6.053874
407,2.250000,0.567850,-1.425207,6.124377
407,2.300000,0.498647,-1.343578,6.190788
407,2.350000,0.433426,-1.265934,6.253403
407,2.400000,0.371983,-1.192483,6.312497
407,2.450000,0.314106,-1.123355,6.368320
407,2.500000,0.259575,-1.058615,6.421108
407,2.550000,0.208171,-0.998270,6.471085
407,2.600000,0.159675,-0.942286,6.518461
407,2.650000,0.113871,-0.890595,6.563440
407,2.700000,0.070546,-0.843101,6.606215
407,2.750000,0.029493,-0.799687,6.646974
407,2.800000,-0.009489,-0.760225,6.685899
407,2.850000,-0.046593,-0.724575,6.723163
407,2.900000,-0.082008,-0.692596,6.758937
407,2.950000,-0.115912,-0.664141,6.793386
407,3.000000,-0.148478,-0.639069,6.826669
407,3.050000,-0.179873,-0.617241,6.858940
407,3.100000,-0.210254,-0.598525,6.890352
407,3.150000,-0.239775,-0.582795,6.921052
407,3.200000,-0.268581,-0.569935,6.951182
407,3.250000,-0.296814,-0.559839,6.980885
407,3.300000,-0.324610,-0.552412,7.010299
407,3.350000,-0.352099,-0.547570,7.039560
407,3.400000,-0.379409,-0.545241,7.068804
407,3.450000,-0.406664,-0.545364,7.098166
407,3.500000,-0.433985,-0.547895,7.127781
407,3.550000,-0.461493,-0.552799,7.157785
407,3.600000,-0.489304,-0.560058,7.188316
407,3.650000,-0.517537,-0.569666,7.219516
407,3.700000,-0.546310,-0.581635,7.251529
407,3.750000,-0.575741,-0.595991,7.284506
407,3.800000,-0.605950,-0.612775,7.318604
407,3.850000,-0.637060,-0.632049,7.353988
407,3.900000,-0.669197,-0.653890,7.390832
407,3.950000,-0.702493,-0.678398,7.429324
407,4.000000,-0.737084,-0.705693,7.469662
407,4.050000,-0.773111,-0.735919,7.512064
407,4.100000,-0.810727,-0.769244,7.556765
407,4.150000,-0.850091,-0.805866,7.604022
407,4.200000,-0.891372,-0.846013,7.654119
407,4.250000,-0.934755,-0.889950,7.707368
407,4.300000,-0.980436,-0.937978,7.764119
407,4.350000,-1.028627,-0.990445,7.824761
407,4.400000,-1.079561,-1.047745,7.889731
407,4.450000,-1.133489,-1.110333,7.959523
407,4.500000,-1.190690,-1.178725,8.034697
407,4.550000,-1.251468,-1.253514,8.115889
407,4.600000,-1.316160,-1.335379,8.203827
407,4.650000,-1.385137,-1.425098,8.299346
407,4.700000,-1.458815,-1.523563,8.403410
407,4.750000,-1.537656,-1.631805,8.517135
407,4.800000,-1.622178,-1.751012,8.641816
407,4.850000,-1.712963,-1.882561,8.778969
407,4.900000,-1.810666,-2.028051,8.930367
407,4.950000,-1.916031,-2.189345,9.098102
407,5.000000,-2.029900,-2.368623,9.284646
407,5.050000,-2.153235,-2.568447,9.492933
407,5.100000,-2.287137,-2.791837,9.726467
407,5.150000,-2.432871,-3.042375,9.989442
407,5.200000,-2.591897,-3.324323,10.286907
407,5.250000,-2.765911,-3.642786,10.624963
407,5.300000,-2.956886,-4.003907,11.011022
407,5.350000,-3.167135,-4.415128,11.454121
407,5.400000,-3.399382,-4.885517,11.965343
407,5.450000,-3.656855,-5.426201,12.558342

408,0.000000,0.622556,6.000000,6.000000
408,0.050000,0.915421,5.715628,5.715629
408,0.100000,1.194158,5.433613,5.433613
408,0.150000,1.458705,5.147026,5.147026
408,0.200000,1.708692,4.850424,4.850424
408,0.250000,1.943512,4.539775,4.539774
408,0.300000,2.162390,4.212403,4.212402
408,0.350000,2.364450,3.866937,3.866934
408,0.400000,2.548780,3.503253,3.503248
408,0.450000,2.714489,3.122398,3.122391
408,0.500000,2.860768,2.726490,2.726479
408,0.550000,2.986937,2.318589,2.318570
408,0.600000,3.092491,1.902542,1.902507
408,0.650000,3.177130,1.482801,1.482732
408,0.700000,3.240790,1.064228,1.064066
408,0.750000,3.283657,0.651886,0.651385
408,0.800000,3.306168,0.250829,0.248504
408,0.850000,3.309009,-0.134090,0.131232
408,0.900000,3.293103,-0.498406,0.567254
408,0.950000,3.259579,-0.838182,0.935022
408,1.000000,3.209749,-1.150138,1.306770
408,1.050000,3.145072,-1.431719,1.672235
408,1.100000,3.067114,-1.681143,2.026250
408,1.150000,2.977511,-1.897404,2.365483
408,1.200000,2.877931,-2.080241,2.687693
408,1.250000,2.770038,-2.230086,2.991467
408,1.300000,2.655456,-2.347980,3.276076
408,1.350000,2.535747,-2.435484,3.541358
408,1.400000,2.412381,-2.494577,3.787609
408,1.450000,2.286725,-2.527554,4.015488
408,1.500000,2.160020,-2.536923,4.225915
408,1.550000,2.033382,-2.525317,4.419989
408,1.600000,1.907793,-2.495407,4.598910
408,1.650000,1.784102,-2.449833,4.763917
408,1.700000,1.663028,-2.391146,4.916235
408,1.750000,1.545166,-2.321761,5.057042
408,1.800000,1.430993,-2.243925,5.187438
408,1.850000,1.320880,-2.159695,5.308434
408,1.900000,1.215099,-2.070923,5.420939
408,1.950000,1.113836,-1.979253,5.525765
408,2.000000,1.017198,-1.886123,5.623629
408,2.050000,0.925227,-1.792771,5.715160
408,2.100000,0.837907,-1.700247,5.800908
408,2.150000,0.755174,-1.609428,5.881354
408,2.200000,0.676924,-1.521030,5.956924
408,2.250000,0.603021,-1.435624,6.027991
408,2.300000,0.533304,-1.353657,6.094890
408,2.350000,0.467592,-1.275464,6.157924
408,2.400000,0.405691,-1.201281,6.217368
408,2.450000,0.347395,-1.131265,6.273476
408,2.500000,0.292493,-1.065502,6.326483
408,2.550000,0.240773,-1.004022,6.376612
408,2.600000,0.192020,-0.946807,6.424075
408,2.650000,0.146022,-0.893803,6.469072
408,2.700000,0.102571,-0.844925,6.511795
408,2.750000,0.061463,-0.800067,6.552431
408,2.800000,0.022499,-0.759107,6.591156
408,2.850000,-0.014511,-0.721911,6.628145
408,2.900000,-0.049752,-0.688340,6.663562
408,2.950000,-0.083403,-0.658252,6.697571
408,3.000000,-0.115633,-0.631504,6.730327
408,3.050000,-0.146606,-0.607956,6.761982
408,3.100000,-0.176480,-0.587474,6.792682
408,3.150000,-0.205403,-0.569930,6.822572
408,3.200000,-0.233520,-0.555202,6.851789
408,3.250000,-0.260968,-0.543179,6.880471
408,3.300000,-0.287881,-0.533759,6.908749
408,3.350000,-0.314386,-0.526850,6.936754
408,3.400000,-0.340606,-0.522371,6.964615
408,3.450000,-0.366662,-0.520254,6.992458
408,3.500000,-0.392670,-0.520439,7.020411
408,3.550000,-0.418744,-0.522883,7.048598
408,3.600000,-0.444995,-0.527551,7.077148
408,3.650000,-0.471536,-0.534425,7.106190
408,3.700000,-0.498475,-0.543497,7.135854
408,3.750000,-0.525922,-0.554775,7.166274
408,3.800000,-0.553989,-0.568281,7.197591
408,3.850000,-0.582788,-0.584051,7.229949
408,3.900000,-0.612433,-0.602139,7.263500
408,3.950000,-0.643042,-0.622614,7.298404
408,4.000000,-0.674736,-0.645565,7.334833
408,4.050000,-0.707641,-0.671097,7.372969
408,4.100000,-0.741890,-0.699341,7.413010
408,4.150000,-0.777623,-0.730447,7.455169
408,4.200000,-0.814986,-0.764592,7.499680
408,4.250000,-0.854136,-0.801980,7.546798
408,4.300000,-0.895242,-0.842846,7.596806
408,4.350000,-0.938483,-0.887461,7.650017
408,4.400000,-0.984055,-0.936133,7.706779
408,4.450000,-1.032170,-0.989215,7.767484
408,4.500000,-1.083057,-1.047109,7.832569
408,4.550000,-1.136969,-1.110275,7.902531
408,4.600000,-1.194181,-1.179235,7.977932
408,4.650000,-1.254998,-1.254589,8.059413
408,4.700000,-1.319758,-1.337022,8.147706
408,4.750000,-1.388832,-1.427319,8.243655
408,4.800000,-1.462636,-1.526381,8.348229
408,4.850000,-1.541633,-1.635245,8.462553
408,4.900000,-1.626343,-1.755111,8.587937
408,4.950000,-1.717350,-1.887365,8.725907
408,5.000000,-1.815313,-2.033617,8.878256
408,5.050000,-1.920976,-2.195746,9.047095
408,5.100000,-2.035188,-2.375947,9.234918
408,5.150000,-2.158915,-2.576801,9.444690
408,5.200000,-2.293263,-2.801351,9.679949
408,5.250000,-2.439504,-3.053206,9.944931
408,5.300000,-2.599109,-3.336662,10.244734
408,5.350000,-2.773782,-3.656863,10.585522
408,5.400000,-2.965510,-4.020004,10.974778
408,5.450000,-3.176621,-4.433589,11.421630
408,5.500000,-3.409860,-4.906764,11.937270
408,5.550000,-3.668475,-5.450756,12.535486

409,0.000000,0.550376,6.000000,6.000000
409,0.050000,0.843273,5.717285,5.717285
409,0.100000,1.122175,5.438852,5.438852
409,0.150000,1.387110,5.157561,5.157562
409,0.200000,1.637788,4.867747,4.867746
409,0.250000,1.873670,4.565131,4.565131
409,0.300000,2.094038,4.246774,4.246772
409,0.350000,2.298057,3.911015,3.911013
409,0.400000,2.484842,3.557428,3.557424
409,0.450000,2.653514,3.186743,3.186737
409,0.500000,2.803260,2.800759,2.800750
409,0.550000,2.933380,2.402228,2.402212
409,0.600000,3.043333,1.994707,1.994679
409,0.650000,3.132771,1.582391,1.582336
409,0.700000,3.201570,1.169924,1.169804
409,0.750000,3.249843,0.762205,0.761869
409,0.800000,3.277952,0.364177,0.362769
409,0.850000,3.286503,-0.019357,0.034562
409,0.900000,3.276333,-0.383925,0.795192
409,0.950000,3.248494,-0.725528,1.046392
409,1.000000,3.204220,-1.040772,1.355725
409,1.050000,3.144902,-1.326951,1.684672
409,1.100000,3.072043,-1.582098,2.015842
409,1.150000,2.987230,-1.805003,2.340295
409,1.200000,2.892089,-1.995190,2.652901
409,1.250000,2.788254,-2.152873,2.950586
409,1.300000,2.677330,-2.278886,3.231574
409,1.350000,2.560871,-2.374596,3.494994
409,1.400000,2.440346,-2.441810,3.740636
409,1.450000,2.317129,-2.482671,3.968785
409,1.500000,2.192479,-2.499564,4.180079
409,1.550000,2.067530,-2.495023,4.375406
409,1.600000,1.943290,-2.471646,4.555807
409,1.650000,1.820636,-2.432023,4.722401
409,1.700000,1.700317,-2.378676,4.876333
409,1.750000,1.582957,-2.314010,5.018720
409,1.800000,1.469067,-2.240277,5.150624
409,1.850000,1.359046,-2.159551,5.273034
409,1.900000,1.253197,-2.073711,5.386848
409,1.950000,1.151732,-1.984436,5.492874
409,2.000000,1.054786,-1.893202,5.591830
409,2.050000,0.962423,-1.801289,5.684349
409,2.100000,0.874650,-1.709791,5.770986
409,2.150000,0.791422,-1.619625,5.852232
409,2.200000,0.712652,-1.531548,5.928515
409,2.250000,0.638222,-1.446173,6.000216
409,2.300000,0.567982,-1.363982,6.067674
409,2.350000,0.501764,-1.285342,6.131195
409,2.400000,0.439384,-1.210522,6.191056
409,2.450000,0.380645,-1.139706,6.247513
409,2.500000,0.325345,-1.073003,6.300802
409,2.550000,0.273276,-1.010464,6.351147
409,2.600000,0.224229,-0.952090,6.398757
409,2.650000,0.177998,-0.897841,6.443833
409,2.700000,0.134378,-0.847646,6.486565
409,2.750000,0.093167,-0.801409,6.527137
409,2.800000,0.054173,-0.759016,6.565726
409,2.850000,0.017204,-0.720339,6.602502
409,2.900000,-0.017921,-0.685245,6.637630
409,2.950000,-0.051378,-0.653592,6.671267
409,3.000000,-0.083335,-0.625241,6.703568
409,3.050000,-0.113955,-0.600050,6.734682
409,3.100000,-0.143391,-0.577885,6.764751
409,3.150000,-0.171791,-0.558614,6.793917
409,3.200000,-0.199298,-0.542114,6.822312
409,3.250000,-0.226047,-0.528267,6.850070
409,3.300000,-0.252167,-0.516967,6.877319
409,3.350000,-0.277784,-0.508115,6.904182
409,3.400000,-0.303018,-0.501623,6.930783
409,3.450000,-0.327985,-0.497413,6.957242
409,3.500000,-0.352796,-0.495417,6.983678
409,3.550000,-0.377562,-0.495580,7.010208
409,3.600000,-0.402390,-0.497858,7.036952
409,3.650000,-0.427383,-0.502216,7.064026
409,3.700000,-0.452646,-0.508635,7.091550
409,3.750000,-0.478280,-0.517105,7.119646
409,3.800000,-0.504390,-0.527631,7.148438
409,3.850000,-0.531078,-0.540230,7.178054
409,3.900000,-0.558448,-0.554933,7.208626
409,3.950000,-0.586607,-0.571786,7.240294
409,4.000000,-0.615664,-0.590849,7.273205
409,4.050000,-0.645730,-0.612200,7.307513
409,4.100000,-0.676923,-0.635933,7.343385
409,4.150000,-0.709365,-0.662163,7.380999
409,4.200000,-0.743184,-0.691022,7.420546
409,4.250000,-0.778514,-0.722667,7.462238
409,4.300000,-0.815500,-0.757280,7.506302
409,4.350000,-0.854295,-0.795067,7.552990
409,4.400000,-0.895063,-0.836269,7.602581
409,4.450000,-0.937983,-0.881158,7.655384
409,4.500000,-0.983246,-0.930043,7.711742
409,4.550000,-1.031060,-0.983281,7.772042
409,4.600000,-1.081653,-1.041273,7.836717
409,4.650000,-1.135274,-1.104479,7.906260
409,4.700000,-1.192196,-1.173423,7.981227
409,4.750000,-1.252722,-1.248703,8.062253
409,4.800000,-1.317183,-1.331000,8.150065
409,4.850000,-1.385952,-1.421097,8.245497
409,4.900000,-1.459438,-1.519892,8.349511
409,4.950000,-1.538103,-1.628416,8.463225
409,5.000000,-1.622461,-1.747863,8.587934
409,5.050000,-1.713094,-1.879609,8.725153
409,5.100000,-1.810654,-2.025255,8.876660
409,5.150000,-1.915882,-2.186666,9.044545
409,5.200000,-2.029619,-2.366022,9.231284
409,5.250000,-2.152825,-2.565885,9.439814
409,5.300000,-2.286599,-2.789275,9.673641
409,5.350000,-2.432204,-3.039769,9.936961
409,5.400000,-2.591098,-3.321629,10.234825
409,5.450000,-2.764973,-3.639954,10.573339
409,5.500000,-2.955802,-4.000882,10.959911
409,5.550000,-3.165894,-4.411847,11.403581
409,5.600000,-3.397969,-4.881906,11.915425
409,5.650000,-3.655252,-5.422173,12.509090

410,0.000000,0.478195,6.000000,6.000000
410,0.050000,0.771113,5.718433,5.718433
410,0.100000,1.050142,5.443102,5.443102
410,0.150000,1.315404,5.166659,5.166659
410,0.200000,1.566690,4.883220,4.883220
410,0.250000,1.803533,4.588273,4.588273
410,0.300000,2.025272,4.278621,4.278620
410,0.350000,2.231117,3.952327,3.952325
410,0.400000,2.420214,3.608667,3.608664
410,0.450000,2.591701,3.248063,3.248058
410,0.500000,2.744762,2.872003,2.871995
410,0.550000,2.878684,2.482929,2.482916
410,0.600000,2.992892,2.084108,2.084085
410,0.650000,3.086997,1.679472,1.679429
410,0.700000,3.160816,1.273442,1.273351
410,0.750000,3.214397,0.870737,0.870504
410,0.800000,3.248026,0.476179,0.475333
410,0.850000,3.262230,0.094500,0.094165
410,0.900000,3.257766,-0.269835,0.284939
410,0.950000,3.235604,-0.612781,0.658291
410,1.000000,3.196903,-0.930848,1.025652
410,1.050000,3.142982,-1.221191,1.387463
410,1.100000,3.075283,-1.481673,1.739440
410,1.150000,2.995337,-1.710885,2.078367
410,1.200000,2.904727,-1.908144,2.401867
410,1.250000,2.805055,-2.073452,2.708288
410,1.300000,2.697905,-2.207433,2.996618
410,1.350000,2.584815,-2.311260,3.266407
410,1.400000,2.467255,-2.386561,3.517683
410,1.450000,2.346602,-2.435326,3.750862
410,1.500000,2.224127,-2.459809,3.966662
410,1.550000,2.100985,-2.462437,4.166018
410,1.600000,1.978206,-2.445727,4.350006
410,1.650000,1.856693,-2.412214,4.519779
410,1.700000,1.737223,-2.364383,4.676509
410,1.750000,1.620453,-2.304623,4.821345
410,1.800000,1.506922,-2.235186,4.955384
410,1.850000,1.397061,-2.158159,5.079646
410,1.900000,1.291201,-2.075445,5.195063
410,1.950000,1.189583,-1.988752,5.302476
410,2.000000,1.092367,-1.899594,5.402631
410,2.050000,0.999642,-1.809291,5.496189
410,2.100000,0.911438,-1.718977,5.583729
410,2.150000,0.827729,-1.629613,5.665760
410,2.200000,0.748447,-1.541997,5.742729
410,2.250000,0.673489,-1.456780,5.815028
410,2.300000,0.602720,-1.374482,5.883008
410,2.350000,0.535985,-1.295503,5.946981
410,2.400000,0.473110,-1.220145,6.007230
410,2.450000,0.413907,-1.148618,6.064015
410,2.500000,0.358182,-1.081058,6.117574
410,2.550000,0.305734,-1.017538,6.168130
410,2.600000,0.256360,-0.958077,6.215894
410,2.650000,0.209859,-0.902653,6.261064
410,2.700000,0.166029,-0.851206,6.303831
410,2.750000,0.124673,-0.803654,6.344374
410,2.800000,0.085600,-0.759890,6.382871
410,2.850000,0.048623,-0.719796,6.419487
410,2.900000,0.013562,-0.683240,6.454384
410,2.950000,-0.019758,-0.650088,6.487720
410,3.000000,-0.051502,-0.620200,6.519644
410,3.050000,-0.081830,-0.593437,6.550303
410,3.100000,-0.110895,-0.569664,6.579836
410,3.150000,-0.138844,-0.548747,6.608380
410,3.200000,-0.165815,-0.530560,6.636067
410,3.250000,-0.191943,-0.514983,6.663024
410,3.300000,-0.217355,-0.501904,6.689374
410,3.350000,-0.242173,-0.491220,6.715239
410,3.400000,-0.266515,-0.482835,6.740735
410,3.450000,-0.290494,-0.476664,6.765978
410,3.500000,-0.314217,-0.472633,6.791080
410,3.550000,-0.337792,-0.470676,6.816152
410,3.600000,-0.361319,-0.470738,6.841305
410,3.650000,-0.384898,-0.472776,6.866647
410,3.700000,-0.408629,-0.476756,6.892289
410,3.750000,-0.432606,-0.482656,6.918341
410,3.800000,-0.456926,-0.490464,6.944916
410,3.850000,-0.481684,-0.500182,6.972128
410,3.900000,-0.506976,-0.511823,7.000094
410,3.950000,-0.532899,-0.525411,7.028938
410,4.000000,-0.559550,-0.540984,7.058785
410,4.050000,-0.587031,-0.558597,7.089770
410,4.100000,-0.615445,-0.578313,7.122033
410,4.150000,-0.644899,-0.600217,7.155726
410,4.200000,-0.675505,-0.624407,7.191008
410,4.250000,-0.707380,-0.651000,7.228054
410,4.300000,-0.740647,-0.680133,7.267051
410,4.350000,-0.775438,-0.711964,7.308205
410,4.400000,-0.811891,-0.746675,7.351738
410,4.450000,-0.850157,-0.784476,7.397899
410,4.500000,-0.890395,-0.825605,7.446961
410,4.550000,-0.932777,-0.870332,7.499227
410,4.600000,-0.977493,-0.918966,7.555037
410,4.650000,-1.024745,-0.971858,7.614770
410,4.700000,-1.074756,-1.029407,7.678855
410,4.750000,-1.127771,-1.092064,7.747775
410,4.800000,-1.184056,-1.160347,7.822080
410,4.850000,-1.243909,-1.234843,7.902394
410,4.900000,-1.307655,-1.316224,7.989435
410,4.950000,-1.375659,-1.405256,8.084024
410,5.000000,-1.448323,-1.502822,8.187110
410,5.050000,-1.526100,-1.609932,8.299789
410,5.100000,-1.609494,-1.727754,8.423339
410,5.150000,-1.699076,-1.857637,8.559248
410,5.200000,-1.795485,-2.001145,8.709262
410,5.250000,-1.899448,-2.160102,8.875433
410,5.300000,-2.011788,-2.336637,9.060188
410,5.350000,-2.133445,-2.533248,9.266405
410,5.400000,-2.265496,-2.752881,9.497514
410,5.450000,-2.409175,-2.999021,9.757619
410,5.500000,-2.565908,-3.275816,10.051652
410,5.550000,-2.737349,-3.588225,10.385567
410,5.600000,-2.925422,-3.942215,10.766581
410,5.650000,-3.132382,-4.344999,11.203489
410,5.700000,-3.360880,-4.805363,11.707050
410,5.750000,-3.614055,-5.334072,12.290505
410,5.800000,-3.895644,-5.944420,12.970226

411,0.000000,0.406015,6.000000,6.000000
411,0.050000,0.698940,5.719074,5.719074
411,0.100000,0.978058,5.446363,5.446363
411,0.150000,1.243586,5.174316,5.174317
411,0.200000,1.495399,4.896838,4.896838
411,0.250000,1.733100,4.609191,4.609190
411,0.300000,1.956090,4.307928,4.307927
411,0.350000,2.163628,3.990846,3.990845
411,0.400000,2.354893,3.656934,3.656932
411,0.450000,2.529043,3.306313,3.306309
411,0.500000,2.685265,2.940163,2.940156
411,0.550000,2.822835,2.560621,2.560609
411,0.600000,2.941153,2.170662,2.170643
411,0.650000,3.039789,1.773953,1.773918
411,0.700000,3.118506,1.374681,1.374611
411,0.750000,3.177289,0.977376,0.977210
411,0.800000,3.216355,0.586723,0.586194
411,0.850000,3.236151,0.207372,0.204934
411,0.900000,3.237355,-0.156237,0.155321
411,0.950000,3.220858,-0.500033,0.550143
411,1.000000,3.187742,-0.820445,0.905889
411,1.050000,3.139253,-1.114503,1.261201
411,1.100000,3.076770,-1.379911,1.609265
411,1.150000,3.001767,-1.615074,1.946032
411,1.200000,2.915782,-1.819107,2.268700
411,1.250000,2.820379,-1.991803,2.575325
411,1.300000,2.717118,-2.133581,2.864658
411,1.350000,2.607521,-2.245416,3.136048
411,1.400000,2.493052,-2.328756,3.389348
411,1.450000,2.375090,-2.385430,3.624821
411,1.500000,2.254918,-2.417554,3.843060
411,1.550000,2.133706,-2.427444,4.044897
411,1.600000,2.012504,-2.417530,4.231327
411,1.650000,1.892242,-2.390281,4.403444
411,1.700000,1.773724,-2.348140,4.562380
411,1.750000,1.657636,-2.293475,4.709261
411,1.800000,1.544548,-2.228530,4.845170
411,1.850000,1.434920,-2.155400,4.971126
411,1.900000,1.329112,-2.076008,5.088067
411,1.950000,1.227394,-1.992090,5.196843
411,2.000000,1.129953,-1.905193,5.298214
411,2.050000,1.036902,-1.816676,5.392853
411,2.100000,0.948292,-1.727714,5.481355
411,2.150000,0.864121,-1.639307,5.564242
411,2.200000,0.784338,-1.552296,5.641970
411,2.250000,0.708856,-1.467369,5.714944
411,2.300000,0.637557,-1.385085,5.783520
411,2.350000,0.570297,-1.305880,5.848019
411,2.400000,0.506912,-1.230086,5.908727
411,2.450000,0.447227,-1.157943,5.965907
411,2.500000,0.391054,-1.089612,6.019801
411,2.550000,0.338201,-1.025190,6.070631
411,2.600000,0.288469,-0.964716,6.118608
411,2.650000,0.241663,-0.908185,6.163930
411,2.700000,0.197586,-0.855552,6.206787
411,2.750000,0.156044,-0.806747,6.247359
411,2.800000,0.116849,-0.761673,6.285818
411,2.850000,0.079817,-0.720220,6.322330
411,2.900000,0.044769,-0.682264,6.357055
411,2.950000,0.011534,-0.647673,6.390148
411,3.000000,-0.020052,-0.616311,6.421756
411,3.050000,-0.050148,-0.588041,6.452022
411,3.100000,-0.078906,-0.562728,6.481085
411,3.150000,-0.106468,-0.540238,6.509078
411,3.200000,-0.132974,-0.520443,6.536129
411,3.250000,-0.158555,-0.503220,6.562362
411,3.300000,-0.183337,-0.488453,6.587899
411,3.350000,-0.207440,-0.476035,6.612854
411,3.400000,-0.230978,-0.465865,6.637342
411,3.450000,-0.254062,-0.457852,6.661473
411,3.500000,-0.276798,-0.451915,6.685353
411,3.550000,-0.299287,-0.447980,6.709088
411,3.600000,-0.321628,-0.445983,6.732781
411,3.650000,-0.343917,-0.445872,6.756536
411,3.700000,-0.366246,-0.447603,6.780452
411,3.750000,-0.388707,-0.451141,6.804633
411,3.800000,-0.411390,-0.456462,6.829179
411,3.850000,-0.434383,-0.463555,6.854195
411,3.900000,-0.457775,-0.472415,6.879784
411,3.950000,-0.481654,-0.483051,6.906055
411,4.000000,-0.506110,-0.495483,6.933119
411,4.050000,-0.531233,-0.509741,6.961090
411,4.100000,-0.557115,-0.525869,6.990091
411,4.150000,-0.583852,-0.543924,7.020247
411,4.200000,-0.611541,-0.563976,7.051694
411,4.250000,-0.640284,-0.586110,7.084576
411,4.300000,-0.670188,-0.610426,7.119047
411,4.350000,-0.701365,-0.637044,7.155274
411,4.400000,-0.733933,-0.666099,7.193438
411,4.450000,-0.768018,-0.697749,7.233737
411,4.500000,-0.803754,-0.732175,7.276387
411,4.550000,-0.841285,-0.769582,7.321626
411,4.600000,-0.880766,-0.810204,7.369720
411,4.650000,-0.922364,-0.854307,7.420961
411,4.700000,-0.966260,-0.902192,7.475678
411,4.750000,-1.012651,-0.954201,7.534239
411,4.800000,-1.061755,-1.010721,7.597057
411,4.850000,-1.113806,-1.072193,7.664601
411,4.900000,-1.169065,-1.139117,7.737400
411,4.950000,-1.227818,-1.212061,7.816059
411,5.000000,-1.290382,-1.291677,7.901270
411,5.050000,-1.357109,-1.378705,7.993825
411,5.100000,-1.428390,-1.473995,8.094638
411,5.150000,-1.504662,-1.578523,8.204767
411,5.200000,-1.586415,-1.693411,8.325437
411,5.250000,-1.674198,-1.819959,8.458081
411,5.300000,-1.768630,-1.959668,8.604373
411,5.350000,-1.870413,-2.114288,8.766281
411,5.400000,-1.980341,-2.285860,8.946130
411,5.450000,-2.099321,-2.476774,9.146671
411,5.500000,-2.228387,-2.689847,9.371182
411,5.550000,-2.368729,-2.928405,9.623575
411,5.600000,-2.521717,-3.196403,9.908550
411,5.650000,-2.688938,-3.498561,10.231769
411,5.700000,-2.872236,-3.840548,10.600089
411,5.750000,-3.073769,-4.229210,11.021847
411,5.800000,-3.296072,-4.672865,11.507233
411,5.850000,-3.542140,-5.181689,12.068762
411,5.900000,-3.815533,-5.768220,12.721883

412,0.000000,0.333835,6.000000,6.000000
412,0.050000,0.626754,5.719206,5.719206
412,0.100000,0.905925,5.448633,5.448634
412,0.150000,1.171658,5.180531,5.180531
412,0.200000,1.423913,4.908597,4.908597
412,0.250000,1.662370,4.627874,4.627874
412,0.300000,1.886492,4.334678,4.334678
412,0.350000,2.095588,4.026549,4.026547
412,0.400000,2.288876,3.702195,3.702193
412,0.450000,2.465534,3.361445,3.361442
412,0.500000,2.624761,3.005178,3.005172
412,0.550000,2.765823,2.635229,2.635220
412,0.600000,2.888100,2.254283,2.254267
412,0.650000,2.991124,1.865734,1.865706
412,0.700000,3.074612,1.473532,1.473478
412,0.750000,3.138489,1.082008,1.081887
412,0.800000,3.182900,0.695696,0.695350
412,0.850000,3.208221,0.319147,0.317648
412,0.900000,3.215051,-0.043241,0.042909
412,0.950000,3.204202,-0.387385,0.683343
412,1.000000,3.176678,-0.709649,0.947123
412,1.050000,3.133654,-1.006956,1.256059
412,1.100000,3.076440,-1.276863,1.577501
412,1.150000,3.006454,-1.517600,1.897789
412,1.200000,2.925185,-1.728088,2.209950
412,1.250000,2.834157,-1.907914,2.509929
412,1.300000,2.734902,-2.057296,2.795267
412,1.350000,2.628923,-2.177009,3.064536
412,1.400000,2.517675,-2.268320,3.317054
412,1.450000,2.402537,-2.332891,3.552700
412,1.500000,2.284799,-2.372696,3.771771
412,1.550000,2.165644,-2.389932,3.974877
412,1.600000,2.046143,-2.386933,4.162847
412,1.650000,1.927248,-2.366097,4.336646
412,1.700000,1.809791,-2.329819,4.497311
412,1.750000,1.694484,-2.280435,4.645902
412,1.800000,1.581928,-2.220179,4.783457
412,1.850000,1.472613,-2.151148,4.910967
412,1.900000,1.366927,-2.075279,5.029352
412,1.950000,1.265169,-1.994333,5.139458
412,2.000000,1.167552,-1.909889,5.242044
412,2.050000,1.074215,-1.823341,5.337787
412,2.100000,0.985233,-1.735902,5.427289
412,2.150000,0.900622,-1.648615,5.511077
412,2.200000,0.820354,-1.562358,5.589618
412,2.250000,0.744357,-1.477862,5.663322
412,2.300000,0.672529,-1.395720,5.732553
412,2.350000,0.604738,-1.316405,5.797634
412,2.400000,0.540835,-1.240281,5.858858
412,2.450000,0.480652,-1.167619,5.916490
412,2.500000,0.424012,-1.098607,5.970772
412,2.550000,0.370729,-1.033365,6.021929
412,2.600000,0.320612,-0.971954,6.070173
412,2.650000,0.273469,-0.914385,6.115701
412,2.700000,0.229110,-0.860632,6.158702
412,2.750000,0.187343,-0.810636,6.199355
412,2.800000,0.147985,-0.764312,6.237831
412,2.850000,0.110853,-0.721559,6.274295
412,2.900000,0.075771,-0.682259,6.308905
412,2.950000,0.042571,-0.646287,6.341813
412,3.000000,0.011089,-0.613510,6.373166
412,3.050000,-0.018831,-0.583794,6.403105
412,3.100000,-0.047339,-0.557005,6.431765
412,3.150000,-0.074578,-0.533008,6.459277
412,3.200000,-0.100684,-0.511675,6.485768
412,3.250000,-0.125788,-0.492882,6.511359
412,3.300000,-0.150013,-0.476510,6.536167
412,3.350000,-0.173477,-0.462447,6.560305
412,3.400000,-0.196294,-0.450589,6.583882
412,3.450000,-0.218571,-0.440840,6.607005
412,3.500000,-0.240412,-0.433111,6.629777
412,3.550000,-0.261915,-0.427324,6.652298
412,3.600000,-0.283175,-0.423408,6.674665
412,3.650000,-0.304285,-0.421301,6.696975
412,3.700000,-0.325335,-0.420950,6.719323
412,3.750000,-0.346409,-0.422311,6.741803
412,3.800000,-0.367594,-0.425349,6.764507
412,3.850000,-0.388971,-0.430041,6.787530
412,3.900000,-0.410625,-0.436369,6.810966
412,3.950000,-0.432635,-0.444327,6.834910
412,4.000000,-0.455085,-0.453920,6.859461
412,4.050000,-0.478055,-0.465160,6.884718
412,4.100000,-0.501629,-0.478073,6.910786
412,4.150000,-0.525891,-0.492693,6.937773
412,4.200000,-0.550927,-0.509066,6.965793
412,4.250000,-0.576827,-0.527252,6.994965
412,4.300000,-0.603684,-0.547323,7.025418
412,4.350000,-0.631592,-0.569363,7.057287
412,4.400000,-0.660655,-0.593473,7.090718
412,4.450000,-0.690976,-0.619769,7.125871
412,4.500000,-0.722670,-0.648386,7.162918
412,4.550000,-0.755856,-0.679477,7.202044
412,4.600000,-0.790662,-0.713218,7.243458
412,4.650000,-0.827225,-0.749807,7.287386
412,4.700000,-0.865694,-0.789470,7.334080
412,4.750000,-0.906228,-0.832462,7.383817
412,4.800000,-0.949000,-0.879074,7.436911
412,4.850000,-0.994201,-0.929631,7.493711
412,4.900000,-1.042035,-0.984506,7.554609
412,4.950000,-1.092730,-1.044117,7.620049
412,5.000000,-1.146534,-1.108942,7.690533
412,5.050000,-1.203720,-1.179523,7.766634
412,5.100000,-1.264592,-1.256475,7.849004
412,5.150000,-1.329486,-1.340504,7.938392
412,5.200000,-1.398774,-1.432414,8.035659
412,5.250000,-1.472874,-1.533126,8.141801
412,5.300000,-1.552251,-1.643703,8.257970
412,5.350000,-1.637428,-1.765367,8.385510
412,5.400000,-1.728996,-1.899534,8.525989
412,5.450000,-1.827617,-2.047846,8.681251
412,5.500000,-1.934048,-2.212218,8.853463
412,5.550000,-2.049144,-2.394890,9.045193
412,5.600000,-2.173885,-2.598492,9.259489
412,5.650000,-2.309393,-2.826130,9.499989
412,5.700000,-2.456959,-3.081483,9.771050
412,5.750000,-2.618075,-3.368937,10.077913
412,5.800000,-2.794474,-3.693744,10.426912
412,5.850000,-2.988177,-4.062233,10.825738
412,5.900000,-3.201552,-4.482071,11.283766
412,5.950000,-3.437393,-4.962616,11.812488
412,6.000000,-3.699014,-5.515359,12.426057

413,0.000000,0.261654,6.000000,6.000000
413,0.050000,0.554555,5.718830,5.718830
413,0.100000,0.833740,5.449913,5.449913
413,0.150000,1.099617,5.185300,5.185301
413,0.200000,1.352233,4.918490,4.918490
413,0.250000,1.591343,4.644312,4.644312
413,0.300000,1.816475,4.358855,4.358855
413,0.350000,2.026994,4.059408,4.059407
413,0.400000,2.222156,3.744412,3.744410
413,0.450000,2.401168,3.413411,3.413408
413,0.500000,2.563240,3.066987,3.066983
413,0.550000,2.707635,2.706680,2.706673
413,0.600000,2.833716,2.334883,2.334870
413,0.650000,2.940984,1.954718,1.954695
413,0.700000,3.029110,1.569888,1.569845
413,0.750000,3.097963,1.184517,1.184427
413,0.800000,3.147625,0.802975,0.802740
413,0.850000,3.178399,0.429702,0.428826
413,0.900000,3.190806,0.069036,0.071147
413,0.950000,3.185581,-0.274943,0.309842
413,1.000000,3.163652,-0.598555,0.651576
413,1.050000,3.126119,-0.898630,0.997106
413,1.100000,3.074225,-1.172589,1.338732
413,1.150000,3.009328,-1.418501,1.671699
413,1.200000,2.932864,-1.635100,1.992792
413,1.250000,2.846317,-1.821777,2.299708
413,1.300000,2.751186,-1.978546,2.590856
413,1.350000,2.648952,-2.105988,2.865251
413,1.400000,2.541058,-2.205182,3.122433
413,1.450000,2.428880,-2.277621,3.362386
413,1.500000,2.313712,-2.325132,3.585453
413,1.550000,2.196748,-2.349785,3.792258
413,1.600000,2.079077,-2.353813,3.983632
413,1.650000,1.961672,-2.339533,4.160539
413,1.700000,1.845390,-2.309284,4.324019
413,1.750000,1.730972,-2.265367,4.475139
413,1.800000,1.619044,-2.209997,4.614951
413,1.850000,1.510128,-2.145269,4.744461
413,1.900000,1.404641,-2.073128,4.864613
413,1.950000,1.302909,-1.995358,4.976271
413,2.000000,1.205172,-1.913565,5.080221
413,2.050000,1.111595,-1.829175,5.177162
413,2.100000,1.022277,-1.743440,5.267716
413,2.150000,0.937256,-1.657441,5.352431
413,2.200000,0.856522,-1.572096,5.431789
413,2.250000,0.780022,-1.488174,5.506216
413,2.300000,0.707670,-1.406309,5.576087
413,2.350000,0.639349,-1.327006,5.641735
413,2.400000,0.574920,-1.250665,5.703458
413,2.450000,0.514228,-1.177587,5.761528
413,2.500000,0.457103,-1.107986,5.816190
413,2.550000,0.403369,-1.042009,5.867672
413,2.600000,0.352841,-0.979738,5.916185
413,2.650000,0.305333,-0.921204,5.961929
413,2.700000,0.260658,-0.866397,6.005089
413,2.750000,0.218631,-0.815273,6.045846
413,2.800000,0.179071,-0.767759,6.084369
413,2.850000,0.141797,-0.723763,6.120820
413,2.900000,0.106637,-0.683175,6.155357
413,2.950000,0.073425,-0.645877,6.188129
413,3.000000,0.041997,-0.611741,6.219282
413,3.050000,0.012200,-0.580636,6.248953
413,3.100000,-0.016115,-0.552428,6.277277
413,3.150000,-0.043089,-0.526987,6.304382
413,3.200000,-0.068857,-0.504181,6.330392
413,3.250000,-0.093549,-0.483887,6.355425
413,3.300000,-0.117286,-0.465984,6.379597
413,3.350000,-0.140185,-0.450356,6.403017
413,3.400000,-0.162358,-0.436897,6.425791
413,3.450000,-0.183909,-0.425506,6.448023
413,3.500000,-0.204941,-0.416090,6.469811
413,3.550000,-0.225550,-0.408564,6.491252
413,3.600000,-0.245828,-0.402852,6.512438
413,3.650000,-0.265864,-0.398883,6.533461
413,3.700000,-0.285744,-0.396599,6.554411
413,3.750000,-0.305551,-0.395947,6.575373
413,3.800000,-0.325365,-0.396883,6.596436
413,3.850000,-0.345265,-0.399371,6.617685
413,3.900000,-0.365328,-0.403385,6.639205
413,3.950000,-0.385629,-0.408907,6.661083
413,4.000000,-0.406243,-0.415927,6.683405
413,4.050000,-0.427247,-0.424443,6.706260
413,4.100000,-0.448713,-0.434465,6.729739
413,4.150000,-0.470718,-0.446010,6.753935
413,4.200000,-0.493340,-0.459104,6.778945
413,4.250000,-0.516655,-0.473786,6.804870
413,4.300000,-0.540746,-0.490102,6.831816
413,4.350000,-0.565694,-0.508112,6.859895
413,4.400000,-0.591586,-0.527887,6.889228
413,4.450000,-0.618513,-0.549510,6.919943
413,4.500000,-0.646570,-0.573078,6.952177
413,4.550000,-0.675855,-0.598704,6.986078
413,4.600000,-0.706476,-0.626517,7.021810
413,4.650000,-0.738546,-0.656663,7.059548
413,4.700000,-0.772184,-0.689310,7.099487
413,4.750000,-0.807522,-0.724645,7.141841
413,4.800000,-0.844697,-0.762882,7.186845
413,4.850000,-0.883862,-0.804263,7.234762
413,4.900000,-0.925180,-0.849059,7.285884
413,4.950000,-0.968830,-0.897580,7.340539
413,5.000000,-1.015006,-0.950171,7.399096
413,5.050000,-1.063922,-1.007226,7.461968
413,5.100000,-1.115811,-1.069191,7.529625
413,5.150000,-1.170931,-1.136571,7.602600
413,5.200000,-1.229567,-1.209939,7.681500
413,5.250000,-1.292035,-1.289950,7.767022
413,5.300000,-1.358685,-1.377349,7.859963
413,5.350000,-1.429907,-1.472990,7.961244
413,5.400000,-1.506138,-1.577854,8.071930
413,5.450000,-1.587865,-1.693067,8.193257
413,5.500000,-1.675639,-1.819931,8.326668
413,5.550000,-1.770077,-1.959955,8.473850
413,5.600000,-1.871882,-2.114891,8.636789
413,5.650000,-1.981849,-2.286785,8.817824
413,5.700000,-2.100883,-2.478034,9.019729
413,5.750000,-2.230021,-2.691460,9.245804
413,5.800000,-2.370453,-2.930398,9.499989
413,5.850000,-2.523551,-3.198809,9.787014
413,5.900000,-2.690904,-3.501426,10.112574
413,5.950000,-2.874358,-3.843927,10.483565
413,6.000000,-3.076074,-4.233173,10.908366
413,6.050000,-3.298591,-4.677501,11.397215
413,6.100000,-3.544910,-5.187110,11.962675
413,6.150000,-3.818597,-5.774566,12.620252

414,0.000000,0.189474,6.000000,6.000000
414,0.050000,0.482344,5.717945,5.717946
414,0.100000,0.761506,5.450201,5.450202
414,0.150000,1.027466,5.188623,5.188623
414,0.200000,1.280358,4.926512,4.926512
414,0.250000,1.520018,4.658496,4.658496
414,0.300000,1.746040,4.380442,4.380442
414,0.350000,1.957845,4.089399,4.089398
414,0.400000,2.154732,3.783550,3.783549
414,0.450000,2.335940,3.462162,3.462160
414,0.500000,2.500694,3.125529,3.125525
414,0.550000,2.648259,2.774898,2.774891
414,0.600000,2.777985,2.412372,2.412361
414,0.650000,2.889345,2.040799,2.040781
414,0.700000,2.981971,1.663633,1.663600
414,0.750000,3.055680,1.284780,1.284712
414,0.800000,3.110491,0.908435,0.908271
414,0.850000,3.146638,0.538911,0.538378
414,0.900000,3.164567,0.180472,0.178077
414,0.950000,3.164938,-0.162825,0.162827
414,1.000000,3.148600,-0.487268,0.530540
414,1.050000,3.116580,-0.789611,0.869400
414,1.100000,3.070053,-1.067157,1.206673
414,1.150000,3.010313,-1.317823,1.536857
414,1.200000,2.938743,-1.540169,1.856426
414,1.250000,2.856782,-1.733392,2.162866
414,1.300000,2.765893,-1.897309,2.454401
414,1.350000,2.667534,-2.032306,2.729873
414,1.400000,2.563130,-2.139273,2.988661
414,1.450000,2.454052,-2.219534,3.230598
414,1.500000,2.341594,-2.274759,3.455896
414,1.550000,2.226962,-2.306887,3.665066
414,1.600000,2.111256,-2.318040,3.858844
414,1.650000,1.995470,-2.310453,4.038121
414,1.700000,1.880485,-2.286397,4.203883
414,1.750000,1.767067,-2.248131,4.357158
414,1.800000,1.655872,-2.197845,4.498972
414,1.850000,1.547448,-2.137625,4.630322
414,1.900000,1.442243,-2.069423,4.752146
414,1.950000,1.340609,-1.995037,4.865317
414,2.000000,1.242815,-1.916097,4.970625
414,2.050000,1.149051,-1.834062,5.068783
414,2.100000,1.059439,-1.750218,5.160427
414,2.150000,0.974040,-1.665682,5.246116
414,2.200000,0.892866,-1.581414,5.326347
414,2.250000,0.815881,-1.498221,5.401554
414,2.300000,0.743015,-1.416772,5.472123
414,2.350000,0.674165,-1.337611,5.538395
414,2.400000,0.609208,-1.261170,5.600675
414,2.450000,0.547997,-1.187782,5.659238
414,2.500000,0.490375,-1.117691,5.714334
414,2.550000,0.436171,-1.051068,5.766193
414,2.600000,0.385208,-0.988017,5.815027
414,2.650000,0.337308,-0.928593,5.861035
414,2.700000,0.292289,-0.872801,5.904405
414,2.750000,0.249968,-0.820612,5.945315
414,2.800000,0.210168,-0.771967,5.983934
414,2.850000,0.172714,-0.726785,6.020423
414,2.900000,0.137434,-0.684965,6.054938
414,2.950000,0.104163,-0.646395,6.087627
414,3.000000,0.072742,-0.610952,6.118633
414,3.050000,0.043018,-0.578511,6.148093
414,3.100000,0.014843,-0.548941,6.176140
414,3.150000,-0.011922,-0.522112,6.202899
414,3.200000,-0.037411,-0.497894,6.228492
414,3.250000,-0.061753,-0.476162,6.253037
414,3.300000,-0.085067,-0.456795,6.276644
414,3.350000,-0.107470,-0.439675,6.299423
414,3.400000,-0.129070,-0.424693,6.321476
414,3.450000,-0.149973,-0.411745,6.342904
414,3.500000,-0.170277,-0.400734,6.363802
414,3.550000,-0.190077,-0.391570,6.384263
414,3.600000,-0.209463,-0.384172,6.404376
414,3.650000,-0.228522,-0.378463,6.424228
414,3.700000,-0.247337,-0.374379,6.443904
414,3.750000,-0.265986,-0.371858,6.463485
414,3.800000,-0.284548,-0.370850,6.483053
414,3.850000,-0.303096,-0.371311,6.502687
414,3.900000,-0.321703,-0.373205,6.522466
414,3.950000,-0.340440,-0.376502,6.542467
414,4.000000,-0.359376,-0.381183,6.562768
414,4.050000,-0.378581,-0.387234,6.583449
414,4.100000,-0.398122,-0.394650,6.604588
414,4.150000,-0.418068,-0.403433,6.626267
414,4.200000,-0.438488,-0.413596,6.648569
414,4.250000,-0.459451,-0.425158,6.671580
414,4.300000,-0.481028,-0.438146,6.695388
414,4.350000,-0.503290,-0.452599,6.720088
414,4.400000,-0.526313,-0.468563,6.745778
414,4.450000,-0.550173,-0.486095,6.772560
414,4.500000,-0.574950,-0.505264,6.800547
414,4.550000,-0.600728,-0.526149,6.829855
414,4.600000,-0.627595,-0.548842,6.860613
414,4.650000,-0.655644,-0.573449,6.892959
414,4.700000,-0.684974,-0.600091,6.927041
414,4.750000,-0.715689,-0.628905,6.963023
414,4.800000,-0.747903,-0.660046,7.001084
414,4.850000,-0.781735,-0.693689,7.041421
414,4.900000,-0.817317,-0.730031,7.084251
414,4.950000,-0.854787,-0.769297,7.129815
414,5.000000,-0.894299,-0.811735,7.178382
414,5.050000,-0.936018,-0.857630,7.230251
414,5.100000,-0.980125,-0.907300,7.285759
414,5.150000,-1.026817,-0.961105,7.345283
414,5.200000,-1.076311,-1.019451,7.409252
414,5.250000,-1.128846,-1.082798,7.478148
414,5.300000,-1.184683,-1.151670,7.552524
414,5.350000,-1.244114,-1.226658,7.633005
414,5.400000,-1.307462,-1.308438,7.720313
414,5.450000,-1.375084,-1.397780,7.815275
414,5.500000,-1.447380,-1.495568,7.918845
414,5.550000,-1.524798,-1.602814,8.032129
414,5.600000,-1.607839,-1.720685,8.156411
414,5.650000,-1.697066,-1.850527,8.293192
414,5.700000,-1.793117,-1.993902,8.444230
414,5.750000,-1.896712,-2.152628,8.611590
414,5.800000,-2.008670,-2.328826,8.797714
414,5.850000,-2.129927,-2.524986,9.005496
414,5.900000,-2.261550,-2.744039,9.238381
414,5.950000,-2.404769,-2.989456,9.500490
414,6.000000,-2.561003,-3.265362,9.796767
414,6.050000,-2.731895,-3.576691,10.133175
414,6.100000,-2.919360,-3.929373,10.516936
414,6.150000,-3.125639,-4.330583,10.956836
414,6.200000,-3.353371,-4.789049,11.463617
414,6.250000,-3.605674,-5.315469,12.050473
414,6.300000,-3.886267,-5.923044,12.733705

415,0.000000,0.117293,6.000000,6.000000
415,0.050000,0.410119,5.716552,5.716553
415,0.100000,0.689221,5.449497,5.449498
415,0.150000,0.955202,5.190495,5.190495
415,0.200000,1.208289,4.932657,4.932658
415,0.250000,1.448394,4.670414,4.670415
415,0.300000,1.675184,4.399420,4.399421
415,0.350000,1.888136,4.116495,4.116495
415,0.400000,2.086599,3.819571,3.819570
415,0.450000,2.269843,3.507648,3.507647
415,0.500000,2.437114,3.180740,3.180737
415,0.550000,2.587683,2.839803,2.839798
415,0.600000,2.720890,2.486658,2.486649
415,0.650000,2.836187,2.123874,2.123859
415,0.700000,2.933170,1.754651,1.754624
415,0.750000,3.011606,1.382670,1.382618
415,0.800000,3.071458,1.011942,1.011825
415,0.850000,3.112891,0.646639,0.646300
415,0.900000,3.136282,0.290934,0.289445
415,0.950000,3.142212,-0.051153,0.047848
415,1.000000,3.131456,-0.375900,0.601362
415,1.050000,3.104967,-0.679996,0.866634
415,1.100000,3.063848,-0.960645,1.167973
415,1.150000,3.009331,-1.215624,1.477644
415,1.200000,2.942741,-1.443325,1.784541
415,1.250000,2.865470,-1.642765,2.082963
415,1.300000,2.778943,-1.813566,2.369530
415,1.350000,2.684588,-1.955919,2.642155
415,1.400000,2.583814,-2.070530,2.899615
415,1.450000,2.477979,-2.158543,3.141319
415,1.500000,2.368378,-2.221473,3.367164
415,1.550000,2.256220,-2.261119,3.577422
415,1.600000,2.142621,-2.279488,3.772641
415,1.650000,2.028590,-2.278718,3.953569
415,1.700000,1.915031,-2.261013,4.121084
415,1.750000,1.802735,-2.228579,4.276133
415,1.800000,1.692383,-2.183575,4.419684
415,1.850000,1.584552,-2.128071,4.552696
415,1.900000,1.479718,-2.064021,4.676084
415,1.950000,1.378262,-1.993231,4.790706
415,2.000000,1.280480,-1.917355,4.897349
415,2.050000,1.186587,-1.837878,4.996728
415,2.100000,1.096730,-1.756119,5.089481
415,2.150000,1.010993,-1.673233,5.176178
415,2.200000,0.929408,-1.590214,5.257321
415,2.250000,0.851960,-1.507909,5.333354
415,2.300000,0.778594,-1.427024,5.404669
415,2.350000,0.709224,-1.348141,5.471614
415,2.400000,0.643739,-1.271725,5.534500
415,2.450000,0.582004,-1.198140,5.593605
415,2.500000,0.523873,-1.127661,5.649183
415,2.550000,0.469183,-1.060485,5.701466
415,2.600000,0.417767,-0.996741,5.750668
415,2.650000,0.369451,-0.936503,5.796989
415,2.700000,0.324058,-0.879797,5.840616
415,2.750000,0.281412,-0.826609,5.881727
415,2.800000,0.241339,-0.776894,5.920490
415,2.850000,0.203666,-0.730583,5.957066
415,2.900000,0.168226,-0.687585,5.991609
415,2.950000,0.134854,-0.647795,6.024267
415,3.000000,0.103394,-0.611099,6.055180
415,3.050000,0.073695,-0.577373,6.084485
415,3.100000,0.045610,-0.546492,6.112312
415,3.150000,0.019000,-0.518328,6.138786
415,3.200000,-0.006266,-0.492753,6.164027
415,3.250000,-0.030316,-0.469642,6.188149
415,3.300000,-0.053269,-0.448873,6.211264
415,3.350000,-0.075240,-0.430327,6.233477
415,3.400000,-0.096337,-0.413894,6.254888
415,3.450000,-0.116663,-0.399465,6.275597
415,3.500000,-0.136316,-0.386942,6.295695
415,3.550000,-0.155388,-0.376231,6.315272
415,3.600000,-0.173967,-0.367245,6.334416
415,3.650000,-0.192139,-0.359904,6.353208
415,3.700000,-0.209984,-0.354137,6.371730
415,3.750000,-0.227578,-0.349878,6.390060
415,3.800000,-0.244996,-0.347068,6.408272
415,3.850000,-0.262308,-0.345657,6.426443
415,3.900000,-0.279584,-0.345600,6.444643
415,3.950000,-0.296890,-0.346861,6.462945
415,4.000000,-0.314292,-0.349409,6.481419
415,4.050000,-0.331852,-0.353221,6.500136
415,4.100000,-0.349635,-0.358280,6.519166
415,4.150000,-0.367701,-0.364579,6.538581
415,4.200000,-0.386113,-0.372113,6.558453
415,4.250000,-0.404933,-0.380890,6.578854
415,4.300000,-0.424223,-0.390920,6.599861
415,4.350000,-0.444046,-0.402225,6.621551
415,4.400000,-0.464467,-0.414831,6.644006
415,4.450000,-0.485552,-0.428775,6.667310
415,4.500000,-0.507368,-0.444101,6.691553
415,4.550000,-0.529986,-0.460863,6.716828
415,4.600000,-0.553479,-0.479124,6.743237
415,4.650000,-0.577924,-0.498959,6.770887
415,4.700000,-0.603402,-0.520451,6.799893
415,4.750000,-0.629999,-0.543698,6.830380
415,4.800000,-0.657803,-0.568810,6.862484
415,4.850000,-0.686913,-0.595912,6.896352
415,4.900000,-0.717430,-0.625145,6.932144
415,4.950000,-0.749465,-0.656667,6.970040
415,5.000000,-0.783138,-0.690657,7.010232
415,5.050000,-0.818576,-0.727316,7.052939
415,5.100000,-0.855918,-0.766870,7.098400
415,5.150000,-0.895315,-0.809570,7.146881
415,5.200000,-0.936932,-0.855704,7.198684
415,5.250000,-0.980948,-0.905591,7.254142
415,5.300000,-1.027559,-0.959593,7.313635
415,5.350000,-1.076982,-1.018120,7.377589
415,5.400000,-1.129454,-1.081632,7.446488
415,5.450000,-1.185237,-1.150654,7.520883
415,5.500000,-1.244622,-1.225781,7.601403
415,5.550000,-1.307928,-1.307687,7.688769
415,5.600000,-1.375516,-1.397147,7.783808
415,5.650000,-1.447784,-1.495044,7.887476
415,5.700000,-1.525178,-1.602391,8.000882
415,5.750000,-1.608199,-1.720357,8.125311
415,5.800000,-1.697413,-1.850289,8.262267
415,5.850000,-1.793454,-1.993751,8.413510
415,5.900000,-1.897043,-2.152560,8.581110
415,5.950000,-2.009000,-2.328841,8.767512
415,6.000000,-2.130259,-2.525083,8.975615
415,6.050000,-2.261890,-2.744220,9.208870
415,6.100000,-2.405120,-2.989723,9.471402
415,6.150000,-2.561369,-3.265720,9.768163
415,6.200000,-2.732282,-3.577147,10.105124
415,6.250000,-2.919772,-3.929937,10.489514
415,6.300000,-3.126083,-4.331266,10.930130
415,6.350000,-3.353851,-4.789867,11.437720
415,6.400000,-3.606200,-5.316442,12.025492
415,6.450000,-3.886846,-5.924198,12.709756

416,0.000000,0.045113,6.000000,6.000000
416,0.050000,0.337882,5.714651,5.714651
416,0.100000,0.616885,5.447800,5.447801
416,0.150000,0.882827,5.190915,5.190916
416,0.200000,1.136024,4.936921,4.936922
416,0.250000,1.376471,4.680057,4.680058
416,0.300000,1.603905,4.415774,4.415775
416,0.350000,1.817867,4.140671,4.140671
416,0.400000,2.017753,3.852439,3.852439
416,0.450000,2.202871,3.549821,3.549819
416,0.500000,2.372490,3.232555,3.232552
416,0.550000,2.525893,2.901318,2.901314
416,0.600000,2.662415,2.557645,2.557638
416,0.650000,2.781488,2.203832,2.203820
416,0.700000,2.882677,1.842818,1.842797
416,0.750000,2.965707,1.478056,1.478016
416,0.800000,3.030484,1.113358,1.113272
416,0.850000,3.077111,0.752744,0.752519
416,0.900000,3.105895,0.400282,0.399436
416,0.950000,3.117342,0.059937,0.062831
416,1.000000,3.112153,-0.264573,0.306481
416,1.050000,3.091205,-0.569894,0.624603
416,1.100000,3.055532,-0.853142,0.949823
416,1.150000,3.006298,-1.111968,1.272234
416,1.200000,2.944772,-1.344611,1.587021
416,1.250000,2.872294,-1.549912,1.891067
416,1.300000,2.790247,-1.727306,2.182167
416,1.350000,2.700029,-1.876794,2.458792
416,1.400000,2.603024,-1.998892,2.719977
416,1.450000,2.500581,-2.094568,2.965245
416,1.500000,2.393986,-2.165173,3.194525
416,1.550000,2.284454,-2.212364,3.408085
416,1.600000,2.173109,-2.238023,3.606454
416,1.650000,2.060977,-2.244189,3.790354
416,1.700000,1.948979,-2.232985,3.960641
416,1.750000,1.837932,-2.206559,4.118247
416,1.800000,1.728542,-2.167032,4.264135
416,1.850000,1.621413,-2.116455,4.399263
416,1.900000,1.517048,-2.056772,4.524554
416,1.950000,1.415857,-1.989798,4.640877
416,2.000000,1.318162,-1.917202,4.749035
416,2.050000,1.224205,-1.840493,4.849759
416,2.100000,1.134159,-1.761022,4.943707
416,2.150000,1.048129,-1.679976,5.031465
416,2.200000,0.966170,-1.598388,5.113552
416,2.250000,0.888285,-1.517140,5.190426
416,2.300000,0.814438,-1.436976,5.262492
416,2.350000,0.744559,-1.358515,5.330109
416,2.400000,0.678549,-1.282255,5.393596
416,2.450000,0.616290,-1.208593,5.453239
416,2.500000,0.557642,-1.137835,5.509297
416,2.550000,0.502454,-1.070204,5.562003
416,2.600000,0.450567,-1.005856,5.611576
416,2.650000,0.401812,-0.944886,5.658216
416,2.700000,0.356021,-0.887340,5.702112
416,2.750000,0.313021,-0.833220,5.743440
416,2.800000,0.272642,-0.782499,5.782369
416,2.850000,0.234716,-0.735117,5.819058
416,2.900000,0.199076,-0.690995,5.853661
416,2.950000,0.165563,-0.650038,5.886323
416,3.000000,0.134021,-0.612138,5.917185
416,3.050000,0.104301,-0.577179,5.946380
416,3.100000,0.076257,-0.545037,5.974038
416,3.150000,0.049752,-0.515589,6.000281
416,3.200000,0.024655,-0.488709,6.025229
416,3.250000,0.000840,-0.464272,6.048994
416,3.300000,-0.021811,-0.442158,6.071685
416,3.350000,-0.043412,-0.422247,6.093406
416,3.400000,-0.064070,-0.404426,6.114256
416,3.450000,-0.083888,-0.388586,6.134331
416,3.500000,-0.102960,-0.374626,6.153721
416,3.550000,-0.121380,-0.362449,6.172513
416,3.600000,-0.139233,-0.351964,6.190792
416,3.650000,-0.156603,-0.343088,6.208638
416,3.700000,-0.173568,-0.335743,6.226127
416,3.750000,-0.190202,-0.329860,6.243335
416,3.800000,-0.206577,-0.325375,6.260333
416,3.850000,-0.222762,-0.322230,6.277190
416,3.900000,-0.238822,-0.320375,6.293976
416,3.950000,-0.254820,-0.319765,6.310756
416,4.000000,-0.270818,-0.320362,6.327594
416,4.050000,-0.286876,-0.322135,6.344556
416,4.100000,-0.303051,-0.325058,6.361703
416,4.150000,-0.319400,-0.329113,6.379100
416,4.200000,-0.335981,-0.334285,6.396810
416,4.250000,-0.352847,-0.340569,6.414896
416,4.300000,-0.370056,-0.347964,6.433423
416,4.350000,-0.387662,-0.356476,6.452457
416,4.400000,-0.405722,-0.366116,6.472065
416,4.450000,-0.424293,-0.376905,6.492318
416,4.500000,-0.443433,-0.388867,6.513289
416,4.550000,-0.463200,-0.402037,6.535052
416,4.600000,-0.483657,-0.416454,6.557689
416,4.650000,-0.504867,-0.432167,6.581284
416,4.700000,-0.526896,-0.449234,6.605926
416,4.750000,-0.549814,-0.467719,6.631711
416,4.800000,-0.573693,-0.487700,6.658743
416,4.850000,-0.598610,-0.509261,6.687132
416,4.900000,-0.624647,-0.532503,6.716999
416,4.950000,-0.651890,-0.557533,6.748473
416,5.000000,-0.680432,-0.584478,6.781698
416,5.050000,-0.710372,-0.613477,6.816830
416,5.100000,-0.741817,-0.644686,6.854040
416,5.150000,-0.774881,-0.678281,6.893518
416,5.200000,-0.809688,-0.714459,6.935474
416,5.250000,-0.846373,-0.753441,6.980141
416,5.300000,-0.885083,-0.795475,7.027778
416,5.350000,-0.925976,-0.840838,7.078676
416,5.400000,-0.969227,-0.889842,7.133161
416,5.450000,-1.015027,-0.942841,7.191599
416,5.500000,-1.063585,-1.000229,7.254406
416,5.550000,-1.115131,-1.062456,7.322050
416,5.600000,-1.169919,-1.130028,7.395066
416,5.650000,-1.228232,-1.203520,7.474062
416,5.700000,-1.290381,-1.283587,7.559736
416,5.750000,-1.356712,-1.370973,7.652889
416,5.800000,-1.427614,-1.466531,7.754443
416,5.850000,-1.503518,-1.571238,7.865468
416,5.900000,-1.584909,-1.686217,7.987205
416,5.950000,-1.672332,-1.812765,8.121101
416,6.000000,-1.766403,-1.952382,8.268848
416,6.050000,-1.867817,-2.106811,8.432435
416,6.100000,-1.977365,-2.278088,8.614208
416,6.150000,-2.095946,-2.468595,8.816945
416,6.200000,-2.224591,-2.681135,9.043945
416,6.250000,-2.364481,-2.919021,9.299151
416,6.300000,-2.516980,-3.186187,9.587285
416,6.350000,-2.683665,-3.487329,9.914033
416,6.400000,-2.866372,-3.828084,10.286270
416,6.450000,-3.067246,-4.215258,10.712341
416,6.500000,-3.288807,-4.657118,11.202433
416,6.550000,-3.534035,-5.163777,11.769033
416,6.600000,-3.806470,-5.747689,12.427539

417,0.000000,-0.027068,6.000000,6.000000
417,0.050000,0.265632,5.712241,5.712242
417,0.100000,0.544499,5.445110,5.445110
417,0.150000,0.810340,5.189881,5.189882
417,0.200000,1.063564,4.939298,4.939299
417,0.250000,1.304248,4.687415,4.687415
417,0.300000,1.532204,4.429486,4.429487
417,0.350000,1.747035,4.161899,4.161900
417,0.400000,1.948190,3.882116,3.882116
417,0.450000,2.135017,3.588627,3.588627
417,0.500000,2.306815,3.280909,3.280907
417,0.550000,2.462877,2.959360,2.959357
417,0.600000,2.602541,2.625237,2.625232
417,0.650000,2.725225,2.280561,2.280551
417,0.700000,2.830466,1.928010,1.927994
417,0.750000,2.917948,1.570800,1.570769
417,0.800000,2.987528,1.212538,1.212474
417,0.850000,3.039248,0.857078,0.856924
417,0.900000,3.073348,0.508368,0.507868
417,0.950000,3.090263,0.170303,0.168049
417,1.000000,3.090618,-0.153421,0.153421
417,1.050000,3.075217,-0.459423,0.500254
417,1.100000,3.045021,-0.744746,0.819991
417,1.150000,3.001129,-1.006932,1.138495
417,1.200000,2.944746,-1.244078,1.450643
417,1.250000,2.877161,-1.454858,1.753152
417,1.300000,2.799713,-1.638528,2.043673
417,1.350000,2.713764,-1.794900,2.320530
417,1.400000,2.620673,-1.924304,2.582610
417,1.450000,2.521770,-2.027529,2.829290
417,1.500000,2.418337,-2.105760,3.060364
417,1.550000,2.311586,-2.160503,3.275975
417,1.600000,2.202649,-2.193513,3.476545
417,1.650000,2.092565,-2.206719,3.662705
417,1.700000,1.982273,-2.202158,3.835240
417,1.750000,1.872611,-2.181912,3.995026
417,1.800000,1.764309,-2.148058,4.142988
417,1.850000,1.657998,-2.102615,4.280056
417,1.900000,1.554208,-2.047518,4.407141
417,1.950000,1.453377,-1.984583,4.525105
417,2.000000,1.355853,-1.915489,4.634755
417,2.050000,1.261905,-1.841767,4.736829
417,2.100000,1.171730,-1.764794,4.831993
417,2.150000,1.085459,-1.685791,4.920845
417,2.200000,1.003167,-1.605822,5.003916
417,2.250000,0.924878,-1.525809,5.081676
417,2.300000,0.850574,-1.446532,5.154541
417,2.350000,0.780201,-1.368643,5.222878
417,2.400000,0.713677,-1.292679,5.287014
417,2.450000,0.650894,-1.219068,5.347242
417,2.500000,0.591725,-1.148146,5.403824
417,2.550000,0.536030,-1.080166,5.457000
417,2.600000,0.483657,-1.015309,5.506988
417,2.650000,0.434445,-0.953692,5.553992
417,2.700000,0.388232,-0.895383,5.598199
417,2.750000,0.344852,-0.840404,5.639789
417,2.800000,0.304137,-0.788740,5.678927
417,2.850000,0.265923,-0.740347,5.715775
417,2.900000,0.230049,-0.695159,5.750483
417,2.950000,0.196355,-0.653088,5.783197
417,3.000000,0.164690,-0.614035,5.814055
417,3.050000,0.134903,-0.577889,5.843191
417,3.100000,0.106854,-0.544535,5.870731
417,3.150000,0.080405,-0.513852,5.896799
417,3.200000,0.055427,-0.485715,5.921510
417,3.250000,0.031793,-0.460004,5.944978
417,3.300000,0.009388,-0.436597,5.967307
417,3.350000,-0.011903,-0.415376,5.988602
417,3.400000,-0.032184,-0.396226,6.008960
417,3.450000,-0.051558,-0.379039,6.028475
417,3.500000,-0.070119,-0.363710,6.047234
417,3.550000,-0.087958,-0.350140,6.065325
417,3.600000,-0.105161,-0.338236,6.082827
417,3.650000,-0.121808,-0.327910,6.099820
417,3.700000,-0.137977,-0.319083,6.116377
417,3.750000,-0.153740,-0.311680,6.132571
417,3.800000,-0.169168,-0.305631,6.148469
417,3.850000,-0.184325,-0.300875,6.164139
417,3.900000,-0.199276,-0.297356,6.179643
417,3.950000,-0.214080,-0.295023,6.195044
417,4.000000,-0.228797,-0.293831,6.210403
417,4.050000,-0.243482,-0.293742,6.225777
417,4.100000,-0.258189,-0.294723,6.241225
417,4.150000,-0.272971,-0.296747,6.256802
417,4.200000,-0.287881,-0.299791,6.272566
417,4.250000,-0.302967,-0.303839,6.288572
417,4.300000,-0.318281,-0.308880,6.304876
417,4.350000,-0.333872,-0.314908,6.321534
417,4.400000,-0.349788,-0.321924,6.338604
417,4.450000,-0.366081,-0.329932,6.356144
417,4.500000,-0.382798,-0.338945,6.374214
417,4.550000,-0.399992,-0.348978,6.392874
417,4.600000,-0.417713,-0.360054,6.412190
417,4.650000,-0.436015,-0.372203,6.432228
417,4.700000,-0.454952,-0.385459,6.453057
417,4.750000,-0.474580,-0.399866,6.474753
417,4.800000,-0.494959,-0.415471,6.497393
417,4.850000,-0.516148,-0.432333,6.521060
417,4.900000,-0.538214,-0.450517,6.545845
417,4.950000,-0.561223,-0.470097,6.571843
417,5.000000,-0.585248,-0.491156,6.599158
417,5.050000,-0.610365,-0.513791,6.627903
417,5.100000,-0.636655,-0.538106,6.658199
417,5.150000,-0.664206,-0.564221,6.690181
417,5.200000,-0.693110,-0.592268,6.723995
417,5.250000,-0.723467,-0.622397,6.759801
417,5.300000,-0.755387,-0.654774,6.797777
417,5.350000,-0.788985,-0.689585,6.838119
417,5.400000,-0.824389,-0.727037,6.881046
417,5.450000,-0.861737,-0.767364,6.926799
417,5.500000,-0.901178,-0.810825,6.975651
417,5.550000,-0.942876,-0.857714,7.027904
417,5.600000,-0.987012,-0.908359,7.083900
417,5.650000,-1.033781,-0.963130,7.144024
417,5.700000,-1.083400,-1.022442,7.208712
417,5.750000,-1.136109,-1.086768,7.278458
417,5.800000,-1.192170,-1.156640,7.353825
417,5.850000,-1.251875,-1.232662,7.435456
417,5.900000,-1.315550,-1.315525,7.524089
417,5.950000,-1.383555,-1.406012,7.620573
417,6.000000,-1.456293,-1.505022,7.725886
417,6.050000,-1.534216,-1.613586,7.841164
417,6.100000,-1.617830,-1.732891,7.967728
417,6.150000,-1.707707,-1.864308,8.107119
417,6.200000,-1.804489,-2.009427,8.261142
417,6.250000,-1.908908,-2.170097,8.431924
417,6.300000,-2.021794,-2.348479,8.621971
417,6.350000,-2.144093,-2.547109,8.834261
417,6.400000,-2.276891,-2.768972,9.072332
417,6.450000,-2.421436,-3.017606,9.340419
417,6.500000,-2.579167,-3.297219,9.643601
417,6.550000,-2.751757,-3.612846,9.988002
417,6.600000,-2.941152,-3.970540,10.381035
417,6.650000,-3.149633,-4.377629,10.831717
417,6.700000,-3.379885,-4.843039,11.351065
417,6.750000,-3.635088,-5.377712,11.952615
417,6.800000,-3.919032,-5.995167,12.653082

418,0.000000,-0.099248,6.000000,6.000000
418,0.050000,0.193369,5.709322,5.709323
418,0.100000,0.472063,5.441424,5.441425
418,0.150000,0.737742,5.187390,5.187391
418,0.200000,0.990908,4.939782,4.939783
418,0.250000,1.231724,4.692476,4.692477
418,0.300000,1.460078,4.440539,4.440539
418,0.350000,1.675637,4.180154,4.180155
418,0.400000,1.877906,3.908563,3.908563
418,0.450000,2.066277,3.624018,3.624017
418,0.500000,2.240078,3.325735,3.325734
418,0.550000,2.398623,3.013848,3.013845
418,0.600000,2.541252,2.689335,2.689330
418,0.650000,2.667375,2.353945,2.353938
418,0.700000,2.776505,2.010096,2.010083
418,0.750000,2.868293,1.660759,1.660734
418,0.800000,2.942546,1.309328,1.309280
418,0.850000,2.999252,0.959482,0.959374
418,0.900000,3.038584,0.615034,0.614723
418,0.950000,3.060909,0.279791,0.278432
418,1.000000,3.066778,-0.042588,0.040927
418,1.050000,3.056922,-0.348712,0.589949
418,1.100000,3.032229,-0.635569,0.831269
418,1.150000,2.993729,-0.900606,1.110576
418,1.200000,2.942566,-1.141790,1.400079
418,1.250000,2.879973,-1.357640,1.688415
418,1.300000,2.807240,-1.547240,1.969783
418,1.350000,2.725693,-1.710218,2.240770
418,1.400000,2.636661,-1.846718,2.499263
418,1.450000,2.541453,-1.957353,2.743996
418,1.500000,2.441340,-2.043136,2.974313
418,1.550000,2.337531,-2.105419,3.190029
418,1.600000,2.231163,-2.145823,3.391312
418,1.650000,2.123284,-2.166160,3.578603
418,1.700000,2.014849,-2.168374,3.752534
418,1.750000,1.906715,-2.154475,3.913866
418,1.800000,1.799637,-2.126482,4.063436
418,1.850000,1.694269,-2.086384,4.202114
418,1.900000,1.591168,-2.036094,4.330763
418,1.950000,1.490799,-1.977424,4.450219
418,2.000000,1.393537,-1.912060,4.561270
418,2.050000,1.299678,-1.841550,4.664646
418,2.100000,1.209444,-1.767295,4.761012
418,2.150000,1.122990,-1.690543,4.850968
418,2.200000,1.040413,-1.612394,4.935048
418,2.250000,0.961758,-1.533803,5.013730
418,2.300000,0.887027,-1.455586,5.087436
418,2.350000,0.816182,-1.378432,5.156539
418,2.400000,0.749156,-1.302912,5.221373
418,2.450000,0.685856,-1.229487,5.282235
418,2.500000,0.626166,-1.158525,5.339392
418,2.550000,0.569957,-1.090307,5.393085
418,2.600000,0.517086,-1.025041,5.443538
418,2.650000,0.467402,-0.962870,5.490953
418,2.700000,0.420746,-0.903881,5.535521
418,2.750000,0.376960,-0.848117,5.577419
418,2.800000,0.335881,-0.795579,5.616815
418,2.850000,0.297349,-0.746238,5.653869
418,2.900000,0.261205,-0.700040,5.688731
418,2.950000,0.227294,-0.656908,5.721545
418,3.000000,0.195464,-0.616753,5.752450
418,3.050000,0.165570,-0.579471,5.781577
418,3.100000,0.137471,-0.544952,5.809054
418,3.150000,0.111031,-0.513080,5.835000
418,3.200000,0.086121,-0.483734,5.859531
418,3.250000,0.062618,-0.456796,5.882759
418,3.300000,0.040403,-0.432145,5.904790
418,3.350000,0.019367,-0.409666,5.925723
418,3.400000,-0.000597,-0.389242,5.945656
418,3.450000,-0.019590,-0.370765,5.964681
418,3.500000,-0.037705,-0.354129,5.982885
418,3.550000,-0.055032,-0.339232,6.000353
418,3.600000,-0.071655,-0.325981,6.017163
418,3.650000,-0.087656,-0.314284,6.033392
418,3.700000,-0.103108,-0.304059,6.049112
418,3.750000,-0.118085,-0.295227,6.064392
418,3.800000,-0.132653,-0.287716,6.079299
418,3.850000,-0.146877,-0.281459,6.093895
418,3.900000,-0.160819,-0.276396,6.108242
418,3.950000,-0.174536,-0.272470,6.122399
418,4.000000,-0.188084,-0.269633,6.136420
418,4.050000,-0.201517,-0.267839,6.150362
418,4.100000,-0.214885,-0.267049,6.164276
418,4.150000,-0.228238,-0.267230,6.178215
418,4.200000,-0.241623,-0.268351,6.192228
418,4.250000,-0.255088,-0.270388,6.206366
418,4.300000,-0.268677,-0.273322,6.220678
418,4.350000,-0.282435,-0.277138,6.235212
418,4.400000,-0.296405,-0.281826,6.250018
418,4.450000,-0.310632,-0.287380,6.265144
418,4.500000,-0.325158,-0.293801,6.280640
418,4.550000,-0.340026,-0.301091,6.296557
418,4.600000,-0.355281,-0.309260,6.312945
418,4.650000,-0.370967,-0.318321,6.329859
418,4.700000,-0.387129,-0.328293,6.347354
418,4.750000,-0.403812,-0.339200,6.365486
418,4.800000,-0.421065,-0.351072,6.384315
418,4.850000,-0.438936,-0.363942,6.403905
418,4.900000,-0.457476,-0.377852,6.424322
418,4.950000,-0.476739,-0.392850,6.445636
418,5.000000,-0.496780,-0.408988,6.467923
418,5.050000,-0.517658,-0.426330,6.491264
418,5.100000,-0.539434,-0.444943,6.515746
418,5.150000,-0.562175,-0.464905,6.541462
418,5.200000,-0.585949,-0.486304,6.568513
418,5.250000,-0.610831,-0.509237,6.597011
418,5.300000,-0.636900,-0.533813,6.627074
418,5.350000,-0.664242,-0.560153,6.658836
418,5.400000,-0.692947,-0.588391,6.692439
418,5.450000,-0.723115,-0.618679,6.728044
418,5.500000,-0.754852,-0.651183,6.765826
418,5.550000,-0.788273,-0.686092,6.805980
418,5.600000,-0.823504,-0.723612,6.848722
418,5.650000,-0.860682,-0.763979,6.894292
418,5.700000,-0.899954,-0.807452,6.942961
418,5.750000,-0.941484,-0.854324,6.995029
418,5.800000,-0.985449,-0.904923,7.050838
418,5.850000,-1.032044,-0.959618,7.110768
418,5.900000,-1.081485,-1.018824,7.175255
418,5.950000,-1.134010,-1.083011,7.244789
418,6.000000,-1.189878,-1.152710,7.319931
418,6.050000,-1.249382,-1.228523,7.401321
418,6.100000,-1.312844,-1.311135,7.489693
418,6.150000,-1.380622,-1.401328,7.585891
418,6.200000,-1.453118,-1.499995,7.690890
418,6.250000,-1.530780,-1.608161,7.805819
418,6.300000,-1.614112,-1.727007,7.931991
418,6.350000,-1.703681,-1.857895,8.070940
418,6.400000,-1.800128,-2.002405,8.224461
418,6.450000,-1.904179,-2.162374,8.394666
418,6.500000,-2.016658,-2.339948,8.584049
418,6.550000,-2.138508,-2.537645,8.795566
418,6.600000,-2.270807,-2.758429,9.032734
418,6.650000,-2.414794,-3.005811,9.299756
418,6.700000,-2.571900,-3.283968,9.601676
418,6.750000,-2.743786,-3.597891,9.944572
418,6.800000,-2.932384,-3.953587,10.335798
418,6.850000,-3.139960,-4.358321,10.784297
418,6.900000,-3.369179,-4.820937,11.300995
418,6.950000,-3.623197,-5.352281,11.899305
418,7.000000,-3.905773,-5.965740,12.595788

419,0.000000,-0.171429,6.000000,6.000000
419,0.050000,0.121094,5.705895,5.705896
419,0.100000,0.399576,5.436744,5.436745
419,0.150000,0.665031,5.183439,5.183440
419,0.200000,0.918056,4.938368,4.938369
419,0.250000,1.158899,4.695230,4.695231
419,0.300000,1.387525,4.448914,4.448915
419,0.350000,1.603670,4.195409,4.195409
419,0.400000,1.806896,3.931743,3.931743
419,0.450000,1.996642,3.655939,3.655938
419,0.500000,2.172270,3.366966,3.366965
419,0.550000,2.333116,3.064695,3.064693
419,0.600000,2.478529,2.749836,2.749832
419,0.650000,2.607914,2.423866,2.423860
419,0.700000,2.720766,2.088940,2.088930
419,0.750000,2.816704,1.747784,1.747765
419,0.800000,2.895494,1.403570,1.403534
419,0.850000,2.957068,1.059790,1.059713
419,0.900000,3.001541,0.720111,0.719909
419,0.950000,3.029210,0.388236,0.387486
419,1.000000,3.040555,0.067770,0.068740
419,1.050000,3.036234,-0.237904,0.260370
419,1.100000,3.017063,-0.525735,0.568563
419,1.150000,2.984002,-0.793091,0.876999
419,1.200000,2.938131,-1.037822,1.181996
419,1.250000,2.880625,-1.258306,1.479801
419,1.300000,2.812724,-1.453459,1.767735
419,1.350000,2.735711,-1.622734,2.043818
419,1.400000,2.650883,-1.766094,2.306637
419,1.450000,2.559526,-1.883971,2.555272
419,1.500000,2.462897,-1.977206,2.789237
419,1.550000,2.362197,-2.046996,3.008413
419,1.600000,2.258564,-2.094817,3.212990
419,1.650000,2.153053,-2.122362,3.403403
419,1.700000,2.046635,-2.131472,3.580271
419,1.750000,1.940181,-2.124074,3.744342
419,1.800000,1.834470,-2.102130,3.896441
419,1.850000,1.730178,-2.067584,4.037432
419,1.900000,1.627890,-2.022323,4.168182
419,1.950000,1.528095,-1.968148,4.289531
419,2.000000,1.431196,-1.906748,4.402281
419,2.050000,1.337514,-1.839683,4.507173
419,2.100000,1.247298,-1.768372,4.604891
419,2.150000,1.160726,-1.694092,4.696051
419,2.200000,1.077919,-1.617972,4.781204
419,2.250000,0.998943,-1.541000,4.860844
419,2.300000,0.923819,-1.464028,4.935408
419,2.350000,0.852528,-1.387780,5.005281
419,2.400000,0.785019,-1.312861,5.070808
419,2.450000,0.721212,-1.239766,5.132294
419,2.500000,0.661005,-1.168895,5.190014
419,2.550000,0.604280,-1.100559,5.244215
419,2.600000,0.550903,-1.034993,5.295123
419,2.650000,0.500732,-0.972365,5.342945
419,2.700000,0.453616,-0.912785,5.387872
419,2.750000,0.409402,-0.856315,5.430082
419,2.800000,0.367932,-0.802975,5.469744
419,2.850000,0.329052,-0.752752,5.507017
419,2.900000,0.292606,-0.705604,5.542051
419,2.950000,0.258441,-0.661468,5.574989
419,3.000000,0.226410,-0.620263,5.605968
419,3.050000,0.196368,-0.581894,5.635120
419,3.100000,0.168175,-0.546257,5.662569
419,3.150000,0.141699,-0.513241,5.688435
419,3.200000,0.116809,-0.482732,5.712833
419,3.250000,0.093386,-0.454612,5.735872
419,3.300000,0.071310,-0.428765,5.757657
419,3.350000,0.050473,-0.405075,5.778288
419,3.400000,0.030769,-0.383428,5.797860
419,3.450000,0.012098,-0.363714,5.816463
419,3.500000,-0.005633,-0.345827,5.834185
419,3.550000,-0.022513,-0.329665,5.851106
419,3.600000,-0.038627,-0.315131,5.867306
419,3.650000,-0.054052,-0.302134,5.882859
419,3.700000,-0.068864,-0.290587,5.897835
419,3.750000,-0.083134,-0.280410,5.912302
419,3.800000,-0.096927,-0.271526,5.926324
419,3.850000,-0.110307,-0.263867,5.939962
419,3.900000,-0.123333,-0.257366,5.953274
419,3.950000,-0.136062,-0.251966,5.966315
419,4.000000,-0.148547,-0.247610,5.979140
419,4.050000,-0.160839,-0.244250,5.991800
419,4.100000,-0.172988,-0.241842,6.004343
419,4.150000,-0.185039,-0.240345,6.016817
419,4.200000,-0.197037,-0.239724,6.029268
419,4.250000,-0.209025,-0.239949,6.041742
419,4.300000,-0.221045,-0.240993,6.054281
419,4.350000,-0.233138,-0.242834,6.066930
419,4.400000,-0.245341,-0.245453,6.079729
419,4.450000,-0.257696,-0.248838,6.092722
419,4.500000,-0.270238,-0.252977,6.105951
419,4.550000,-0.283006,-0.257865,6.119456
419,4.600000,-0.296037,-0.263500,6.133281
419,4.650000,-0.309368,-0.269884,6.147469
419,4.700000,-0.323038,-0.277022,6.162063
419,4.750000,-0.337083,-0.284925,6.177108
419,4.800000,-0.351543,-0.293606,6.192650
419,4.850000,-0.366457,-0.303084,6.208737
419,4.900000,-0.381865,-0.313381,6.225420
419,4.950000,-0.397809,-0.324524,6.242750
419,5.000000,-0.414332,-0.336546,6.260782
419,5.050000,-0.431479,-0.349483,6.279574
419,5.100000,-0.449297,-0.363378,6.299189
419,5.150000,-0.467834,-0.378279,6.319691
419,5.200000,-0.487142,-0.394239,6.341151
419,5.250000,-0.507276,-0.411321,6.363645
419,5.300000,-0.528294,-0.429592,6.387254
419,5.350000,-0.550256,-0.449127,6.412065
419,5.400000,-0.573229,-0.470013,6.438174
419,5.450000,-0.597282,-0.492341,6.465686
419,5.500000,-0.622489,-0.516218,6.494713
419,5.550000,-0.648931,-0.541758,6.525379
419,5.600000,-0.676695,-0.569092,6.557820
419,5.650000,-0.705873,-0.598361,6.592186
419,5.700000,-0.736566,-0.629724,6.628644
419,5.750000,-0.768883,-0.663360,6.667374
419,5.800000,-0.802943,-0.699464,6.708583
419,5.850000,-0.838874,-0.738257,6.752494
419,5.900000,-0.876817,-0.779983,6.799363
419,5.950000,-0.916926,-0.824918,6.849470
419,6.000000,-0.959368,-0.873368,6.903135
419,6.050000,-1.004327,-0.925678,6.960716
419,6.100000,-1.052006,-0.982237,7.022616
419,6.150000,-1.102629,-1.043481,7.089296
419,6.200000,-1.156441,-1.109906,7.161275
419,6.250000,-1.213715,-1.182069,7.239148
419,6.300000,-1.274754,-1.260606,7.323597
419,6.350000,-1.339894,-1.346240,7.415401
419,6.400000,-1.409510,-1.439797,7.515461
419,6.450000,-1.484021,-1.542220,7.624817
419,6.500000,-1.563897,-1.654596,7.744677
419,6.550000,-1.649667,-1.778175,7.876446
419,6.600000,-1.741925,-1.914404,8.021767
419,6.650000,-1.841346,-2.064961,8.182567
419,6.700000,-1.948693,-2.231801,8.361115
419,6.750000,-2.064835,-2.417215,8.560096
419,6.800000,-2.190768,-2.623889,8.782694
419,6.850000,-2.327631,-2.854998,9.032702
419,6.900000,-2.476737,-3.114304,9.314660
419,6.950000,-2.639605,-3.406295,9.634024
419,7.000000,-2.818000,-3.736348,9.997373
419,7.050000,-3.013981,-4.110944,10.412683
419,7.100000,-3.229966,-4.537944,10.889665
419,7.150000,-3.468806,-5.026946,11.440199
419,7.200000,-3.733887,-5.589749,12.078899

420,0.000000,-0.243609,6.000000,6.000000
420,0.050000,0.048805,5.701959,5.701959
420,0.100000,0.327038,5.431068,5.431069
420,0.150000,0.592208,5.178027,5.178028
420,0.200000,0.845008,4.935050,4.935051
420,0.250000,1.085773,4.695668,4.695669
420,0.300000,1.314546,4.454595,4.454596
420,0.350000,1.531133,4.207635,4.207636
420,0.400000,1.735158,3.951616,3.951616
420,0.450000,1.926107,3.684338,3.684338
420,0.500000,2.103382,3.404532,3.404532
420,0.550000,2.266344,3.111816,3.111815
420,0.600000,2.414356,2.806635,2.806633
420,0.650000,2.546820,2.490200,2.490196
420,0.700000,2.663219,2.164403,2.164395
420,0.750000,2.763145,1.831720,1.831706
420,0.800000,2.846325,1.495098,1.495070
420,0.850000,2.912644,1.157829,1.157773
420,0.900000,2.962156,0.823421,0.823286
420,0.950000,2.995094,0.495461,0.495029
420,1.000000,3.011869,0.177483,0.175479
420,1.050000,3.013065,-0.127157,0.126194
420,1.100000,2.999427,-0.415384,0.458672
420,1.150000,2.971846,-0.684504,0.756499
420,1.200000,2.931333,-0.932266,1.055098
420,1.250000,2.879005,-1.156916,1.348695
420,1.300000,2.816048,-1.357216,1.633958
420,1.350000,2.743702,-1.532449,1.908571
420,1.400000,2.663225,-1.682400,2.170891
420,1.450000,2.575879,-1.807321,2.419804
420,1.500000,2.482900,-1.907883,2.654656
420,1.550000,2.385480,-1.985120,2.875177
420,1.600000,2.284755,-2.040361,3.081426
420,1.650000,2.181785,-2.075172,3.273721
420,1.700000,2.077549,-2.091283,3.452587
420,1.750000,1.972937,-2.090535,3.618691
420,1.800000,1.868745,-2.074818,3.772800
420,1.850000,1.765674,-2.046027,3.915731
420,1.900000,1.664330,-2.006017,4.048321
420,1.950000,1.565229,-1.956571,4.171391
420,2.000000,1.468802,-1.899374,4.285731
420,2.050000,1.375395,-1.835992,4.392083
420,2.100000,1.285281,-1.767862,4.491131
420,2.150000,1.198666,-1.696282,4.583500
420,2.200000,1.115691,-1.622410,4.669750
420,2.250000,1.036446,-1.547266,4.750383
420,2.300000,0.960971,-1.471735,4.825847
420,2.350000,0.889266,-1.396574,4.896537
420,2.400000,0.821297,-1.322424,4.962806
420,2.450000,0.756998,-1.249814,5.024967
420,2.500000,0.696282,-1.179176,5.083301
420,2.550000,0.639042,-1.110850,5.138059
420,2.600000,0.585154,-1.045099,5.189472
420,2.650000,0.534486,-0.982119,5.237748
420,2.700000,0.486894,-0.922042,5.283080
420,2.750000,0.442232,-0.864952,5.325649
420,2.800000,0.400348,-0.810887,5.365624
420,2.850000,0.361093,-0.759852,5.403161
420,2.900000,0.324313,-0.711818,5.438413
420,2.950000,0.289862,-0.666736,5.471522
420,3.000000,0.257592,-0.624534,5.502623
420,3.050000,0.227362,-0.585128,5.531847
420,3.100000,0.199034,-0.548421,5.559318
420,3.150000,0.172476,-0.514308,5.585155
420,3.200000,0.147562,-0.482680,5.609472
420,3.250000,0.124169,-0.453424,5.632376
420,3.300000,0.102182,-0.426425,5.653972
420,3.350000,0.081490,-0.401569,5.674359
420,3.400000,0.061991,-0.378746,5.693630
420,3.450000,0.043584,-0.357844,5.711876
420,3.500000,0.026176,-0.338758,5.729181
420,3.550000,0.009679,-0.321386,5.745627
420,3.600000,-0.005989,-0.305629,5.761291
420,3.650000,-0.020909,-0.291395,5.776246
420,3.700000,-0.035153,-0.278596,5.790561
420,3.750000,-0.048791,-0.267148,5.804302
420,3.800000,-0.061889,-0.256973,5.817531
420,3.850000,-0.074508,-0.247999,5.830309
420,3.900000,-0.086708,-0.240157,5.842690
420,3.950000,-0.098542,-0.233386,5.854729
420,4.000000,-0.110063,-0.227625,5.866477
420,4.050000,-0.121320,-0.222824,5.877981
420,4.100000,-0.132360,-0.218931,5.889290
420,4.150000,-0.143228,-0.215904,5.900446
420,4.200000,-0.153965,-0.213703,5.911493
420,4.250000,-0.164611,-0.212290,5.922472
420,4.300000,-0.175206,-0.211634,5.933422
420,4.350000,-0.185787,-0.211708,5.944383
420,4.400000,-0.196389,-0.212486,5.955390
420,4.450000,-0.207047,-0.213949,5.966482
420,4.500000,-0.217795,-0.216078,5.977693
420,4.550000,-0.228665,-0.218860,5.989060
420,4.600000,-0.239691,-0.222284,6.000618
420,4.650000,-0.250904,-0.226344,6.012401
420,4.700000,-0.262336,-0.231035,6.024445
420,4.750000,-0.274018,-0.236356,6.036786
420,4.800000,-0.285983,-0.242311,6.049460
420,4.850000,-0.298260,-0.248905,6.062503
420,4.900000,-0.310884,-0.256146,6.075953
420,4.950000,-0.323886,-0.264048,6.089849
420,5.000000,-0.337300,-0.272626,6.104230
420,5.050000,-0.351160,-0.281900,6.119140
420,5.100000,-0.365502,-0.291892,6.134621
420,5.150000,-0.380362,-0.302629,6.150720
420,5.200000,-0.395778,-0.314143,6.167484
420,5.250000,-0.411790,-0.326469,6.184965
420,5.300000,-0.428439,-0.339647,6.203218
420,5.350000,-0.445769,-0.353720,6.222301
420,5.400000,-0.463827,-0.368740,6.242275
420,5.450000,-0.482660,-0.384762,6.263209
420,5.500000,-0.502320,-0.401848,6.285173
420,5.550000,-0.522863,-0.420066,6.308245
420,5.600000,-0.544347,-0.439493,6.332511
420,5.650000,-0.566834,-0.460212,6.358061
420,5.700000,-0.590392,-0.482318,6.384995
420,5.750000,-0.615091,-0.505912,6.413423
420,5.800000,-0.641009,-0.531109,6.443465
420,5.850000,-0.668231,-0.558036,6.475251
420,5.900000,-0.696844,-0.586831,6.508926
420,5.950000,-0.726947,-0.617650,6.544650
420,6.000000,-0.758646,-0.650666,6.582601
420,6.050000,-0.792054,-0.686070,6.622974
420,6.100000,-0.827296,-0.724075,6.665988
420,6.150000,-0.864508,-0.764918,6.711888
420,6.200000,-0.903839,-0.808865,6.760946
420,6.250000,-0.945452,-0.856212,6.813469
420,6.300000,-0.989523,-0.907294,6.869803
420,6.350000,-1.036249,-0.962483,6.930337
420,6.400000,-1.085847,-1.022201,6.995512
420,6.450000,-1.138553,-1.086922,7.065831
420,6.500000,-1.194631,-1.157184,7.141863
420,6.550000,-1.254374,-1.233597,7.224262
420,6.600000,-1.318105,-1.316854,7.313777
420,6.650000,-1.386186,-1.407744,7.411270
420,6.700000,-1.459021,-1.507171,7.517736
420,6.750000,-1.537063,-1.616173,7.634329
420,6.800000,-1.620818,-1.735943,7.762389
420,6.850000,-1.710859,-1.867859,7.903483
420,6.900000,-1.807833,-2.013520,8.059445
420,6.950000,-1.912471,-2.174785,8.232432
420,7.000000,-2.025607,-2.353826,8.424989
420,7.050000,-2.148192,-2.553191,8.640135
420,7.100000,-2.281314,-2.775885,8.881458
420,7.150000,-2.426228,-3.025463,9.153248
420,7.200000,-2.584378,-3.306158,9.460646
420,7.250000,-2.757445,-3.623031,9.809848
420,7.300000,-2.947385,-3.982175,10.208348
420,7.350000,-3.156489,-4.390962,10.665254
420,7.400000,-3.387456,-4.858372,11.191689
420,7.450000,-3.643484,-5.395419,11.801303

421,0.000000,-0.315789,6.000000,6.000000
421,0.050000,-0.023496,5.697513,5.697514
421,0.100000,0.254450,5.424396,5.424396
421,0.150000,0.519274,5.171151,5.171153
421,0.200000,0.771763,4.929823,4.929824
421,0.250000,1.012343,4.693777,4.693779
421,0.300000,1.241137,4.457563,4.457565
421,0.350000,1.458023,4.216807,4.216808
421,0.400000,1.662686,3.968143,3.968143
421,0.450000,1.854665,3.709161,3.709161
421,0.500000,2.033404,3.438364,3.438364
421,0.550000,2.198293,3.155122,3.155122
421,0.600000,2.348712,2.859626,2.859624
421,0.650000,2.484067,2.552822,2.552818
421,0.700000,2.603832,2.236341,2.236335
421,0.750000,2.707577,1.912408,1.912396
421,0.800000,2.794994,1.583736,1.583715
421,0.850000,2.865923,1.253414,1.253372
421,0.900000,2.920363,0.924777,0.924683
421,0.950000,2.958486,0.601279,0.601016
421,1.000000,2.980635,0.286368,0.285255
421,1.050000,2.987322,-0.016640,0.027617
421,1.100000,2.979221,-0.304669,0.627335
421,1.150000,2.957151,-0.574976,0.826888
421,1.200000,2.922058,-0.825226,1.072848
421,1.250000,2.874994,-1.053546,1.335217
421,1.300000,2.817093,-1.258555,1.600541
421,1.350000,2.749543,-1.439373,1.861913
421,1.400000,2.673565,-1.595612,2.115336
421,1.450000,2.590390,-1.727349,2.358347
421,1.500000,2.501231,-1.835082,2.589439
421,1.550000,2.407268,-1.919679,2.807767
421,1.600000,2.309629,-1.982320,3.012972
421,1.650000,2.209378,-2.024435,3.205061
421,1.700000,2.107501,-2.047638,3.384320
421,1.750000,2.004901,-2.053673,3.551233
421,1.800000,1.902390,-2.044355,3.706424
421,1.850000,1.800691,-2.021519,3.850603
421,1.900000,1.700433,-1.986980,3.984523
421,1.950000,1.602158,-1.942498,4.108948
421,2.000000,1.506321,-1.889747,4.224626
421,2.050000,1.413295,-1.830295,4.332270
421,2.100000,1.323379,-1.765590,4.432546
421,2.150000,1.236802,-1.696949,4.526070
421,2.200000,1.153730,-1.625555,4.613399
421,2.250000,1.074275,-1.552457,4.695033
421,2.300000,0.998497,-1.478572,4.771424
421,2.350000,0.926417,-1.404693,4.842970
421,2.400000,0.858017,-1.331492,4.910028
421,2.450000,0.793247,-1.259532,4.972916
421,2.500000,0.732035,-1.189277,5.031917
421,2.550000,0.674285,-1.121098,5.087288
421,2.600000,0.619886,-1.055289,5.139261
421,2.650000,0.568713,-0.992069,5.188046
421,2.700000,0.520633,-0.931598,5.233840
421,2.750000,0.475506,-0.873979,5.276822
421,2.800000,0.433186,-0.819273,5.317161
421,2.850000,0.393529,-0.767499,5.355017
421,2.900000,0.356388,-0.718648,5.390539
421,2.950000,0.321616,-0.672681,5.423870
421,3.000000,0.289073,-0.629539,5.455146
421,3.050000,0.258617,-0.589148,5.484495
421,3.100000,0.230113,-0.551420,5.512041
421,3.150000,0.203432,-0.516257,5.537903
421,3.200000,0.178447,-0.483554,5.562193
421,3.250000,0.155037,-0.453204,5.585019
421,3.300000,0.133089,-0.425097,5.606484
421,3.350000,0.112492,-0.399120,5.626686
421,3.400000,0.093143,-0.375164,5.645718
421,3.450000,0.074944,-0.353121,5.663670
421,3.500000,0.057801,-0.332885,5.680625
421,3.550000,0.041627,-0.314353,5.696665
421,3.600000,0.026339,-0.297428,5.711865
421,3.650000,0.011859,-0.282015,5.726298
421,3.700000,-0.001886,-0.268026,5.740031
421,3.750000,-0.014966,-0.255374,5.753130
421,3.800000,-0.027445,-0.243981,5.765656
421,3.850000,-0.039384,-0.233772,5.777666
421,3.900000,-0.050840,-0.224675,5.789216
421,3.950000,-0.061869,-0.216626,5.800358
421,4.000000,-0.072519,-0.209563,5.811140
421,4.050000,-0.082840,-0.203429,5.821610
421,4.100000,-0.092877,-0.198173,5.831811
421,4.150000,-0.102672,-0.193747,5.841786
421,4.200000,-0.112265,-0.190106,5.851574
421,4.250000,-0.121695,-0.187210,5.861214
421,4.300000,-0.130998,-0.185024,5.870743
421,4.350000,-0.140208,-0.183513,5.880195
421,4.400000,-0.149360,-0.182650,5.889604
421,4.450000,-0.158484,-0.182407,5.899003
421,4.500000,-0.167610,-0.182762,5.908423
421,4.550000,-0.176769,-0.183695,5.917895
421,4.600000,-0.185989,-0.185189,5.927448
421,4.650000,-0.195297,-0.187230,5.937113
421,4.700000,-0.204721,-0.189807,5.946917
421,4.750000,-0.214287,-0.192910,5.956890
421,4.800000,-0.224021,-0.196535,5.967060
421,4.850000,-0.233949,-0.200677,5.977456
421,4.900000,-0.244097,-0.205335,5.988107
421,4.950000,-0.254491,-0.210512,5.999041
421,5.000000,-0.265157,-0.216211,6.010288
421,5.050000,-0.276121,-0.222440,6.021879
421,5.100000,-0.287410,-0.229207,6.033844
421,5.150000,-0.299051,-0.236525,6.046216
421,5.200000,-0.311072,-0.244408,6.059028
421,5.250000,-0.323501,-0.252874,6.072314
421,5.300000,-0.336369,-0.261944,6.086110
421,5.350000,-0.349706,-0.271640,6.100456
421,5.400000,-0.363544,-0.281989,6.115390
421,5.450000,-0.377917,-0.293022,6.130955
421,5.500000,-0.392858,-0.304773,6.147196
421,5.550000,-0.408406,-0.317278,6.164162
421,5.600000,-0.424599,-0.330580,6.181903
421,5.650000,-0.441478,-0.344725,6.200473
421,5.700000,-0.459087,-0.359763,6.219933
421,5.750000,-0.477471,-0.375753,6.240346
421,5.800000,-0.496679,-0.392755,6.261780
421,5.850000,-0.516764,-0.410838,6.284310
421,5.900000,-0.537782,-0.430078,6.308016
421,5.950000,-0.559793,-0.450559,6.332987
421,6.000000,-0.582860,-0.472371,6.359318
421,6.050000,-0.607054,-0.495615,6.387113
421,6.100000,-0.632447,-0.520405,6.416489
421,6.150000,-0.659122,-0.546862,6.447572
421,6.200000,-0.687164,-0.575123,6.480499
421,6.250000,-0.716667,-0.605338,6.515427
421,6.300000,-0.747733,-0.637675,6.552523
421,6.350000,-0.780473,-0.672319,6.591978
421,6.400000,-0.815007,-0.709477,6.634002
421,6.450000,-0.851466,-0.749377,6.678828
421,6.500000,-0.889994,-0.792275,6.726720
421,6.550000,-0.930748,-0.838458,6.777971
421,6.600000,-0.973900,-0.888246,6.832913
421,6.650000,-1.019639,-0.941999,6.891918
421,6.700000,-1.068173,-1.000119,6.955409
421,6.750000,-1.119731,-1.063064,7.023866
421,6.800000,-1.174568,-1.131348,7.097833
421,6.850000,-1.232965,-1.205554,7.177934
421,6.900000,-1.295233,-1.286345,7.264883
421,6.950000,-1.361721,-1.374474,7.359500
421,7.000000,-1.432817,-1.470805,7.462732
421,7.050000,-1.508955,-1.576324,7.575673
421,7.100000,-1.590621,-1.692168,7.699597
421,7.150000,-1.678365,-1.819646,7.835985
421,7.200000,-1.772805,-1.960275,7.986574
421,7.250000,-1.874641,-2.115816,8.153400
421,7.300000,-1.984669,-2.288325,8.338867
421,7.350000,-2.103796,-2.480210,8.545815
421,7.400000,-2.233059,-2.694303,8.777622
421,7.450000,-2.373651,-2.933954,9.038316
421,7.500000,-2.526946,-3.203139,9.332720
421,7.550000,-2.694536,-3.506609,9.666635
421,7.600000,-2.878272,-3.850066,10.047067
421,7.650000,-3.080322,-4.240397,10.482515
421,7.700000,-3.303231,-4.685971,10.983342
421,7.750000,-3.550008,-5.197029,11.562240
421,7.800000,-3.824233,-5.786190,12.234846

422,0.000000,-0.387970,6.000000,6.000000
422,0.050000,-0.095810,5.692559,5.692560
422,0.100000,0.181811,5.416726,5.416727
422,0.150000,0.446226,5.162809,5.162810
422,0.200000,0.698321,4.922681,4.922682
422,0.250000,0.938610,4.689549,4.689550
422,0.300000,1.167299,4.457802,4.457803
422,0.350000,1.384337,4.222896,4.222897
422,0.400000,1.589476,3.981283,3.981285
422,0.450000,1.782310,3.730354,3.730354
422,0.500000,1.962327,3.468389,3.468389
422,0.550000,2.128950,3.194524,3.194524
422,0.600000,2.281579,2.908698,2.908697
422,0.650000,2.419632,2.611601,2.611598
422,0.700000,2.542574,2.304603,2.304598
422,0.750000,2.649959,1.989678,1.989670
422,0.800000,2.741451,1.669303,1.669287
422,0.850000,2.816847,1.346351,1.346320
422,0.900000,2.876096,1.023976,1.023910
422,0.950000,2.919309,0.705487,0.705320
422,1.000000,2.946765,0.394229,0.393633
422,1.050000,2.958907,0.093459,0.092064
422,1.100000,2.956337,-0.193760,0.198664
422,1.150000,2.939804,-0.464657,0.497558
422,1.200000,2.910184,-0.716826,0.787594
422,1.250000,2.868467,-0.948289,1.074324
422,1.300000,2.815726,-1.157535,1.354676
422,1.350000,2.753101,-1.343531,1.626260
422,1.400000,2.681770,-1.505722,1.887249
422,1.450000,2.602928,-1.644012,2.136299
422,1.500000,2.517763,-1.758726,2.372501
422,1.550000,2.427437,-1.850568,2.595335
422,1.600000,2.333070,-1.920561,2.804616
422,1.650000,2.235724,-1.969994,3.000445
422,1.700000,2.136389,-2.000361,3.183150
422,1.750000,2.035978,-2.013300,3.353240
422,1.800000,1.935321,-2.010540,3.511347
422,1.850000,1.835157,-1.993852,3.658189
422,1.900000,1.736138,-1.965004,3.794525
422,1.950000,1.638830,-1.925722,3.921129
422,2.000000,1.543712,-1.877663,4.038763
422,2.050000,1.451184,-1.822393,4.148154
422,2.100000,1.361569,-1.761364,4.249987
422,2.150000,1.275121,-1.695910,4.344895
422,2.200000,1.192031,-1.627234,4.433453
422,2.250000,1.112433,-1.556414,4.516184
422,2.300000,1.036410,-1.484395,4.593552
422,2.350000,0.964000,-1.412002,4.665973
422,2.400000,0.895204,-1.339941,4.733818
422,2.450000,0.829990,-1.268808,4.797416
422,2.500000,0.768300,-1.199099,4.857060
422,2.550000,0.710050,-1.131217,4.913014
422,2.600000,0.655142,-1.065484,4.965517
422,2.650000,0.603462,-1.002147,5.014783
422,2.700000,0.554884,-0.941391,5.061012
422,2.750000,0.509277,-0.883343,5.104387
422,2.800000,0.466503,-0.828085,5.145077
422,2.850000,0.426422,-0.775654,5.183241
422,2.900000,0.388891,-0.726057,5.219031
422,2.950000,0.353769,-0.679271,5.252587
422,3.000000,0.320918,-0.635250,5.284045
422,3.050000,0.290199,-0.593929,5.313534
422,3.100000,0.261481,-0.555230,5.341176
422,3.150000,0.234634,-0.519064,5.367088
422,3.200000,0.209534,-0.485332,5.391382
422,3.250000,0.186062,-0.453933,5.414165
422,3.300000,0.164104,-0.424759,5.435538
422,3.350000,0.143551,-0.397704,5.455600
422,3.400000,0.124300,-0.372659,5.474443
422,3.450000,0.106253,-0.349518,5.492154
422,3.500000,0.089318,-0.328176,5.508817
422,3.550000,0.073407,-0.308533,5.524512
422,3.600000,0.058438,-0.290489,5.539315
422,3.650000,0.044333,-0.273951,5.553296
422,3.700000,0.031019,-0.258828,5.566523
422,3.750000,0.018428,-0.245034,5.579060
422,3.800000,0.006495,-0.232489,5.590966
422,3.850000,-0.004840,-0.221115,5.602300
422,3.900000,-0.015635,-0.210841,5.613114
422,3.950000,-0.025941,-0.201597,5.623460
422,4.000000,-0.035811,-0.193322,5.633385
422,4.050000,-0.045289,-0.185955,5.642934
422,4.100000,-0.054420,-0.179443,5.652150
422,4.150000,-0.063246,-0.173733,5.661074
422,4.200000,-0.071806,-0.168779,5.669742
422,4.250000,-0.080136,-0.164537,5.678193
422,4.300000,-0.088271,-0.160968,5.686458
422,4.350000,-0.096244,-0.158035,5.694572
422,4.400000,-0.104085,-0.155705,5.702565
422,4.450000,-0.111824,-0.153947,5.710466
422,4.500000,-0.119489,-0.152734,5.718304
422,4.550000,-0.127106,-0.152043,5.726105
422,4.600000,-0.134701,-0.151850,5.733897
422,4.650000,-0.142299,-0.152136,5.741703
422,4.700000,-0.149922,-0.152885,5.749549
422,4.750000,-0.157595,-0.154083,5.757458
422,4.800000,-0.165338,-0.155717,5.765453
422,4.850000,-0.173174,-0.157776,5.773558
422,4.900000,-0.181123,-0.160253,5.781794
422,4.950000,-0.189206,-0.163142,5.790183
422,5.000000,-0.197443,-0.166438,5.798749
422,5.050000,-0.205856,-0.170140,5.807513
422,5.100000,-0.214464,-0.174248,5.816498
422,5.150000,-0.223288,-0.178762,5.825726
422,5.200000,-0.232347,-0.183687,5.835220
422,5.250000,-0.241663,-0.189029,5.845004
422,5.300000,-0.251257,-0.194794,5.855101
422,5.350000,-0.261150,-0.200992,5.865537
422,5.400000,-0.271364,-0.207634,5.876338
422,5.450000,-0.281921,-0.214733,5.887529
422,5.500000,-0.292845,-0.222306,5.899139
422,5.550000,-0.304160,-0.230369,5.911196
422,5.600000,-0.315891,-0.238943,5.923732
422,5.650000,-0.328063,-0.248051,5.936778
422,5.700000,-0.340705,-0.257716,5.950369
422,5.750000,-0.353844,-0.267967,5.964541
422,5.800000,-0.367512,-0.278835,5.979331
422,5.850000,-0.381739,-0.290353,5.994782
422,5.900000,-0.396559,-0.302559,6.010936
422,5.950000,-0.412007,-0.315493,6.027842
422,6.000000,-0.428121,-0.329201,6.045548
422,6.050000,-0.444941,-0.343731,6.064110
422,6.100000,-0.462509,-0.359138,6.083586
422,6.150000,-0.480870,-0.375480,6.104039
422,6.200000,-0.500073,-0.392823,6.125538
422,6.250000,-0.520170,-0.411238,6.148158
422,6.300000,-0.541216,-0.430801,6.171979
422,6.350000,-0.563271,-0.451600,6.197091
422,6.400000,-0.586398,-0.473729,6.223590
422,6.450000,-0.610668,-0.497290,6.251582
422,6.500000,-0.636153,-0.522398,6.281183
422,6.550000,-0.662935,-0.549178,6.312523
422,6.600000,-0.691101,-0.577771,6.345742
422,6.650000,-0.720745,-0.608327,6.380996
422,6.700000,-0.751969,-0.641019,6.418459
422,6.750000,-0.784886,-0.676034,6.458323
422,6.800000,-0.819615,-0.713583,6.500802
422,6.850000,-0.856290,-0.753897,6.546136
422,6.900000,-0.895055,-0.797237,6.594592
422,6.950000,-0.936069,-0.843893,6.646471
422,7.000000,-0.979505,-0.894191,6.702111
422,7.050000,-1.025555,-0.948496,6.761894
422,7.100000,-1.074428,-1.007219,6.826253
422,7.150000,-1.126358,-1.070821,6.895677
422,7.200000,-1.181600,-1.139826,6.970726
422,7.250000,-1.240440,-1.214826,7.052038
422,7.300000,-1.303194,-1.296496,7.140344
422,7.350000,-1.370214,-1.385601,7.236487
422,7.400000,-1.441893,-1.483018,7.341437
422,7.450000,-1.518671,-1.589752,7.456317
422,7.500000,-1.601042,-1.706959,7.582434
422,7.550000,-1.689563,-1.835971,7.721309
422,7.600000,-1.784861,-1.978334,7.874724
422,7.650000,-1.887649,-2.135842,8.044771
422,7.700000,-1.998733,-2.310591,8.233917
422,7.750000,-2.119035,-2.505035,8.445081
422,7.800000,-2.249612,-2.722067,8.681729
422,7.850000,-2.391675,-2.965104,8.948000
422,7.900000,-2.546623,-3.238211,9.248844
422,7.950000,-2.716077,-3.546242,9.590220
422,8.000000,-2.901925,-3.895032,9.979320
422,8.050000,-3.106376,-4.291631,10.424873
422,8.100000,-3.332026,-4.744614,10.937518
422,8.150000,-3.581949,-5.264482,11.530288
422,8.200000,-3.859802,-5.864187,12.219245

423,0.000000,-0.460150,6.000000,6.000000
423,0.050000,-0.168137,5.687096,5.687096
423,0.100000,0.109122,5.408058,5.408059
423,0.150000,0.373067,5.152998,5.152999
423,0.200000,0.624683,4.913619,4.913620
423,0.250000,0.864574,4.682972,4.682973
423,0.300000,1.093029,4.455292,4.455293
423,0.350000,1.310073,4.225875,4.225876
423,0.400000,1.515524,3.990998,3.991000
423,0.450000,1.709035,3.747861,3.747862
423,0.500000,1.890140,3.494535,3.494536
423,0.550000,2.058300,3.229929,3.229929
423,0.600000,2.212940,2.953739,2.953739
423,0.650000,2.353488,2.666403,2.666401
423,0.700000,2.479412,2.369036,2.369032
423,0.750000,2.590253,2.063358,2.063352
423,0.800000,2.685647,1.751607,1.751595
423,0.850000,2.765356,1.436436,1.436413
423,0.900000,2.829283,1.120807,1.120760
423,0.950000,2.877482,0.807871,0.807760
423,1.000000,2.910169,0.500853,0.500515
423,1.050000,2.927719,0.202937,0.201372
423,1.100000,2.930665,-0.082847,0.079559
423,1.150000,2.919683,-0.353713,0.421823
423,1.200000,2.895584,-0.607205,0.687783
423,1.250000,2.859287,-0.841256,0.962174
423,1.300000,2.811810,-1.054234,1.234872
423,1.350000,2.754235,-1.244965,1.501465
423,1.400000,2.687696,-1.412734,1.759277
423,1.450000,2.613350,-1.557277,2.006500
423,1.500000,2.532354,-1.678749,2.241913
423,1.550000,2.445851,-1.777685,2.464761
423,1.600000,2.354947,-1.854953,2.674669
423,1.650000,2.260698,-1.911695,2.871575
423,1.700000,2.164097,-1.949275,3.055677
423,1.750000,2.066064,-1.969220,3.227368
423,1.800000,1.967442,-1.973167,3.387191
423,1.850000,1.868986,-1.962812,3.535792
423,1.900000,1.771370,-1.939867,3.673874
423,1.950000,1.675181,-1.906019,3.802171
423,2.000000,1.580923,-1.862903,3.921417
423,2.050000,1.489019,-1.812071,4.032323
423,2.100000,1.399820,-1.754979,4.135565
423,2.150000,1.313603,-1.692969,4.231773
423,2.200000,1.230585,-1.627264,4.321526
423,2.250000,1.150920,-1.558963,4.405351
423,2.300000,1.074715,-1.489042,4.483719
423,2.350000,1.002029,-1.418354,4.557055
423,2.400000,0.932880,-1.347637,4.625736
423,2.450000,0.867255,-1.277521,4.690100
423,2.500000,0.805109,-1.208532,4.750447
423,2.550000,0.746376,-1.141107,4.807047
423,2.600000,0.690967,-1.075596,4.860141
423,2.650000,0.638780,-1.012275,4.909950
423,2.700000,0.589699,-0.951354,4.956676
423,2.750000,0.543602,-0.892986,5.000501
423,2.800000,0.500356,-0.837272,5.041599
423,2.850000,0.459829,-0.784272,5.080128
423,2.900000,0.421883,-0.734009,5.116240
423,2.950000,0.386383,-0.686474,5.150076
423,3.000000,0.353191,-0.641638,5.181771
423,3.050000,0.322175,-0.599446,5.211453
423,3.100000,0.293204,-0.559830,5.239243
423,3.150000,0.266150,-0.522710,5.265259
423,3.200000,0.240892,-0.487996,5.289611
423,3.250000,0.217312,-0.455591,5.312406
423,3.300000,0.195296,-0.425394,5.333745
423,3.350000,0.174738,-0.397302,5.353724
423,3.400000,0.155533,-0.371209,5.372435
423,3.450000,0.137585,-0.347012,5.389966
423,3.500000,0.120802,-0.324608,5.406399
423,3.550000,0.105096,-0.303897,5.421814
423,3.600000,0.090386,-0.284782,5.436286
423,3.650000,0.076593,-0.267167,5.449885
423,3.700000,0.063645,-0.250963,5.462677
423,3.750000,0.051475,-0.236083,5.474728
423,3.800000,0.040016,-0.222445,5.486095
423,3.850000,0.029211,-0.209972,5.496835
423,3.900000,0.019001,-0.198588,5.507000
423,3.950000,0.009335,-0.188226,5.516642
423,4.000000,0.000163,-0.178820,5.525807
423,4.050000,-0.008562,-0.170308,5.534538
423,4.100000,-0.016882,-0.162634,5.542878
423,4.150000,-0.024839,-0.155745,5.550864
423,4.200000,-0.032469,-0.149590,5.558535
423,4.250000,-0.039809,-0.144123,5.565925
423,4.300000,-0.046892,-0.139303,5.573065
423,4.350000,-0.053749,-0.135089,5.579988
423,4.400000,-0.060410,-0.131446,5.586721
423,4.450000,-0.066903,-0.128340,5.593292
423,4.500000,-0.073253,-0.125740,5.599727
423,4.550000,-0.079485,-0.123619,5.606050
423,4.600000,-0.085622,-0.121951,5.612286
423,4.650000,-0.091687,-0.120712,5.618455
423,4.700000,-0.097700,-0.119882,5.624579
423,4.750000,-0.103682,-0.119442,5.630678
423,4.800000,-0.109651,-0.119376,5.636772
423,4.850000,-0.115625,-0.119668,5.642879
423,4.900000,-0.121623,-0.120304,5.649018
423,4.950000,-0.127661,-0.121275,5.655206
423,5.000000,-0.133756,-0.122570,5.661460
423,5.050000,-0.139924,-0.124180,5.667797
423,5.100000,-0.146179,-0.126100,5.674233
423,5.150000,-0.152539,-0.128324,5.680785
423,5.200000,-0.159017,-0.130847,5.687468
423,5.250000,-0.165628,-0.133669,5.694299
423,5.300000,-0.172389,-0.136786,5.701293
423,5.350000,-0.179312,-0.140201,5.708468
423,5.400000,-0.186414,-0.143914,5.715838
423,5.450000,-0.193708,-0.147927,5.723422
423,5.500000,-0.201211,-0.152246,5.731234
423,5.550000,-0.208938,-0.156874,5.739294
423,5.600000,-0.216904,-0.161820,5.747618
423,5.650000,-0.225126,-0.167090,5.756225
423,5.700000,-0.233619,-0.172695,5.765134
423,5.750000,-0.242401,-0.178644,5.774365
423,5.800000,-0.251489,-0.184951,5.783937
423,5.850000,-0.260902,-0.191628,5.793874
423,5.900000,-0.270658,-0.198690,5.804196
423,5.950000,-0.280778,-0.206156,5.814928
423,6.000000,-0.291281,-0.214043,5.826095
423,6.050000,-0.302189,-0.222371,5.837723
423,6.100000,-0.313526,-0.231164,5.849841
423,6.150000,-0.325314,-0.240446,5.862477
423,6.200000,-0.337579,-0.250243,5.875664
423,6.250000,-0.350347,-0.260586,5.889436
423,6.300000,-0.363647,-0.271505,5.903829
423,6.350000,-0.377508,-0.283036,5.918881
423,6.400000,-0.391962,-0.295217,5.934633
423,6.450000,-0.407041,-0.308088,5.951132
423,6.500000,-0.422783,-0.321696,5.968424
423,6.550000,-0.439224,-0.336088,5.986562
423,6.600000,-0.456405,-0.351320,6.005601
423,6.650000,-0.474371,-0.367448,6.025603
423,6.700000,-0.493166,-0.384537,6.046634
423,6.750000,-0.512842,-0.402656,6.068765
423,6.800000,-0.533450,-0.421883,6.092074
423,6.850000,-0.555050,-0.442299,6.116648
423,6.900000,-0.577702,-0.463998,6.142578
423,6.950000,-0.601473,-0.487079,6.169968
423,7.000000,-0.626434,-0.511653,6.198929
423,7.050000,-0.652665,-0.537841,6.229586
423,7.100000,-0.680248,-0.565779,6.262074
423,7.150000,-0.709274,-0.595614,6.296543
423,7.200000,-0.739843,-0.627510,6.333162
423,7.250000,-0.772063,-0.661648,6.372113
423,7.300000,-0.806049,-0.698230,6.413605
423,7.350000,-0.841930,-0.737480,6.457866
423,7.400000,-0.879845,-0.779647,6.505153
423,7.450000,-0.919948,-0.825011,6.555755
423,7.500000,-0.962405,-0.873881,6.609996
423,7.550000,-1.007400,-0.926608,6.668241
423,7.600000,-1.055137,-0.983585,6.730904
423,7.650000,-1.105837,-1.045251,6.798454
423,7.700000,-1.159748,-1.112107,6.871422
423,7.750000,-1.217143,-1.184717,6.950419
423,7.800000,-1.278326,-1.263721,7.036140
423,7.850000,-1.343634,-1.349848,7.129385
423,7.900000,-1.413444,-1.443931,7.231076
423,7.950000,-1.488176,-1.546922,7.342278
423,8.000000,-1.568302,-1.659914,7.464226
423,8.050000,-1.654354,-1.784169,7.598359
423,8.100000,-1.746931,-1.921144,7.746358
423,8.150000,-1.846709,-2.072532,7.910194
423,8.200000,-1.954457,-2.240304,8.092188
423,8.250000,-2.071050,-2.426769,8.295078
423,8.300000,-2.197490,-2.634637,8.522116
423,8.350000,-2.334923,-2.867109,8.777172
423,8.400000,-2.484673,-3.127983,9.064870
423,8.450000,-2.648270,-3.421785,9.390762
423,8.500000,-2.827490,-3.753944,9.761540
423,8.550000,-3.024411,-4.131004,10.185305
423,8.600000,-3.241469,-4.560904,10.671912
423,8.650000,-3.481541,-5.053342,11.233406
423,8.700000,-3.748042,-5.620242,11.884590

424,0.000000,-0.532331,6.000000,6.000000
424,0.050000,-0.240477,5.681123,5.681123
424,0.100000,0.036382,5.398391,5.398392
424,0.150000,0.299795,5.141716,5.141717
424,0.200000,0.550846,4.902631,4.902632
424,0.250000,0.790232,4.674035,4.674037
424,0.300000,1.018325,4.450015,4.450017
424,0.350000,1.235229,4.225715,4.225717
424,0.400000,1.440827,3.997246,3.997248
424,0.450000,1.634834,3.761626,3.761628
424,0.500000,1.816835,3.516729,3.516730
424,0.550000,1.986330,3.261244,3.261244
424,0.600000,2.142773,2.994633,2.994633
424,0.650000,2.285610,2.717090,2.717089
424,0.700000,2.414314,2.429478,2.429476
424,0.750000,2.528415,2.133266,2.133261
424,0.800000,2.627530,1.830449,1.830440
424,0.850000,2.711390,1.523455,1.523438
424,0.900000,2.779852,1.215044,1.215010
424,0.950000,2.832920,0.908198,0.908124
424,1.000000,2.870750,0.606011,0.605808
424,1.050000,2.893651,0.311571,0.310774
424,1.100000,2.902086,0.027864,0.036432
424,1.150000,2.896663,-0.242333,0.349491
424,1.200000,2.878120,-0.496526,0.585180
424,1.250000,2.847313,-0.732577,0.846014
424,1.300000,2.805194,-0.948748,1.110634
424,1.350000,2.752792,-1.143732,1.371956
424,1.400000,2.691189,-1.316667,1.626336
424,1.450000,2.621500,-1.467125,1.871484
424,1.500000,2.544851,-1.595093,2.105876
424,1.550000,2.462360,-1.700940,2.328528
424,1.600000,2.375115,-1.785372,2.538880
424,1.650000,2.284163,-1.849382,2.736716
424,1.700000,2.190497,-1.894200,2.922098
424,1.750000,2.095040,-1.921234,3.095306
424,1.800000,1.998644,-1.932020,3.256790
424,1.850000,1.902082,-1.928172,3.407118
424,1.900000,1.806043,-1.911337,3.546935
424,1.950000,1.711137,-1.883156,3.676931
424,2.000000,1.617890,-1.845231,3.797806
424,2.050000,1.526751,-1.799100,3.910252
424,2.100000,1.438093,-1.746210,4.014933
424,2.150000,1.352220,-1.687912,4.112475
424,2.200000,1.269371,-1.625440,4.203458
424,2.250000,1.189727,-1.559914,4.288410
424,2.300000,1.113414,-1.492334,4.367811
424,2.350000,1.040513,-1.423583,4.442094
424,2.400000,0.971062,-1.354429,4.511642
424,2.450000,0.905066,-1.285533,4.576801
424,2.500000,0.842495,-1.217454,4.637879
424,2.550000,0.783299,-1.150659,4.695150
424,2.600000,0.727402,-1.085528,4.748863
424,2.650000,0.674713,-1.022367,4.799242
424,2.700000,0.625128,-0.961412,4.846489
424,2.750000,0.578532,-0.902841,4.890794
424,2.800000,0.534802,-0.846778,4.932328
424,2.850000,0.493811,-0.793304,4.971252
424,2.900000,0.455428,-0.742460,5.007718
424,2.950000,0.419521,-0.694255,5.041867
424,3.000000,0.385959,-0.648672,5.073834
424,3.050000,0.354611,-0.605672,5.103746
424,3.100000,0.325349,-0.565197,5.131725
424,3.150000,0.298050,-0.527177,5.157886
424,3.200000,0.272592,-0.491529,5.182340
424,3.250000,0.248859,-0.458165,5.205193
424,3.300000,0.226739,-0.426988,5.226544
424,3.350000,0.206126,-0.397900,5.246490
424,3.400000,0.186916,-0.370800,5.265123
424,3.450000,0.169014,-0.345588,5.282528
424,3.500000,0.152328,-0.322163,5.298789
424,3.550000,0.136770,-0.300427,5.313985
424,3.600000,0.122258,-0.280283,5.328189
424,3.650000,0.108716,-0.261637,5.341471
424,3.700000,0.096071,-0.244400,5.353899
424,3.750000,0.084254,-0.228485,5.365535
424,3.800000,0.073202,-0.213809,5.376438
424,3.850000,0.062854,-0.200294,5.386664
424,3.900000,0.053155,-0.187865,5.396266
424,3.950000,0.044051,-0.176452,5.405292
424,4.000000,0.035494,-0.165987,5.413788
424,4.050000,0.027437,-0.156409,5.421799
424,4.100000,0.019839,-0.147659,5.429365
424,4.150000,0.012659,-0.139681,5.436525
424,4.200000,0.005859,-0.132424,5.443313
424,4.250000,-0.000595,-0.125841,5.449764
424,4.300000,-0.006736,-0.119886,5.455908
424,4.350000,-0.012593,-0.114517,5.461777
424,4.400000,-0.018197,-0.109697,5.467396
424,4.450000,-0.023572,-0.105389,5.472792
424,4.500000,-0.028743,-0.101560,5.477989
424,4.550000,-0.033735,-0.098180,5.483010
424,4.600000,-0.038568,-0.095220,5.487876
424,4.650000,-0.043264,-0.092655,5.492608
424,4.700000,-0.047840,-0.090461,5.497224
424,4.750000,-0.052316,-0.088615,5.501742
424,4.800000,-0.056707,-0.087098,5.506180
424,4.850000,-0.061031,-0.085892,5.510552
424,4.900000,-0.065301,-0.084979,5.514875
424,4.950000,-0.069533,-0.084345,5.519162
424,5.000000,-0.073740,-0.083977,5.523427
424,5.050000,-0.077935,-0.083862,5.527684
424,5.100000,-0.082130,-0.083988,5.531945
424,5.150000,-0.086338,-0.084347,5.536222
424,5.200000,-0.090569,-0.084930,5.540527
424,5.250000,-0.094834,-0.085729,5.544870
424,5.300000,-0.099145,-0.086738,5.549264
424,5.350000,-0.103512,-0.087951,5.553718
424,5.400000,-0.107944,-0.089364,5.558243
424,5.450000,-0.112451,-0.090973,5.562850
424,5.500000,-0.117044,-0.092776,5.567548
424,5.550000,-0.121732,-0.094769,5.572349
424,5.600000,-0.126524,-0.096954,5.577261
424,5.650000,-0.131430,-0.099327,5.582295
424,5.700000,-0.136460,-0.101891,5.587462
424,5.750000,-0.141623,-0.104647,5.592771
424,5.800000,-0.146928,-0.107596,5.598232
424,5.850000,-0.152386,-0.110740,5.603858
424,5.900000,-0.158005,-0.114083,5.609657
424,5.950000,-0.163797,-0.117630,5.615642
424,6.000000,-0.169772,-0.121385,5.621823
424,6.050000,-0.175939,-0.125353,5.628213
424,6.100000,-0.182311,-0.129541,5.634823
424,6.150000,-0.188897,-0.133956,5.641667
424,6.200000,-0.195710,-0.138606,5.648757
424,6.250000,-0.202762,-0.143500,5.656106
424,6.300000,-0.210065,-0.148647,5.663730
424,6.350000,-0.217631,-0.154058,5.671643
424,6.400000,-0.225475,-0.159745,5.679861
424,6.450000,-0.233610,-0.165719,5.688401
424,6.500000,-0.242052,-0.171996,5.697279
424,6.550000,-0.250815,-0.178589,5.706514
424,6.600000,-0.259916,-0.185515,5.716126
424,6.650000,-0.269373,-0.192791,5.726136
424,6.700000,-0.279202,-0.200436,5.736564
424,6.750000,-0.289423,-0.208470,5.747435
424,6.800000,-0.300056,-0.216915,5.758773
424,6.850000,-0.311121,-0.225796,5.770605
424,6.900000,-0.322643,-0.235136,5.782959
424,6.950000,-0.334643,-0.244966,5.795864
424,7.000000,-0.347148,-0.255313,5.809354
424,7.050000,-0.360184,-0.266212,5.823463
424,7.100000,-0.373779,-0.277696,5.838228
424,7.150000,-0.387964,-0.289804,5.853689
424,7.200000,-0.402770,-0.302578,5.869889
424,7.250000,-0.418233,-0.316061,5.886875
424,7.300000,-0.434389,-0.330304,5.904697
424,7.350000,-0.451277,-0.345358,5.923410
424,7.400000,-0.468939,-0.361281,5.943072
424,7.450000,-0.487421,-0.378136,5.963747
424,7.500000,-0.506770,-0.395991,5.985506
424,7.550000,-0.527038,-0.414921,6.008425
424,7.600000,-0.548281,-0.435008,6.032585
424,7.650000,-0.570559,-0.456341,6.058078
424,7.700000,-0.593937,-0.479018,6.085004
424,7.750000,-0.618485,-0.503147,6.113471
424,7.800000,-0.644278,-0.528845,6.143599
424,7.850000,-0.671398,-0.556245,6.175521
424,7.900000,-0.699933,-0.585489,6.209382
424,7.950000,-0.729980,-0.616736,6.245345
424,8.000000,-0.761643,-0.650162,6.283590
424,8.050000,-0.795036,-0.685962,6.324315
424,8.100000,-0.830283,-0.724354,6.367743
424,8.150000,-0.867519,-0.765577,6.414124
424,8.200000,-0.906892,-0.809901,6.463737
424,8.250000,-0.948565,-0.857627,6.516894
424,8.300000,-0.992717,-0.909092,6.573949
424,8.350000,-1.039543,-0.964672,6.635300
424,8.400000,-1.089260,-1.024794,6.701401
424,8.450000,-1.142106,-1.089937,6.772763
424,8.500000,-1.198346,-1.160644,6.849974
424,8.550000,-1.258273,-1.237529,6.933703
424,8.600000,-1.322214,-1.321292,7.024717
424,8.650000,-1.390530,-1.412730,7.123901
424,8.700000,-1.463630,-1.512755,7.232275
424,8.750000,-1.541966,-1.622412,7.351022
424,8.800000,-1.626051,-1.742907,7.481518
424,8.850000,-1.716461,-1.875629,7.625367
424,8.900000,-1.813845,-2.022192,7.784448
424,8.950000,-1.918941,-2.184472,7.960968
424,9.000000,-2.032590,-2.364662,8.157535
424,9.050000,-2.155749,-2.565336,8.377231
424,9.100000,-2.289515,-2.789526,8.623725
424,9.150000,-2.435152,-3.040825,8.901394
424,9.200000,-2.594120,-3.323510,9.215481
424,9.250000,-2.768111,-3.642697,9.572297
424,9.300000,-2.959099,-4.004546,9.979470
424,9.350000,-3.169399,-4.416513,10.446259
424,9.400000,-3.401735,-4.887685,10.983960
424,9.450000,-3.659337,-5.429212,11.606429

425,0.000000,-0.604511,6.000000,6.000000
425,0.050000,-0.312830,5.674641,5.674641
425,0.100000,-0.036408,5.387725,5.387726
425,0.150000,0.226411,5.128960,5.128962
425,0.200000,0.476812,4.889711,4.889713
425,0.250000,0.715586,4.662728,4.662730
425,0.300000,0.943188,4.441955,4.441957
425,0.350000,1.159801,4.222389,4.222391
425,0.400000,1.365379,3.999986,3.999988
425,0.450000,1.559699,3.771594,3.771595
425,0.500000,1.742400,3.534895,3.534896
425,0.550000,1.913024,3.288371,3.288372
425,0.600000,2.071060,3.031263,3.031263
425,0.650000,2.215973,2.763521,2.763521
425,0.700000,2.347245,2.485765,2.485764
425,0.750000,2.464403,2.199215,2.199211
425,0.800000,2.567049,1.905621,1.905614
425,0.850000,2.654884,1.607182,1.607170
425,0.900000,2.727729,1.306450,1.306425
425,0.950000,2.785537,1.006225,1.006174
425,1.000000,2.828409,0.709455,0.709328
425,1.050000,2.856590,0.419121,0.418703
425,1.100000,2.870477,0.138142,0.136271
425,1.150000,2.870607,-0.130726,0.130932
425,1.200000,2.857648,-0.384974,0.418245
425,1.250000,2.832390,-0.622406,0.684855
425,1.300000,2.795719,-0.841194,0.950816
425,1.350000,2.748605,-1.039914,1.212195
425,1.400000,2.692079,-1.217561,1.466428
425,1.450000,2.627211,-1.373554,1.711642
425,1.500000,2.555088,-1.507715,1.946463
425,1.550000,2.476800,-1.620249,2.169935
425,1.600000,2.393415,-1.711698,2.381463
425,1.650000,2.305968,-1.782906,2.580768
425,1.700000,2.215444,-1.834959,2.767838
425,1.750000,2.122770,-1.869140,2.942883
425,1.800000,2.028804,-1.886878,3.106281
425,1.850000,1.934331,-1.889696,3.258545
425,1.900000,1.840057,-1.879168,3.400271
425,1.950000,1.746610,-1.856881,3.532111
425,2.000000,1.654539,-1.824398,3.654740
425,2.050000,1.564315,-1.783230,3.768833
425,2.100000,1.476337,-1.734817,3.875045
425,2.150000,1.390932,-1.680505,3.973999
425,2.200000,1.308364,-1.621539,4.066276
425,2.250000,1.228836,-1.559056,4.152412
425,2.300000,1.152500,-1.494076,4.232894
425,2.350000,1.079455,-1.427508,4.308163
425,2.400000,1.009762,-1.360149,4.378612
425,2.450000,0.943442,-1.292692,4.444595
425,2.500000,0.880485,-1.225725,4.506428
425,2.550000,0.820853,-1.159747,4.564394
425,2.600000,0.764487,-1.095169,4.618747
425,2.650000,0.711307,-1.032325,4.669715
425,2.700000,0.661221,-0.971479,4.717506
425,2.750000,0.614122,-0.912834,4.762310
425,2.800000,0.569898,-0.856539,4.804303
425,2.850000,0.528428,-0.802696,4.843646
425,2.900000,0.489587,-0.751365,4.880492
425,2.950000,0.453249,-0.702574,4.914982
425,3.000000,0.419287,-0.656321,4.947250
425,3.050000,0.387575,-0.612581,4.977425
425,3.100000,0.357988,-0.571309,5.005626
425,3.150000,0.330404,-0.532445,5.031970
425,3.200000,0.304704,-0.495915,5.056566
425,3.250000,0.280775,-0.461639,5.079518
425,3.300000,0.258504,-0.429527,5.100927
425,3.350000,0.237788,-0.399486,5.120888
425,3.400000,0.218523,-0.371421,5.139491
425,3.450000,0.200614,-0.345235,5.156824
425,3.500000,0.183970,-0.320829,5.172968
425,3.550000,0.168503,-0.298107,5.188001
425,3.600000,0.154133,-0.276976,5.201997
425,3.650000,0.140781,-0.257342,5.215027
425,3.700000,0.128375,-0.239116,5.227156
425,3.750000,0.116847,-0.222213,5.238447
425,3.800000,0.106133,-0.206549,5.248958
425,3.850000,0.096173,-0.192045,5.258746
425,3.900000,0.086910,-0.178627,5.267862
425,3.950000,0.078293,-0.166224,5.276356
425,4.000000,0.070272,-0.154767,5.284272
425,4.050000,0.062802,-0.144193,5.291655
425,4.100000,0.055839,-0.134442,5.298544
425,4.150000,0.049345,-0.125459,5.304978
425,4.200000,0.043281,-0.117189,5.310990
425,4.250000,0.037615,-0.109583,5.316616
425,4.300000,0.032313,-0.102595,5.321884
425,4.350000,0.027346,-0.096183,5.326824
425,4.400000,0.022686,-0.090304,5.331463
425,4.450000,0.018307,-0.084923,5.335825
425,4.500000,0.014186,-0.080004,5.339934
425,4.550000,0.010299,-0.075514,5.343811
425,4.600000,0.006628,-0.071423,5.347478
425,4.650000,0.003151,-0.067704,5.350951
425,4.700000,-0.000149,-0.064330,5.354250
425,4.750000,-0.003288,-0.061278,5.357390
425,4.800000,-0.006281,-0.058525,5.360386
425,4.850000,-0.009145,-0.056051,5.363254
425,4.900000,-0.011891,-0.053837,5.366005
425,4.950000,-0.014532,-0.051865,5.368653
425,5.000000,-0.017081,-0.050120,5.371210
425,5.050000,-0.019548,-0.048586,5.373685
425,5.100000,-0.021943,-0.047250,5.376090
425,5.150000,-0.024276,-0.046099,5.378433
425,5.200000,-0.026556,-0.045123,5.380724
425,5.250000,-0.028791,-0.044310,5.382971
425,5.300000,-0.030989,-0.043651,5.385182
425,5.350000,-0.033159,-0.043137,5.387364
425,5.400000,-0.035305,-0.042760,5.389525
425,5.450000,-0.037437,-0.042514,5.391671
425,5.500000,-0.039559,-0.042391,5.393809
425,5.550000,-0.041678,-0.042385,5.395945
425,5.600000,-0.043799,-0.042492,5.398084
425,5.650000,-0.045929,-0.042706,5.400232
425,5.700000,-0.048072,-0.043024,5.402394
425,5.750000,-0.050233,-0.043441,5.404576
425,5.800000,-0.052417,-0.043954,5.406782
425,5.850000,-0.054630,-0.044561,5.409018
425,5.900000,-0.056875,-0.045259,5.411287
425,5.950000,-0.059157,-0.046046,5.413595
425,6.000000,-0.061481,-0.046920,5.415947
425,6.050000,-0.063851,-0.047879,5.418345
425,6.100000,-0.066270,-0.048924,5.420796
425,6.150000,-0.068744,-0.050053,5.423303
425,6.200000,-0.071277,-0.051266,5.425871
425,6.250000,-0.073872,-0.052562,5.428503
425,6.300000,-0.076535,-0.053943,5.431205
425,6.350000,-0.079268,-0.055407,5.433981
425,6.400000,-0.082077,-0.056957,5.436834
425,6.450000,-0.084965,-0.058593,5.439771
425,6.500000,-0.087937,-0.060317,5.442795
425,6.550000,-0.090998,-0.062129,5.445910
425,6.600000,-0.094152,-0.064032,5.449122
425,6.650000,-0.097403,-0.066028,5.452436
425,6.700000,-0.100756,-0.068119,5.455856
425,6.750000,-0.104217,-0.070308,5.459388
425,6.800000,-0.107789,-0.072597,5.463037
425,6.850000,-0.111478,-0.074990,5.466809
425,6.900000,-0.115290,-0.077490,5.470708
425,6.950000,-0.119229,-0.080101,5.474742
425,7.000000,-0.123302,-0.082826,5.478915
425,7.050000,-0.127513,-0.085670,5.483236
425,7.100000,-0.131871,-0.088638,5.487709
425,7.150000,-0.136379,-0.091734,5.492343
425,7.200000,-0.141046,-0.094964,5.497144
425,7.250000,-0.145878,-0.098334,5.502120
425,7.300000,-0.150882,-0.101849,5.507279
425,7.350000,-0.156066,-0.105516,5.512629
425,7.400000,-0.161436,-0.109342,5.518179
425,7.450000,-0.167002,-0.113334,5.523938
425,7.500000,-0.172773,-0.117500,5.529915
425,7.550000,-0.178756,-0.121849,5.536122
425,7.600000,-0.184961,-0.126389,5.542568
425,7.650000,-0.191398,-0.131130,5.549264
425,7.700000,-0.198077,-0.136083,5.556224
425,7.750000,-0.205010,-0.141257,5.563458
425,7.800000,-0.212207,-0.146665,5.570981
425,7.850000,-0.219680,-0.152319,5.578807
425,7.900000,-0.227443,-0.158232,5.586950
425,7.950000,-0.235508,-0.164418,5.595426
425,8.000000,-0.243890,-0.170892,5.604252
425,8.050000,-0.252602,-0.177671,5.613446
425,8.100000,-0.261662,-0.184772,5.623027
425,8.150000,-0.271085,-0.192213,5.633015
425,8.200000,-0.280889,-0.200015,5.643432
425,8.250000,-0.291093,-0.208198,5.654300
425,8.300000,-0.301716,-0.216786,5.665644
425,8.350000,-0.312779,-0.225803,5.677490
425,8.400000,-0.324304,-0.235276,5.689867
425,8.450000,-0.336314,-0.245233,5.702804
425,8.500000,-0.348836,-0.255705,5.716334
425,8.550000,-0.361894,-0.266726,5.730491
425,8.600000,-0.375518,-0.278331,5.745314
425,8.650000,-0.389738,-0.290560,5.760841
425,8.700000,-0.404585,-0.303453,5.777116
425,8.750000,-0.420095,-0.317058,5.794187
425,8.800000,-0.436304,-0.331422,5.812104
425,8.850000,-0.453251,-0.346600,5.830922
425,8.900000,-0.470978,-0.362651,5.850700
425,8.950000,-0.489531,-0.379637,5.871504
425,9.000000,-0.508959,-0.397629,5.893403
425,9.050000,-0.529312,-0.416700,5.916475
425,9.100000,-0.550648,-0.436936,5.940804
425,9.150000,-0.573027,-0.458425,5.966481
425,9.200000,-0.596513,-0.481266,5.993607
425,9.250000,-0.621178,-0.505570,6.022293
425,9.300000,-0.647096,-0.531455,6.052661
425,9.350000,-0.674352,-0.559054,6.084844
425,9.400000,-0.703033,-0.588511,6.118992
425,9.450000,-0.733236,-0.619988,6.155268
425,9.500000,-0.765068,-0.653662,6.193855
425,9.550000,-0.798642,-0.689730,6.234957
425,9.600000,-0.834085,-0.728413,6.278799
425,9.650000,-0.871531,-0.769953,6.325634
425,9.700000,-0.911132,-0.814623,6.375748
425,9.750000,-0.953051,-0.862727,6.429458
425,9.800000,-0.997468,-0.914606,6.487124
425,9.850000,-1.044581,-0.970643,6.549153
425,9.900000,-1.094608,-1.031267,6.616005
425,9.950000,-1.147792,-1.096966,6.688204
425,10.000000,-1.204399,-1.168287,6.766347

426,0.000000,-0.676692,6.000000,6.000000
426,0.050000,-0.385195,5.667649,5.667650
426,0.100000,-0.109249,5.376059,5.376060
426,0.150000,0.152914,5.114729,5.114730
426,0.200000,0.402580,4.874855,4.874856
426,0.250000,0.640633,4.649040,4.649042
426,0.300000,0.867615,4.431092,4.431094
426,0.350000,1.083787,4.215868,4.215869
426,0.400000,1.289177,3.999177,3.999179
426,0.450000,1.483625,3.777705,3.777706
426,0.500000,1.666826,3.548956,3.548958
426,0.550000,1.838370,3.311215,3.311216
426,0.600000,1.997780,3.063505,3.063506
426,0.650000,2.144549,2.805550,2.805550
426,0.700000,2.278171,2.537726,2.537725
426,0.750000,2.398173,2.261008,2.261005
426,0.800000,2.504148,1.976904,1.976899
426,0.850000,2.595773,1.687379,1.687370
426,0.900000,2.672834,1.394771,1.394753
426,0.950000,2.735242,1.101688,1.101653
426,1.000000,2.783042,0.810919,0.810838
426,1.050000,2.816421,0.525324,0.525090
426,1.100000,2.835708,0.247737,0.246734
426,1.150000,2.841373,-0.019127,0.025564
426,1.200000,2.834016,-0.272758,0.546606
426,1.250000,2.814356,-0.510921,0.725646
426,1.300000,2.783214,-0.731716,0.944708
426,1.350000,2.741500,-0.933612,1.177946
426,1.400000,2.690187,-1.115476,1.413925
426,1.450000,2.630298,-1.276580,1.646788
426,1.500000,2.562881,-1.416588,1.873126
426,1.550000,2.488991,-1.535542,2.090816
426,1.600000,2.409672,-1.633824,2.298523
426,1.650000,2.325942,-1.712119,2.495465
426,1.700000,2.238778,-1.771371,2.681261
426,1.750000,2.149103,-1.812731,2.855843
426,1.800000,2.057781,-1.837511,3.019375
426,1.850000,1.965605,-1.847137,3.172199
426,1.900000,1.873295,-1.843102,3.314779
426,1.950000,1.781497,-1.826929,3.447664
426,2.000000,1.690779,-1.800134,3.571450
426,2.050000,1.601636,-1.764196,3.686752
426,2.100000,1.514488,-1.720536,3.794182
426,2.150000,1.429689,-1.670494,3.894332
426,2.200000,1.347525,-1.615318,3.987764
426,2.250000,1.268223,-1.556156,4.075001
426,2.300000,1.191958,-1.494048,4.156523
426,2.350000,1.118852,-1.429924,4.232769
426,2.400000,1.048985,-1.364610,4.304133
426,2.450000,0.982399,-1.298825,4.370971
426,2.500000,0.919100,-1.233190,4.433602
426,2.550000,0.859069,-1.168232,4.492312
426,2.600000,0.802258,-1.104393,4.547358
426,2.650000,0.748604,-1.042037,4.598972
426,2.700000,0.698025,-0.981456,4.647364
426,2.750000,0.650425,-0.922880,4.692727
426,2.800000,0.605701,-0.866480,4.735237
426,2.850000,0.563739,-0.812383,4.775058
426,2.900000,0.524423,-0.760669,4.812340
426,2.950000,0.487632,-0.711385,4.847228
426,3.000000,0.453243,-0.664546,4.879856
426,3.050000,0.421136,-0.620142,4.910350
426,3.100000,0.391189,-0.578141,4.938830
426,3.150000,0.363283,-0.538493,4.965413
426,3.200000,0.337302,-0.501138,4.990207
426,3.250000,0.313132,-0.466001,5.013316
426,3.300000,0.290666,-0.433001,5.034840
426,3.350000,0.269798,-0.402053,5.054874
426,3.400000,0.250428,-0.373065,5.073508
426,3.450000,0.232460,-0.345944,5.090828
426,3.500000,0.215804,-0.320597,5.106916
426,3.550000,0.200373,-0.296930,5.121850
426,3.600000,0.186085,-0.274851,5.135704
426,3.650000,0.172863,-0.254269,5.148548
426,3.700000,0.160634,-0.235097,5.160446
426,3.750000,0.149331,-0.217249,5.171463
426,3.800000,0.138889,-0.200642,5.181657
426,3.850000,0.129247,-0.185199,5.191082
426,3.900000,0.120351,-0.170844,5.199792
426,3.950000,0.112146,-0.157505,5.207835
426,4.000000,0.104584,-0.145114,5.215256
426,4.050000,0.097620,-0.133608,5.222099
426,4.100000,0.091210,-0.122925,5.228404
426,4.150000,0.085315,-0.113008,5.234209
426,4.200000,0.079897,-0.103803,5.239548
426,4.250000,0.074923,-0.095260,5.244454
426,4.300000,0.070361,-0.087331,5.248958
426,4.350000,0.066181,-0.079971,5.253087
426,4.400000,0.062355,-0.073140,5.256869
426,4.450000,0.058859,-0.066798,5.260328
426,4.500000,0.055668,-0.060909,5.263486
426,4.550000,0.052761,-0.055440,5.266365
426,4.600000,0.050117,-0.050357,5.268984
426,4.650000,0.047719,-0.045634,5.271361
426,4.700000,0.045548,-0.041241,5.273513
426,4.750000,0.043590,-0.037154,5.275456
426,4.800000,0.041828,-0.033349,5.277204
426,4.850000,0.040250,-0.029804,5.278770
426,4.900000,0.038844,-0.026499,5.280166
426,4.950000,0.037597,-0.023415,5.281405
426,5.000000,0.036499,-0.020534,5.282495
426,5.050000,0.035540,-0.017840,5.283447
426,5.100000,0.034712,-0.015317,5.284270
426,5.150000,0.034006,-0.012953,5.284972
426,5.200000,0.033414,-0.010733,5.285560
426,5.250000,0.032931,-0.008646,5.286041
426,5.300000,0.032548,-0.006680,5.286421
426,5.350000,0.032261,-0.004825,5.286707
426,5.400000,0.032064,-0.003072,5.286903
426,5.450000,0.031952,-0.001412,5.287014
426,5.500000,0.031921,0.000165,5.287044
426,5.550000,0.031967,0.001664,5.286999
426,5.600000,0.032086,0.003095,5.286880
426,5.650000,0.032276,0.004463,5.286692
426,5.700000,0.032532,0.005774,5.286437
426,5.750000,0.032852,0.007035,5.286119
426,5.800000,0.033234,0.008250,5.285739
426,5.850000,0.033676,0.009424,5.285300
426,5.900000,0.034176,0.010563,5.284803
426,5.950000,0.034732,0.011670,5.284250
426,6.000000,0.035343,0.012750,5.283644
426,6.050000,0.036007,0.013806,5.282984
426,6.100000,0.036723,0.014841,5.282273
426,6.150000,0.037491,0.015860,5.281510
426,6.200000,0.038309,0.016865,5.280698
426,6.250000,0.039177,0.017859,5.279836
426,6.300000,0.040094,0.018844,5.278925
426,6.350000,0.041061,0.019824,5.277965
426,6.400000,0.042077,0.020800,5.276957
426,6.450000,0.043141,0.021775,5.275901
426,6.500000,0.044254,0.022751,5.274797
426,6.550000,0.045416,0.023730,5.273644
426,6.600000,0.046627,0.024714,5.272443
426,6.650000,0.047888,0.025705,5.271193
426,6.700000,0.049198,0.026704,5.269895
426,6.750000,0.050558,0.027713,5.268547
426,6.800000,0.051969,0.028733,5.267149
426,6.850000,0.053432,0.029767,5.265700
426,6.900000,0.054946,0.030815,5.264200
426,6.950000,0.056514,0.031878,5.262649
426,7.000000,0.058134,0.032959,5.261044
426,7.050000,0.059810,0.034058,5.259387
426,7.100000,0.061541,0.035177,5.257675
426,7.150000,0.063328,0.036316,5.255907
426,7.200000,0.065173,0.037477,5.254084
426,7.250000,0.067076,0.038661,5.252203
426,7.300000,0.069039,0.039869,5.250263
426,7.350000,0.071063,0.041102,5.248264
426,7.400000,0.073150,0.042361,5.246204
426,7.450000,0.075300,0.043646,5.244082
426,7.500000,0.077515,0.044959,5.241897
426,7.550000,0.079796,0.046301,5.239647
426,7.600000,0.082145,0.047672,5.237332
426,7.650000,0.084564,0.049074,5.234948
426,7.700000,0.087053,0.050507,5.232496
426,7.750000,0.089615,0.051971,5.229974
426,7.800000,0.092251,0.053468,5.227380
426,7.850000,0.094963,0.054999,5.224712
426,7.900000,0.097751,0.056563,5.221970
426,7.950000,0.100619,0.058162,5.219151
426,8.000000,0.103568,0.059797,5.216254
426,8.050000,0.106600,0.061467,5.213277
426,8.100000,0.109716,0.063174,5.210219
426,8.150000,0.112918,0.064917,5.207078
426,8.200000,0.116208,0.066699,5.203852
426,8.250000,0.119588,0.068518,5.200539
426,8.300000,0.123060,0.070376,5.197138
426,8.350000,0.126626,0.072272,5.193647
426,8.400000,0.130288,0.074208,5.190064
426,8.450000,0.134048,0.076183,5.186387
426,8.500000,0.137907,0.078198,5.182616
426,8.550000,0.141868,0.080252,5.178746
426,8.600000,0.145933,0.082347,5.174778
426,8.650000,0.150104,0.084481,5.170710
426,8.700000,0.154382,0.086656,5.166538
426,8.750000,0.158770,0.088870,5.162262
426,8.800000,0.163270,0.091125,5.157880
426,8.850000,0.167883,0.093419,5.153391
426,8.900000,0.172612,0.095753,5.148791
426,8.950000,0.177459,0.098125,5.144080
426,9.000000,0.182425,0.100537,5.139257
426,9.050000,0.187513,0.102986,5.134318
426,9.100000,0.192725,0.105473,5.129263
426,9.150000,0.198061,0.107997,5.124090
426,9.200000,0.203525,0.110556,5.118798
426,9.250000,0.209117,0.113151,5.113384
426,9.300000,0.214840,0.115780,5.107848
426,9.350000,0.220696,0.118441,5.102188
426,9.400000,0.226685,0.121134,5.096403
426,9.450000,0.232810,0.123857,5.090491
426,9.500000,0.239071,0.126609,5.084451
426,9.550000,0.245471,0.129387,5.078283
426,9.600000,0.252010,0.132191,5.071984
426,9.650000,0.258691,0.135018,5.065554
426,9.700000,0.265513,0.137865,5.058993
426,9.750000,0.272477,0.140732,5.052299
426,9.800000,0.279586,0.143615,5.045472
426,9.850000,0.286839,0.146511,5.038511
426,9.900000,0.294237,0.149419,5.031415
426,9.950000,0.301781,0.152335,5.024186
426,10.000000,0.309471,0.155255,5.016821

427,0.000000,-0.748872,6.000000,6.000000
427,0.050000,-0.457573,5.660148,5.660149
427,0.100000,-0.182141,5.363392,5.363393
427,0.150000,0.079304,5.099019,5.099021
427,0.200000,0.328150,4.858055,4.858057
427,0.250000,0.565374,4.632961,4.632963
427,0.300000,0.791605,4.417407,4.417409
427,0.350000,1.007185,4.206122,4.206124
427,0.400000,1.212215,3.994776,3.994778
427,0.450000,1.406603,3.779901,3.779903
427,0.500000,1.590102,3.558835,3.558837
427,0.550000,1.762351,3.329674,3.329676
427,0.600000,1.922914,3.091237,3.091239
427,0.650000,2.071312,2.843026,2.843027
427,0.700000,2.207056,2.585183,2.585183
427,0.750000,2.329681,2.318442,2.318441
427,0.800000,2.438773,2.044070,2.044067
427,0.850000,2.533990,1.763798,1.763791
427,0.900000,2.615089,1.479740,1.479727
427,0.950000,2.681941,1.194308,1.194283
427,1.000000,2.734541,0.910119,0.910065
427,1.050000,2.773019,0.629895,0.629757
427,1.100000,2.797642,0.356372,0.355884
427,1.150000,2.808812,0.092205,0.090684
427,1.200000,2.807061,-0.160114,0.162937
427,1.250000,2.793036,-0.398330,0.426835
427,1.300000,2.767496,-0.620484,0.681331
427,1.350000,2.731283,-0.824956,0.933597
427,1.400000,2.685316,-1.010498,1.180945
427,1.450000,2.630564,-1.176242,1.421306
427,1.500000,2.568030,-1.321705,1.653089
427,1.550000,2.498734,-1.446766,1.875097
427,1.600000,2.423690,-1.551649,2.086490
427,1.650000,2.343897,-1.636883,2.286745
427,1.700000,2.260317,-1.703261,2.475617
427,1.750000,2.173868,-1.751799,2.653100
427,1.800000,2.085414,-1.783686,2.819382
427,1.850000,1.995755,-1.800241,2.974808
427,1.900000,1.905622,-1.802869,3.119838
427,1.950000,1.815676,-1.793019,3.255013
427,2.000000,1.726504,-1.772152,3.380923
427,2.050000,1.638621,-1.741709,3.498180
427,2.100000,1.552470,-1.703082,3.607399
427,2.150000,1.468427,-1.657600,3.709176
427,2.200000,1.386803,-1.606507,3.804083
427,2.250000,1.307850,-1.550959,3.892652
427,2.300000,1.231764,-1.492008,3.975378
427,2.350000,1.158690,-1.430606,4.052710
427,2.400000,1.088730,-1.367600,4.125058
427,2.450000,1.021944,-1.303739,4.192789
427,2.500000,0.958360,-1.239670,4.256233
427,2.550000,0.897972,-1.175952,4.315687
427,2.600000,0.840751,-1.113056,4.371416
427,2.650000,0.786646,-1.051376,4.423659
427,2.700000,0.735587,-0.991231,4.472633
427,2.750000,0.687493,-0.932878,4.518535
427,2.800000,0.642266,-0.876516,4.561543
427,2.850000,0.599805,-0.822292,4.601824
427,2.900000,0.560000,-0.770311,4.639532
427,2.950000,0.522736,-0.720637,4.674811
427,3.000000,0.487897,-0.673305,4.707794
427,3.050000,0.455366,-0.628319,4.738609
427,3.100000,0.425026,-0.585663,4.767376
427,3.150000,0.396762,-0.545300,4.794210
427,3.200000,0.370459,-0.507180,4.819219
427,3.250000,0.346007,-0.471238,4.842507
427,3.300000,0.323300,-0.437402,4.864173
427,3.350000,0.302233,-0.405592,4.884311
427,3.400000,0.282708,-0.375725,4.903010
427,3.450000,0.264630,-0.347712,4.920357
427,3.500000,0.247908,-0.321464,4.936433
427,3.550000,0.232456,-0.296890,4.951315
427,3.600000,0.218192,-0.273903,4.965076
427,3.650000,0.205041,-0.252413,4.977786
427,3.700000,0.192928,-0.232333,4.989512
427,3.750000,0.181785,-0.213581,5.000315
427,3.800000,0.171549,-0.196075,5.010254
427,3.850000,0.162158,-0.179736,5.019384
427,3.900000,0.153557,-0.164490,5.027758
427,3.950000,0.145692,-0.150266,5.035424
427,4.000000,0.138514,-0.136995,5.042428
427,4.050000,0.131978,-0.124613,5.048813
427,4.100000,0.126039,-0.113058,5.054619
427,4.150000,0.120659,-0.102273,5.059884
427,4.200000,0.115800,-0.092203,5.064643
427,4.250000,0.111428,-0.082797,5.068929
427,4.300000,0.107510,-0.074007,5.072771
427,4.350000,0.104018,-0.065787,5.076198
427,4.400000,0.100923,-0.058095,5.079237
427,4.450000,0.098200,-0.050891,5.081912
427,4.500000,0.095826,-0.044138,5.084245
427,4.550000,0.093779,-0.037801,5.086257
427,4.600000,0.092040,-0.031849,5.087968
427,4.650000,0.090589,-0.026250,5.089395
427,4.700000,0.089409,-0.020976,5.090556
427,4.750000,0.088486,-0.016002,5.091464
427,4.800000,0.087804,-0.011303,5.092135
427,4.850000,0.087351,-0.006855,5.092581
427,4.900000,0.087115,-0.002638,5.092814
427,4.950000,0.087084,0.001368,5.092844
427,5.000000,0.087249,0.005181,5.092682
427,5.050000,0.087599,0.008819,5.092337
427,5.100000,0.088128,0.012297,5.091817
427,5.150000,0.088827,0.015630,5.091129
427,5.200000,0.089689,0.018832,5.090281
427,5.250000,0.090708,0.021915,5.089278
427,5.300000,0.091878,0.024892,5.088127
427,5.350000,0.093195,0.027773,5.086831
427,5.400000,0.094654,0.030569,5.085397
427,5.450000,0.096251,0.033289,5.083827
427,5.500000,0.097982,0.035942,5.082126
427,5.550000,0.099844,0.038535,5.080297
427,5.600000,0.101835,0.041078,5.078342
427,5.650000,0.103951,0.043576,5.076264
427,5.700000,0.106192,0.046037,5.074065
427,5.750000,0.108554,0.048466,5.071747
427,5.800000,0.111038,0.050869,5.069311
427,5.850000,0.113641,0.053252,5.066759
427,5.900000,0.116363,0.055618,5.064092
427,5.950000,0.119203,0.057974,5.061310
427,6.000000,0.122160,0.060322,5.058415
427,6.050000,0.125235,0.062666,5.055406
427,6.100000,0.128427,0.065011,5.052284
427,6.150000,0.131736,0.067360,5.049049
427,6.200000,0.135163,0.069714,5.045701
427,6.250000,0.138708,0.072078,5.042239
427,6.300000,0.142371,0.074454,5.038664
427,6.350000,0.146153,0.076844,5.034974
427,6.400000,0.150055,0.079250,5.031170
427,6.450000,0.154078,0.081673,5.027250
427,6.500000,0.158223,0.084117,5.023214
427,6.550000,0.162490,0.086581,5.019061
427,6.600000,0.166882,0.089068,5.014790
427,6.650000,0.171398,0.091578,5.010401
427,6.700000,0.176040,0.094112,5.005892
427,6.750000,0.180809,0.096672,5.001262
427,6.800000,0.185707,0.099257,4.996510
427,6.850000,0.190735,0.101868,4.991636
427,6.900000,0.195895,0.104506,4.986638
427,6.950000,0.201186,0.107170,4.981515
427,7.000000,0.206612,0.109860,4.976267
427,7.050000,0.212173,0.112576,4.970891
427,7.100000,0.217870,0.115318,4.965387
427,7.150000,0.223705,0.118084,4.959755
427,7.200000,0.229679,0.120875,4.953992
427,7.250000,0.235793,0.123689,4.948098
427,7.300000,0.242048,0.126525,4.942073
427,7.350000,0.248446,0.129382,4.935915
427,7.400000,0.254987,0.132258,4.929624
427,7.450000,0.261672,0.135152,4.923199
427,7.500000,0.268502,0.138062,4.916639
427,7.550000,0.275478,0.140986,4.909944
427,7.600000,0.282601,0.143922,4.903113
427,7.650000,0.289871,0.146867,4.896147
427,7.700000,0.297288,0.149819,4.889044
427,7.750000,0.304853,0.152775,4.881805
427,7.800000,0.312565,0.155732,4.874430
427,7.850000,0.320426,0.158688,4.866918
427,7.900000,0.328434,0.161638,4.859271
427,7.950000,0.336589,0.164579,4.851489
427,8.000000,0.344892,0.167508,4.843571
427,8.050000,0.353340,0.170421,4.835519
427,8.100000,0.361933,0.173314,4.827335
427,8.150000,0.370671,0.176182,4.819018
427,8.200000,0.379551,0.179022,4.810570
427,8.250000,0.388573,0.181828,4.801992
427,8.300000,0.397733,0.184596,4.793287
427,8.350000,0.407031,0.187321,4.784456
427,8.400000,0.416465,0.189997,4.775501
427,8.450000,0.426030,0.192621,4.766424
427,8.500000,0.435726,0.195186,4.757228
427,8.550000,0.445548,0.197688,4.747915
427,8.600000,0.455493,0.200119,4.738488
427,8.650000,0.465559,0.202476,4.728951
427,8.700000,0.475740,0.204751,4.719307
427,8.750000,0.486032,0.206940,4.709560
427,8.800000,0.496432,0.209036,4.699712
427,8.850000,0.506934,0.211033,4.689769
427,8.900000,0.517534,0.212926,4.679735
427,8.950000,0.528225,0.214708,4.669614
427,9.000000,0.539002,0.216373,4.659412
427,9.050000,0.549860,0.217916,4.649133
427,9.100000,0.560792,0.219331,4.638782
427,9.150000,0.571791,0.220612,4.628366
427,9.200000,0.582851,0.221753,4.617890
427,9.250000,0.593964,0.222748,4.607361
427,9.300000,0.605123,0.223593,4.596784
427,9.350000,0.616321,0.224282,4.586166
427,9.400000,0.627549,0.224810,4.575514
427,9.450000,0.638799,0.225173,4.564836
427,9.500000,0.650063,0.225365,4.554137
427,9.550000,0.661332,0.225383,4.543427
427,9.600000,0.672598,0.225223,4.532713
427,9.650000,0.683852,0.224881,4.522002
427,9.700000,0.695083,0.224353,4.511303
427,9.750000,0.706284,0.223639,4.500623
427,9.800000,0.717444,0.222734,4.489972
427,9.850000,0.728554,0.221636,4.479358
427,9.900000,0.739604,0.220346,4.468790
427,9.950000,0.750585,0.218861,4.458276
427,10.000000,0.761487,0.217180,4.447826

428,0.000000,-0.821053,6.000000,6.000000
428,0.050000,-0.529964,5.652137,5.652138
428,0.100000,-0.255083,5.349723,5.349724
428,0.150000,0.005582,5.081828,5.081830
428,0.200000,0.253522,4.839308,4.839310
428,0.250000,0.489807,4.614478,4.614481
428,0.300000,0.715156,4.400883,4.400885
428,0.350000,0.929992,4.193124,4.193127
428,0.400000,1.134491,3.986741,3.986743
428,0.450000,1.328628,3.778124,3.778126
428,0.500000,1.512219,3.564452,3.564454
428,0.550000,1.684954,3.343647,3.343649
428,0.600000,1.846441,3.114331,3.114333
428,0.650000,1.996233,2.875794,2.875795
428,0.700000,2.133865,2.627953,2.627954
428,0.750000,2.258881,2.371306,2.371306
428,0.800000,2.370866,2.106881,2.106879
428,0.850000,2.469465,1.836174,1.836169
428,0.900000,2.554410,1.561073,1.561065
428,0.950000,2.625535,1.283786,1.283769
428,1.000000,2.682792,1.006745,1.006709
428,1.050000,2.726257,0.732525,0.732440
428,1.100000,2.756136,0.463743,0.463489
428,1.150000,2.772765,0.202980,0.201829
428,1.200000,2.776609,-0.047311,0.043661
428,1.250000,2.768247,-0.284871,0.405692
428,1.300000,2.748367,-0.507700,0.614949
428,1.350000,2.717751,-0.714107,0.844586
428,1.400000,2.677253,-0.902740,1.078187
428,1.450000,2.627790,-1.072606,1.309435
428,1.500000,2.570316,-1.223079,1.534996
428,1.550000,2.505810,-1.353887,1.752798
428,1.600000,2.435255,-1.465093,1.961476
428,1.650000,2.359622,-1.557070,2.160152
428,1.700000,2.279858,-1.630461,2.348319
428,1.750000,2.196871,-1.686139,2.525762
428,1.800000,2.111522,-1.725165,2.692505
428,1.850000,2.024612,-1.748744,2.848753
428,1.900000,1.936883,-1.758183,2.994857
428,1.950000,1.849007,-1.754852,3.131267
428,2.000000,1.761587,-1.740147,3.258501
428,2.050000,1.675159,-1.715458,3.377117
428,2.100000,1.590185,-1.682146,3.487689
428,2.150000,1.507066,-1.641519,3.590784
428,2.200000,1.426135,-1.594812,3.686954
428,2.250000,1.347667,-1.543180,3.776721
428,2.300000,1.271881,-1.487686,3.860573
428,2.350000,1.198946,-1.429297,3.938959
428,2.400000,1.128985,-1.368882,4.012288
428,2.450000,1.062079,-1.307212,4.080933
428,2.500000,0.998273,-1.244964,4.145227
428,2.550000,0.937582,-1.182724,4.205473
428,2.600000,0.879992,-1.120993,4.261939
428,2.650000,0.825467,-1.060193,4.314871
428,2.700000,0.773952,-1.000672,4.364488
428,2.750000,0.725374,-0.942715,4.410991
428,2.800000,0.679650,-0.886546,4.454561
428,2.850000,0.636687,-0.832337,4.495366
428,2.900000,0.596382,-0.780215,4.533561
428,2.950000,0.558629,-0.730267,4.569291
428,3.000000,0.523318,-0.682544,4.602691
428,3.050000,0.490337,-0.637070,4.633888
428,3.100000,0.459574,-0.593843,4.663001
428,3.150000,0.430916,-0.552839,4.690146
428,3.200000,0.404253,-0.514020,4.715430
428,3.250000,0.379478,-0.477334,4.738956
428,3.300000,0.356485,-0.442717,4.760823
428,3.350000,0.335173,-0.410097,4.781125
428,3.400000,0.315444,-0.379397,4.799951
428,3.450000,0.297203,-0.350536,4.817386
428,3.500000,0.280361,-0.323428,4.833511
428,3.550000,0.264832,-0.297988,4.848404
428,3.600000,0.250536,-0.274131,4.862137
428,3.650000,0.237394,-0.251770,4.874781
428,3.700000,0.225335,-0.230822,4.886400
428,3.750000,0.214290,-0.211205,4.897058
428,3.800000,0.204194,-0.192839,4.906814
428,3.850000,0.194986,-0.175646,4.915722
428,3.900000,0.186611,-0.159553,4.923834
428,3.950000,0.179014,-0.144489,4.931201
428,4.000000,0.172146,-0.130386,4.937867
428,4.050000,0.165960,-0.117178,4.943877
428,4.100000,0.160414,-0.104806,4.949270
428,4.150000,0.155467,-0.093211,4.954085
428,4.200000,0.151081,-0.082338,4.958356
428,4.250000,0.147222,-0.072135,4.962116
428,4.300000,0.143857,-0.062554,4.965396
428,4.350000,0.140957,-0.053548,4.968225
428,4.400000,0.138494,-0.045076,4.970629
428,4.450000,0.136441,-0.037096,4.972633
428,4.500000,0.134776,-0.029572,4.974258
428,4.550000,0.133477,-0.022467,4.975527
428,4.600000,0.132523,-0.015748,4.976459
428,4.650000,0.131896,-0.009386,4.977071
428,4.700000,0.131579,-0.003351,4.977381
428,4.750000,0.131556,0.002384,4.977404
428,4.800000,0.131813,0.007844,4.977153
428,4.850000,0.132336,0.013051,4.976641
428,4.900000,0.133114,0.018028,4.975882
428,4.950000,0.134136,0.022794,4.974884
428,5.000000,0.135391,0.027369,4.973658
428,5.050000,0.136870,0.031769,4.972214
428,5.100000,0.138565,0.036011,4.970560
428,5.150000,0.140468,0.040109,4.968702
428,5.200000,0.142574,0.044078,4.966648
428,5.250000,0.144874,0.047930,4.964405
428,5.300000,0.147365,0.051677,4.961977
428,5.350000,0.150040,0.055331,4.959369
428,5.400000,0.152897,0.058900,4.956587
428,5.450000,0.155929,0.062396,4.953635
428,5.500000,0.159135,0.065825,4.950515
428,5.550000,0.162511,0.069197,4.947231
428,5.600000,0.166054,0.072518,4.943786
428,5.650000,0.169762,0.075795,4.940183
428,5.700000,0.173633,0.079035,4.936424
428,5.750000,0.177665,0.082242,4.932510
428,5.800000,0.181856,0.085422,4.928444
428,5.850000,0.186207,0.088580,4.924226
428,5.900000,0.190714,0.091719,4.919859
428,5.950000,0.195378,0.094843,4.915342
428,6.000000,0.200198,0.097956,4.910678
428,6.050000,0.205174,0.101060,4.905866
428,6.100000,0.210304,0.104158,4.900908
428,6.150000,0.215589,0.107253,4.895804
428,6.200000,0.221029,0.110345,4.890553
428,6.250000,0.226624,0.113436,4.885158
428,6.300000,0.232373,0.116528,4.879617
428,6.350000,0.238277,0.119621,4.873931
428,6.400000,0.244335,0.122716,4.868100
428,6.450000,0.250548,0.125813,4.862125
428,6.500000,0.256917,0.128912,4.856005
428,6.550000,0.263440,0.132013,4.849740
428,6.600000,0.270118,0.135115,4.843332
428,6.650000,0.276951,0.138216,4.836779
428,6.700000,0.283939,0.141317,4.830082
428,6.750000,0.291083,0.144416,4.823242
428,6.800000,0.298381,0.147511,4.816259
428,6.850000,0.305834,0.150599,4.809132
428,6.900000,0.313441,0.153680,4.801864
428,6.950000,0.321202,0.156750,4.794453
428,7.000000,0.329116,0.159807,4.786902
428,7.050000,0.337182,0.162848,4.779210
428,7.100000,0.345400,0.165870,4.771379
428,7.150000,0.353769,0.168870,4.763409
428,7.200000,0.362287,0.171844,4.755303
428,7.250000,0.370953,0.174788,4.747060
428,7.300000,0.379765,0.177698,4.738684
428,7.350000,0.388722,0.180571,4.730175
428,7.400000,0.397821,0.183401,4.721534
428,7.450000,0.407061,0.186185,4.712766
428,7.500000,0.416439,0.188917,4.703870
428,7.550000,0.425952,0.191593,4.694851
428,7.600000,0.435597,0.194208,4.685710
428,7.650000,0.445372,0.196756,4.676450
428,7.700000,0.455272,0.199232,4.667074
428,7.750000,0.465294,0.201631,4.657586
428,7.800000,0.475433,0.203947,4.647990
428,7.850000,0.485687,0.206174,4.638287
428,7.900000,0.496049,0.208307,4.628484
428,7.950000,0.506516,0.210340,4.618583
428,8.000000,0.517081,0.212267,4.608590
428,8.050000,0.527741,0.214082,4.598508
428,8.100000,0.538488,0.215780,4.588343
428,8.150000,0.549317,0.217354,4.578101
428,8.200000,0.560221,0.218799,4.567785
428,8.250000,0.571194,0.220110,4.557403
428,8.300000,0.582230,0.221280,4.546959
428,8.350000,0.593320,0.222304,4.536461
428,8.400000,0.604457,0.223177,4.525914
428,8.450000,0.615635,0.223893,4.515324
428,8.500000,0.626844,0.224449,4.504700
428,8.550000,0.638077,0.224838,4.494047
428,8.600000,0.649325,0.225057,4.483374
428,8.650000,0.660580,0.225101,4.472687
428,8.700000,0.671832,0.224967,4.461995
428,8.750000,0.683073,0.224651,4.451305
428,8.800000,0.694294,0.224149,4.440625
428,8.850000,0.705485,0.223460,4.429964
428,8.900000,0.716637,0.222580,4.419330
428,8.950000,0.727740,0.221508,4.408732
428,9.000000,0.738784,0.220242,4.398178
428,9.050000,0.749761,0.218782,4.387677
428,9.100000,0.760659,0.217126,4.377238
428,9.150000,0.771470,0.215275,4.366870
428,9.200000,0.782184,0.213229,4.356583
428,9.250000,0.792790,0.210990,4.346384
428,9.300000,0.803279,0.208558,4.336284
428,9.350000,0.813643,0.205937,4.326291
428,9.400000,0.823870,0.203128,4.316415
428,9.450000,0.833952,0.200136,4.306664
428,9.500000,0.843881,0.196964,4.297048
428,9.550000,0.853646,0.193616,4.287575
428,9.600000,0.863239,0.190097,4.278253
428,9.650000,0.872653,0.186414,4.269092
428,9.700000,0.881878,0.182571,4.260100
428,9.750000,0.890907,0.178576,4.251284
428,9.800000,0.899733,0.174435,4.242653
428,9.850000,0.908349,0.170156,4.234214
428,9.900000,0.916747,0.165747,4.225975
428,9.950000,0.924921,0.161217,4.217941
428,10.000000,0.932866,0.156573,4.210120

429,0.000000,-0.893233,6.000000,6.000000
429,0.050000,-0.602368,5.643617,5.643617
429,0.100000,-0.328076,5.335052,5.335053
429,0.150000,-0.068253,5.063155,5.063156
429,0.200000,0.178694,4.818607,4.818609
429,0.250000,0.413932,4.593583,4.593585
429,0.300000,0.638267,4.381501,4.381503
429,0.350000,0.852205,4.176844,4.176847
429,0.400000,1.055999,3.975029,3.975031
429,0.450000,1.249693,3.772313,3.772315
429,0.500000,1.433165,3.565728,3.565730
429,0.550000,1.606163,3.353029,3.353031
429,0.600000,1.768340,3.132656,3.132658
429,0.650000,1.919285,2.903695,2.903697
429,0.700000,2.058561,2.665847,2.665848
429,0.750000,2.185726,2.419380,2.419381
429,0.800000,2.300368,2.165088,2.165088
429,0.850000,2.402125,1.904231,1.904229
429,0.900000,2.490709,1.638472,1.638466
429,0.950000,2.565924,1.369804,1.369792
429,1.000000,2.627678,1.100469,1.100445
429,1.050000,2.676000,0.832877,0.832824
429,1.100000,2.711037,0.569518,0.569377
429,1.150000,2.733064,0.312877,0.312354
429,1.200000,2.742477,0.065352,0.064864
429,1.250000,2.739789,-0.170814,0.178418
429,1.300000,2.725619,-0.393601,0.422122
429,1.350000,2.700681,-0.601259,0.661643
429,1.400000,2.665769,-0.792350,0.898944
429,1.450000,2.621741,-0.965769,1.131633
429,1.500000,2.569500,-1.120756,1.357853
429,1.550000,2.509980,-1.256893,1.576161
429,1.600000,2.444127,-1.374091,1.785469
429,1.650000,2.372883,-1.472567,1.985003
429,1.700000,2.297174,-1.552809,2.174278
429,1.750000,2.217894,-1.615548,2.353055
429,1.800000,2.135896,-1.661709,2.521312
429,1.850000,2.051982,-1.692376,2.679203
429,1.900000,1.966897,-1.708752,2.827024
429,1.950000,1.881324,-1.712116,2.965177
429,2.000000,1.795880,-1.703791,3.094141
429,2.050000,1.711117,-1.685111,3.214441
429,2.100000,1.627520,-1.657394,3.326626
429,2.150000,1.545507,-1.621919,3.431247
429,2.200000,1.465437,-1.579906,3.528847
429,2.250000,1.387606,-1.532505,3.619943
429,2.300000,1.312258,-1.480781,3.705024
429,2.350000,1.239584,-1.425714,3.784543
429,2.400000,1.169728,-1.368188,3.858916
429,2.450000,1.102792,-1.308998,3.928521
429,2.500000,1.038844,-1.248843,3.993701
429,2.550000,0.977914,-1.188339,4.054765
429,2.600000,0.920007,-1.128012,4.111990
429,2.650000,0.865102,-1.068315,4.165626
429,2.700000,0.813159,-1.009625,4.215900
429,2.750000,0.764118,-0.952253,4.263015
429,2.800000,0.717907,-0.896450,4.307158
429,2.850000,0.674443,-0.842414,4.348500
429,2.900000,0.633634,-0.790294,4.387197
429,2.950000,0.595380,-0.740200,4.423394
429,3.000000,0.559579,-0.692203,4.457229
429,3.050000,0.526124,-0.646344,4.488829
429,3.100000,0.494908,-0.602638,4.518313
429,3.150000,0.465824,-0.561077,4.545795
429,3.200000,0.438765,-0.521635,4.571384
429,3.250000,0.413626,-0.484272,4.595182
429,3.300000,0.390304,-0.448935,4.617287
429,3.350000,0.368700,-0.415560,4.637792
429,3.400000,0.348717,-0.384078,4.656786
429,3.450000,0.330262,-0.354415,4.674354
429,3.500000,0.313246,-0.326491,4.690577
429,3.550000,0.297585,-0.300227,4.705531
429,3.600000,0.283197,-0.275539,4.719290
429,3.650000,0.270006,-0.252346,4.731922
429,3.700000,0.257939,-0.230567,4.743495
429,3.750000,0.246927,-0.210122,4.754069
429,3.800000,0.236906,-0.190934,4.763704
429,3.850000,0.227814,-0.172926,4.772456
429,3.900000,0.219595,-0.156026,4.780376
429,3.950000,0.212195,-0.140163,4.787515
429,4.000000,0.205563,-0.125271,4.793918
429,4.050000,0.199652,-0.111284,4.799629
429,4.100000,0.194420,-0.098143,4.804689
429,4.150000,0.189825,-0.085789,4.809136
429,4.200000,0.185829,-0.074167,4.813005
429,4.250000,0.182397,-0.063226,4.816330
429,4.300000,0.179496,-0.052916,4.819142
429,4.350000,0.177096,-0.043192,4.821469
429,4.400000,0.175168,-0.034010,4.823339
429,4.450000,0.173686,-0.025329,4.824776
429,4.500000,0.172627,-0.017113,4.825804
429,4.550000,0.171968,-0.009324,4.826444
429,4.600000,0.171688,-0.001930,4.826715
429,4.650000,0.171769,0.005100,4.826637
429,4.700000,0.172192,0.011796,4.826226
429,4.750000,0.172943,0.018183,4.825497
429,4.800000,0.174006,0.024289,4.824466
429,4.850000,0.175368,0.030135,4.823145
429,4.900000,0.177016,0.035744,4.821547
429,4.950000,0.178938,0.041135,4.819682
429,5.000000,0.181126,0.046328,4.817562
429,5.050000,0.183568,0.051340,4.815195
429,5.100000,0.186257,0.056186,4.812590
429,5.150000,0.189184,0.060882,4.809756
429,5.200000,0.192343,0.065442,4.806699
429,5.250000,0.195727,0.069877,4.803425
429,5.300000,0.199329,0.074200,4.799942
429,5.350000,0.203145,0.078420,4.796254
429,5.400000,0.207169,0.082548,4.792366
429,5.450000,0.211398,0.086593,4.788283
429,5.500000,0.215827,0.090562,4.784010
429,5.550000,0.220453,0.094464,4.779549
429,5.600000,0.225273,0.098304,4.774904
429,5.650000,0.230283,0.102088,4.770079
429,5.700000,0.235481,0.105822,4.765076
429,5.750000,0.240864,0.109510,4.759897
429,5.800000,0.246431,0.113157,4.754546
429,5.850000,0.252179,0.116766,4.749024
429,5.900000,0.258107,0.120340,4.743334
429,5.950000,0.264213,0.123881,4.737477
429,6.000000,0.270495,0.127393,4.731454
429,6.050000,0.276951,0.130875,4.725269
429,6.100000,0.283582,0.134330,4.718922
429,6.150000,0.290384,0.137759,4.712415
429,6.200000,0.297357,0.141161,4.705749
429,6.250000,0.304500,0.144536,4.698926
429,6.300000,0.311810,0.147885,4.691947
429,6.350000,0.319288,0.151206,4.684814
429,6.400000,0.326930,0.154498,4.677529
429,6.450000,0.334737,0.157760,4.670092
429,6.500000,0.342706,0.160990,4.662506
429,6.550000,0.350835,0.164186,4.654771
429,6.600000,0.359124,0.167346,4.646891
429,6.650000,0.367569,0.170466,4.638866
429,6.700000,0.376170,0.173544,4.630699
429,6.750000,0.384923,0.176577,4.622392
429,6.800000,0.393827,0.179561,4.613947
429,6.850000,0.402878,0.182492,4.605366
429,6.900000,0.412075,0.185367,4.596652
429,6.950000,0.421414,0.188181,4.587807
429,7.000000,0.430892,0.190930,4.578835
429,7.050000,0.440506,0.193609,4.569738
429,7.100000,0.450252,0.196214,4.560519
429,7.150000,0.460126,0.198739,4.551182
429,7.200000,0.470124,0.201179,4.541731
429,7.250000,0.480242,0.203530,4.532169
429,7.300000,0.490476,0.205785,4.522500
429,7.350000,0.500819,0.207940,4.512729
429,7.400000,0.511268,0.209989,4.502860
429,7.450000,0.521816,0.211927,4.492897
429,7.500000,0.532458,0.213747,4.482846
429,7.550000,0.543189,0.215445,4.472711
429,7.600000,0.554001,0.217014,4.462498
429,7.650000,0.564888,0.218450,4.452213
429,7.700000,0.575844,0.219746,4.441861
429,7.750000,0.586860,0.220898,4.431449
429,7.800000,0.597931,0.221900,4.420982
429,7.850000,0.609048,0.222748,4.410468
429,7.900000,0.620203,0.223435,4.399912
429,7.950000,0.631388,0.223958,4.389323
429,8.000000,0.642596,0.224311,4.378707
429,8.050000,0.653817,0.224492,4.368071
429,8.100000,0.665042,0.224495,4.357423
429,8.150000,0.676263,0.224317,4.346772
429,8.200000,0.687471,0.223955,4.336124
429,8.250000,0.698656,0.223406,4.325488
429,8.300000,0.709808,0.222668,4.314874
429,8.350000,0.720919,0.221737,4.304288
429,8.400000,0.731979,0.220613,4.293739
429,8.450000,0.742977,0.219294,4.283237
429,8.500000,0.753905,0.217779,4.272790
429,8.550000,0.764752,0.216069,4.262408
429,8.600000,0.775508,0.214163,4.252099
429,8.650000,0.786165,0.212063,4.241871
429,8.700000,0.796712,0.209769,4.231736
429,8.750000,0.807139,0.207283,4.221700
429,8.800000,0.817437,0.204608,4.211775
429,8.850000,0.827596,0.201746,4.201968
429,8.900000,0.837608,0.198702,4.192288
429,8.950000,0.847464,0.195480,4.182745
429,9.000000,0.857153,0.192083,4.173347
429,9.050000,0.866669,0.188517,4.164103
429,9.100000,0.876002,0.184789,4.155021
429,9.150000,0.885145,0.180903,4.146110
429,9.200000,0.894090,0.176867,4.137377
429,9.250000,0.902830,0.172688,4.128831
429,9.300000,0.911357,0.168374,4.120478
429,9.350000,0.919665,0.163932,4.112326
429,9.400000,0.927748,0.159371,4.104381
429,9.450000,0.935600,0.154701,4.096651
429,9.500000,0.943216,0.149930,4.089141
429,9.550000,0.950592,0.145067,4.081856
429,9.600000,0.957722,0.140123,4.074803
429,9.650000,0.964603,0.135107,4.067985
429,9.700000,0.971231,0.130030,4.061407
429,9.750000,0.977605,0.124902,4.055072
429,9.800000,0.983721,0.119733,4.048985
429,9.850000,0.989578,0.114533,4.043147
429,9.900000,0.995174,0.109314,4.037561
429,9.950000,1.000509,0.104086,4.032229
429,10.000000,1.005583,0.098858,4.027152

430,0.000000,-0.965414,6.000000,6.000000
430,0.050000,-0.674785,5.634587,5.634587
430,0.100000,-0.401120,5.319378,5.319379
430,0.150000,-0.142202,5.042995,5.042997
430,0.200000,0.103667,4.795946,4.795948
430,0.250000,0.337748,4.570262,4.570264
430,0.300000,0.560937,4.359242,4.359244
430,0.350000,0.773822,4.157253,4.157255
430,0.400000,0.976734,3.959596,3.959599
430,0.450000,1.169789,3.762407,3.762410
430,0.500000,1.352931,3.562580,3.562582
430,0.550000,1.525963,3.357714,3.357717
430,0.600000,1.688589,3.146078,3.146080
430,0.650000,1.840439,2.926566,2.926568
430,0.700000,1.981105,2.698669,2.698671
430,0.750000,2.110167,2.462437,2.462438
430,0.800000,2.227219,2.218431,2.218431
430,0.850000,2.331897,1.967680,1.967679
430,0.900000,2.423898,1.711618,1.711615
430,0.950000,2.503000,1.452022,1.452014
430,1.000000,2.569076,1.190934,1.190918
430,1.050000,2.622106,0.930590,0.930555
430,1.100000,2.662186,0.673334,0.673251
430,1.150000,2.689530,0.421540,0.421286
430,1.200000,2.704470,0.177535,0.176364
430,1.250000,2.707451,-0.056473,0.053092
430,1.300000,2.699024,-0.278463,0.354530
430,1.350000,2.679835,-0.486646,0.564141
430,1.400000,2.650615,-0.679513,0.785817
430,1.450000,2.612159,-0.855861,1.008492
430,1.500000,2.565319,-1.014809,1.227788
430,1.550000,2.510978,-1.155803,1.441230
430,1.600000,2.450042,-1.278605,1.647192
430,1.650000,2.383420,-1.383278,1.844560
430,1.700000,2.312011,-1.470160,2.032600
430,1.750000,2.236691,-1.539831,2.210879
430,1.800000,2.158302,-1.593080,2.379211
430,1.850000,2.077641,-1.630863,2.537616
430,1.900000,1.995455,-1.654269,2.686273
430,1.950000,1.912434,-1.664481,2.825488
430,2.000000,1.829207,-1.662739,2.955661
430,2.050000,1.746339,-1.650310,3.077252
430,2.100000,1.664333,-1.628463,3.190761
430,2.150000,1.583629,-1.598439,3.296701
430,2.200000,1.504605,-1.561434,3.395588
430,2.250000,1.427583,-1.518586,3.487921
430,2.300000,1.352826,-1.470958,3.574177
430,2.350000,1.280550,-1.419535,3.654804
430,2.400000,1.210921,-1.365216,3.730217
430,2.450000,1.144063,-1.308810,3.800794
430,2.500000,1.080062,-1.251043,3.866883
430,2.550000,1.018971,-1.192552,3.928795
430,2.600000,0.960810,-1.133893,3.986814
430,2.650000,0.905576,-1.075544,4.041194
430,2.700000,0.853244,-1.017911,4.092166
430,2.750000,0.803767,-0.961334,4.139937
430,2.800000,0.757088,-0.906089,4.184697
430,2.850000,0.713133,-0.852400,4.226619
430,2.900000,0.671819,-0.800442,4.265862
430,2.950000,0.633057,-0.750345,4.302573
430,3.000000,0.596752,-0.702203,4.336889
430,3.050000,0.562804,-0.656076,4.368938
430,3.100000,0.531110,-0.611996,4.398841
430,3.150000,0.501570,-0.569972,4.426710
430,3.200000,0.474079,-0.529993,4.452654
430,3.250000,0.448537,-0.492028,4.476775
430,3.300000,0.424843,-0.456039,4.499170
430,3.350000,0.402901,-0.421970,4.519932
430,3.400000,0.382615,-0.389763,4.539150
430,3.450000,0.363895,-0.359349,4.556908
430,3.500000,0.346652,-0.330656,4.573286
430,3.550000,0.330802,-0.303609,4.588361
430,3.600000,0.316265,-0.278132,4.602206
430,3.650000,0.302964,-0.254146,4.614890
430,3.700000,0.290826,-0.231574,4.626479
430,3.750000,0.279784,-0.210339,4.637035
430,3.800000,0.269771,-0.190365,4.646617
430,3.850000,0.260728,-0.171578,4.655282
430,3.900000,0.252595,-0.153909,4.663082
430,3.950000,0.245319,-0.137286,4.670066
430,4.000000,0.238850,-0.121645,4.676281
430,4.050000,0.233140,-0.106921,4.681772
430,4.100000,0.228144,-0.093054,4.686578
430,4.150000,0.223821,-0.079987,4.690740
430,4.200000,0.220133,-0.067665,4.694293
430,4.250000,0.217043,-0.056037,4.697270
430,4.300000,0.214518,-0.045052,4.699704
430,4.350000,0.212528,-0.034666,4.701623
430,4.400000,0.211042,-0.024836,4.703056
430,4.450000,0.210035,-0.015519,4.704027
430,4.500000,0.209482,-0.006679,4.704561
430,4.550000,0.209360,0.001720,4.704678
430,4.600000,0.209648,0.009712,4.704401
430,4.650000,0.210325,0.017328,4.703748
430,4.700000,0.211375,0.024598,4.702735
430,4.750000,0.212780,0.031547,4.701380
430,4.800000,0.214524,0.038201,4.699698
430,4.850000,0.216595,0.044585,4.697701
430,4.900000,0.218979,0.050718,4.695404
430,4.950000,0.221663,0.056622,4.692818
430,5.000000,0.224637,0.062315,4.689954
430,5.050000,0.227891,0.067813,4.686821
430,5.100000,0.231416,0.073134,4.683430
430,5.150000,0.235202,0.078291,4.679788
430,5.200000,0.239242,0.083297,4.675904
430,5.250000,0.243530,0.088166,4.671785
430,5.300000,0.248057,0.092907,4.667438
430,5.350000,0.252818,0.097531,4.662868
430,5.400000,0.257808,0.102047,4.658081
430,5.450000,0.263021,0.106463,4.653084
430,5.500000,0.268453,0.110787,4.647880
430,5.550000,0.274098,0.115025,4.642475
430,5.600000,0.279954,0.119183,4.636872
430,5.650000,0.286016,0.123266,4.631076
430,5.700000,0.292279,0.127279,4.625090
430,5.750000,0.298742,0.131225,4.618919
430,5.800000,0.305401,0.135107,4.612564
430,5.850000,0.312252,0.138928,4.606030
430,5.900000,0.319293,0.142690,4.599320
430,5.950000,0.326520,0.146394,4.592437
430,6.000000,0.333931,0.150041,4.585383
430,6.050000,0.341523,0.153632,4.578161
430,6.100000,0.349293,0.157166,4.570775
430,6.150000,0.357239,0.160644,4.563227
430,6.200000,0.365357,0.164063,4.555520
430,6.250000,0.373644,0.167424,4.547657
430,6.300000,0.382098,0.170724,4.539640
430,6.350000,0.390715,0.173961,4.531473
430,6.400000,0.399493,0.177133,4.523159
430,6.450000,0.408428,0.180236,4.514701
430,6.500000,0.417516,0.183269,4.506101
430,6.550000,0.426753,0.186228,4.497364
430,6.600000,0.436137,0.189109,4.488492
430,6.650000,0.445663,0.191908,4.479490
430,6.700000,0.455326,0.194621,4.470361
430,6.750000,0.465123,0.197245,4.461109
430,6.800000,0.475049,0.199774,4.451738
430,6.850000,0.485099,0.202204,4.442252
430,6.900000,0.495268,0.204529,4.432656
430,6.950000,0.505550,0.206747,4.422955
430,7.000000,0.515941,0.208850,4.413152
430,7.050000,0.526433,0.210835,4.403253
430,7.100000,0.537022,0.212695,4.393264
430,7.150000,0.547701,0.214426,4.383189
430,7.200000,0.558462,0.216023,4.373035
430,7.250000,0.569301,0.217480,4.362807
430,7.300000,0.580208,0.218793,4.352511
430,7.350000,0.591177,0.219956,4.342154
430,7.400000,0.602201,0.220965,4.331742
430,7.450000,0.613271,0.221814,4.321282
430,7.500000,0.624380,0.222499,4.310780
430,7.550000,0.635518,0.223015,4.300245
430,7.600000,0.646678,0.223359,4.289683
430,7.650000,0.657851,0.223527,4.279101
430,7.700000,0.669028,0.223514,4.268508
430,7.750000,0.680200,0.223317,4.257912
430,7.800000,0.691357,0.222934,4.247320
430,7.850000,0.702490,0.222361,4.236742
430,7.900000,0.713590,0.221597,4.226184
430,7.950000,0.724646,0.220639,4.215656
430,8.000000,0.735650,0.219486,4.205167
430,8.050000,0.746592,0.218137,4.194726
430,8.100000,0.757461,0.216591,4.184340
430,8.150000,0.768247,0.214849,4.174021
430,8.200000,0.778942,0.212911,4.163775
430,8.250000,0.789535,0.210778,4.153613
430,8.300000,0.800017,0.208451,4.143544
430,8.350000,0.810377,0.205932,4.133576
430,8.400000,0.820607,0.203225,4.123719
430,8.450000,0.830697,0.200332,4.113982
430,8.500000,0.840637,0.197257,4.104373
430,8.550000,0.850419,0.194005,4.094903
430,8.600000,0.860035,0.190579,4.085579
430,8.650000,0.869474,0.186986,4.076409
430,8.700000,0.878731,0.183231,4.067403
430,8.750000,0.887795,0.179321,4.058569
430,8.800000,0.896660,0.175263,4.049914
430,8.850000,0.905319,0.171064,4.041446
430,8.900000,0.913764,0.166731,4.033173
430,8.950000,0.921990,0.162273,4.025101
430,9.000000,0.929990,0.157699,4.017238
430,9.050000,0.937758,0.153017,4.009589
430,9.100000,0.945290,0.148237,4.002160
430,9.150000,0.952580,0.143369,3.994958
430,9.200000,0.959625,0.138421,3.987987
430,9.250000,0.966421,0.133404,3.981252
430,9.300000,0.972965,0.128329,3.974757
430,9.350000,0.979253,0.123205,3.968505
430,9.400000,0.985285,0.118044,3.962500
430,9.450000,0.991057,0.112854,3.956745
430,9.500000,0.996570,0.107648,3.951241
430,9.550000,1.001822,0.102435,3.945990
430,9.600000,1.006813,0.097225,3.940993
430,9.650000,1.011545,0.092030,3.936251
430,9.700000,1.016017,0.086858,3.931763
430,9.750000,1.020231,0.081720,3.927529
430,9.800000,1.024189,0.076625,3.923547
430,9.850000,1.027894,0.071583,3.919817
430,9.900000,1.031349,0.066602,3.916336
430,9.950000,1.034556,0.061692,3.913101
430,10.000000,1.037519,0.056861,3.910109

431,0.000000,-1.037594,6.000000,6.000000
431,0.050000,-0.747215,5.625046,5.625047
431,0.100000,-0.474215,5.302700,5.302701
431,0.150000,-0.216263,5.021348,5.021350
431,0.200000,0.028441,4.771319,4.771322
431,0.250000,0.261255,4.544506,4.544509
431,0.300000,0.483164,4.334086,4.334089
431,0.350000,0.694841,4.134320,4.134322
431,0.400000,0.896693,3.940399,3.940402
431,0.450000,1.088911,3.748345,3.748348
431,0.500000,1.271505,3.554924,3.554927
431,0.550000,1.444338,3.357594,3.357596
431,0.600000,1.607167,3.154460,3.154462
431,0.650000,1.759666,2.944237,2.944239
431,0.700000,1.901460,2.726217,2.726219
431,0.750000,2.032154,2.500238,2.500239
431,0.800000,2.151357,2.266637,2.266638
431,0.850000,2.258704,2.026215,2.026214
431,0.900000,2.353884,1.780177,1.780175
431,0.950000,2.436654,1.530079,1.530074
431,1.000000,2.506855,1.277759,1.277749
431,1.050000,2.564427,1.025267,1.025245
431,1.100000,2.609416,0.774791,0.774741
431,1.150000,2.641977,0.528577,0.528444
431,1.200000,2.662382,0.288862,0.288366
431,1.250000,2.671008,0.057799,0.057606
431,1.300000,2.668340,-0.162606,0.171360
431,1.350000,2.654955,-0.370546,0.397904
431,1.400000,2.631519,-0.564459,0.621648
431,1.450000,2.598765,-0.743058,0.843537
431,1.500000,2.557485,-0.905356,1.061348
431,1.550000,2.508513,-1.050671,1.273368
431,1.600000,2.452708,-1.178625,1.478266
431,1.650000,2.390942,-1.289134,1.675030
431,1.700000,2.324083,-1.382383,1.862932
431,1.750000,2.252984,-1.458805,2.041499
431,1.800000,2.178472,-1.519045,2.210486
431,1.850000,2.101336,-1.563928,2.369838
431,1.900000,2.022319,-1.594423,2.519665
431,1.950000,1.942115,-1.611605,2.660205
431,2.000000,1.861361,-1.616625,2.791798
431,2.050000,1.780636,-1.610675,2.914855
431,2.100000,1.700457,-1.594962,3.029833
431,2.150000,1.621282,-1.570683,3.137216
431,2.200000,1.543512,-1.539002,3.237496
431,2.250000,1.467487,-1.501037,3.331156
431,2.300000,1.393495,-1.457842,3.418664
431,2.350000,1.321773,-1.410402,3.500466
431,2.400000,1.252511,-1.359622,3.576974
431,2.450000,1.185853,-1.306328,3.648572
431,2.500000,1.121907,-1.251262,3.715609
431,2.550000,1.060745,-1.195085,3.778405
431,2.600000,1.002408,-1.138378,3.837247
431,2.650000,0.946908,-1.081645,3.892397
431,2.700000,0.894236,-1.025319,3.944089
431,2.750000,0.844363,-0.969767,3.992538
431,2.800000,0.797242,-0.915293,4.037935
431,2.850000,0.752812,-0.862147,4.080459
431,2.900000,0.711001,-0.810528,4.120270
431,2.950000,0.671731,-0.760591,4.157517
431,3.000000,0.634912,-0.712451,4.192339
431,3.050000,0.600454,-0.666188,4.224865
431,3.100000,0.568261,-0.621853,4.255214
431,3.150000,0.538236,-0.579473,4.283502
431,3.200000,0.510281,-0.539050,4.309834
431,3.250000,0.484299,-0.500571,4.334314
431,3.300000,0.460192,-0.464006,4.357038
431,3.350000,0.437867,-0.429313,4.378099
431,3.400000,0.417231,-0.396442,4.397585
431,3.450000,0.398194,-0.365334,4.415579
431,3.500000,0.380669,-0.335923,4.432161
431,3.550000,0.364574,-0.308142,4.447409
431,3.600000,0.349829,-0.281919,4.461394
431,3.650000,0.336358,-0.257181,4.474186
431,3.700000,0.324087,-0.233854,4.485851
431,3.750000,0.312950,-0.211865,4.496450
431,3.800000,0.302880,-0.191142,4.506043
431,3.850000,0.293816,-0.171613,4.514687
431,3.900000,0.285700,-0.153209,4.522433
431,3.950000,0.278477,-0.135863,4.529332
431,4.000000,0.272097,-0.119509,4.535432
431,4.050000,0.266511,-0.104086,4.540776
431,4.100000,0.261674,-0.089533,4.545406
431,4.150000,0.257544,-0.075794,4.549361
431,4.200000,0.254082,-0.062814,4.552678
431,4.250000,0.251251,-0.050543,4.555392
431,4.300000,0.249016,-0.038932,4.557534
431,4.350000,0.247347,-0.027934,4.559135
431,4.400000,0.246214,-0.017508,4.560223
431,4.450000,0.245588,-0.007611,4.560823
431,4.500000,0.245444,0.001793,4.560961
431,4.550000,0.245759,0.010741,4.560658
431,4.600000,0.246511,0.019266,4.559937
431,4.650000,0.247679,0.027399,4.558817
431,4.700000,0.249245,0.035169,4.557315
431,4.750000,0.251191,0.042603,4.555450
431,4.800000,0.253500,0.049726,4.553236
431,4.850000,0.256158,0.056561,4.550688
431,4.900000,0.259152,0.063131,4.547821
431,4.950000,0.262467,0.069454,4.544646
431,5.000000,0.266093,0.075549,4.541175
431,5.050000,0.270019,0.081433,4.537419
431,5.100000,0.274234,0.087122,4.533389
431,5.150000,0.278728,0.092628,4.529093
431,5.200000,0.283494,0.097967,4.524540
431,5.250000,0.288522,0.103148,4.519738
431,5.300000,0.293806,0.108183,4.514696
431,5.350000,0.299338,0.113081,4.509420
431,5.400000,0.305112,0.117851,4.503916
431,5.450000,0.311121,0.122500,4.498191
431,5.500000,0.317360,0.127036,4.492251
431,5.550000,0.323823,0.131463,4.486102
431,5.600000,0.330505,0.135787,4.479749
431,5.650000,0.337400,0.140012,4.473196
431,5.700000,0.344504,0.144143,4.466449
431,5.750000,0.351813,0.148181,4.459512
431,5.800000,0.359321,0.152130,4.452390
431,5.850000,0.367024,0.155990,4.445087
431,5.900000,0.374918,0.159763,4.437607
431,5.950000,0.382999,0.163449,4.429956
431,6.000000,0.391262,0.167049,4.422136
431,6.050000,0.399702,0.170561,4.414152
431,6.100000,0.408316,0.173986,4.406008
431,6.150000,0.417100,0.177322,4.397709
431,6.200000,0.426047,0.180566,4.389258
431,6.250000,0.435155,0.183717,4.380659
431,6.300000,0.444417,0.186773,4.371918
431,6.350000,0.453830,0.189730,4.363039
431,6.400000,0.463389,0.192586,4.354025
431,6.450000,0.473087,0.195336,4.344881
431,6.500000,0.482920,0.197978,4.335613
431,6.550000,0.492883,0.200508,4.326225
431,6.600000,0.502969,0.202921,4.316723
431,6.650000,0.513173,0.205214,4.307110
431,6.700000,0.523489,0.207381,4.297393
431,6.750000,0.533909,0.209419,4.287578
431,6.800000,0.544428,0.211323,4.277669
431,6.850000,0.555039,0.213088,4.267673
431,6.900000,0.565735,0.214709,4.257595
431,6.950000,0.576508,0.216183,4.247443
431,7.000000,0.587350,0.217504,4.237222
431,7.050000,0.598255,0.218668,4.226939
431,7.100000,0.609214,0.219670,4.216601
431,7.150000,0.620220,0.220507,4.206214
431,7.200000,0.631262,0.221173,4.195787
431,7.250000,0.642334,0.221665,4.185327
431,7.300000,0.653426,0.221980,4.174840
431,7.350000,0.664529,0.222112,4.164335
431,7.400000,0.675634,0.222060,4.153821
431,7.450000,0.686732,0.221821,4.143304
431,7.500000,0.697813,0.221391,4.132793
431,7.550000,0.708868,0.220768,4.122297
431,7.600000,0.719886,0.219951,4.111824
431,7.650000,0.730859,0.218937,4.101384
431,7.700000,0.741777,0.217727,4.090984
431,7.750000,0.752629,0.216319,4.080633
431,7.800000,0.763406,0.214713,4.070342
431,7.850000,0.774097,0.212910,4.060118
431,7.900000,0.784693,0.210909,4.049971
431,7.950000,0.795185,0.208714,4.039910
431,8.000000,0.805561,0.206325,4.029944
431,8.050000,0.815814,0.203746,4.020082
431,8.100000,0.825933,0.200978,4.010334
431,8.150000,0.835909,0.198026,4.000708
431,8.200000,0.845732,0.194893,3.991213
431,8.250000,0.855395,0.191585,3.981859
431,8.300000,0.864888,0.188106,3.972653
431,8.350000,0.874203,0.184462,3.963604
431,8.400000,0.883332,0.180659,3.954721
431,8.450000,0.892266,0.176704,3.946012
431,8.500000,0.901000,0.172604,3.937484
431,8.550000,0.909524,0.168366,3.929145
431,8.600000,0.917834,0.163999,3.921002
431,8.650000,0.925922,0.159511,3.913062
431,8.700000,0.933783,0.154910,3.905333
431,8.750000,0.941412,0.150206,3.897819
431,8.800000,0.948802,0.145408,3.890526
431,8.850000,0.955951,0.140526,3.883461
431,8.900000,0.962854,0.135570,3.876628
431,8.950000,0.969507,0.130549,3.870031
431,9.000000,0.975908,0.125475,3.863674
431,9.050000,0.982054,0.120356,3.857561
431,9.100000,0.987943,0.115205,3.851694
431,9.150000,0.993574,0.110031,3.846076
431,9.200000,0.998946,0.104844,3.840710
431,9.250000,1.004058,0.099655,3.835595
431,9.300000,1.008911,0.094474,3.830734
431,9.350000,1.013506,0.089312,3.826126
431,9.400000,1.017843,0.084177,3.821770
431,9.450000,1.021924,0.079081,3.817668
431,9.500000,1.025752,0.074032,3.813815
431,9.550000,1.029328,0.069039,3.810212
431,9.600000,1.032657,0.064112,3.806856
431,9.650000,1.035741,0.059259,3.803743
431,9.700000,1.038584,0.054487,3.800871
431,9.750000,1.041191,0.049805,3.798236
431,9.800000,1.043566,0.045220,3.795833
431,9.850000,1.045715,0.040739,3.793658
431,9.900000,1.047642,0.036368,3.791706
431,9.950000,1.049353,0.032113,3.789972
431,10.000000,1.050855,0.027979,3.788449

432,0.000000,-1.109774,6.000000,6.000000
432,0.050000,-0.819657,5.614996,5.614997
432,0.100000,-0.547360,5.285017,5.285019
432,0.150000,-0.290437,4.998210,4.998212
432,0.200000,-0.046985,4.744722,4.744724
432,0.250000,0.184452,4.516304,4.516306
432,0.300000,0.404947,4.306016,4.306019
432,0.350000,0.615258,4.108015,4.108018
432,0.400000,0.815871,3.917393,3.917396
432,0.450000,1.007051,3.730064,3.730066
432,0.500000,1.188876,3.542676,3.542679
432,0.550000,1.361273,3.352557,3.352560
432,0.600000,1.524052,3.157661,3.157663
432,0.650000,1.676935,2.956534,2.956536
432,0.700000,1.819586,2.748282,2.748284
432,0.750000,1.951638,2.532537,2.532539
432,0.800000,2.072717,2.309422,2.309424
432,0.850000,2.182467,2.079514,2.079514
432,0.900000,2.280571,1.843791,1.843791
432,0.950000,2.366771,1.603589,1.603586
432,1.000000,2.440882,1.360534,1.360528
432,1.050000,2.502808,1.116484,1.116470
432,1.100000,2.552548,0.873454,0.873424
432,1.150000,2.590206,0.633553,0.633480
432,1.200000,2.615991,0.398909,0.398683
432,1.250000,2.630219,0.171600,0.170565
432,1.300000,2.633306,-0.046402,0.043110
432,1.350000,2.625764,-0.253289,0.340611
432,1.400000,2.608189,-0.447467,0.529588
432,1.450000,2.581252,-0.627582,0.733324
432,1.500000,2.545684,-0.792556,0.939521
432,1.550000,2.502263,-0.941592,1.143456
432,1.600000,2.451799,-1.074181,1.342572
432,1.650000,2.395123,-1.190096,1.535227
432,1.700000,2.333067,-1.289376,1.720310
432,1.750000,2.266458,-1.372304,1.897075
432,1.800000,2.196101,-1.439383,2.065067
432,1.850000,2.122773,-1.491299,2.224062
432,1.900000,2.047210,-1.528895,2.374027
432,1.950000,1.970106,-1.553133,2.515080
432,2.000000,1.892102,-1.565065,2.647459
432,2.050000,1.813786,-1.565798,2.771492
432,2.100000,1.735690,-1.556470,2.887568
432,2.150000,1.658288,-1.538223,2.996116
432,2.200000,1.581998,-1.512181,3.097586
432,2.250000,1.507181,-1.479432,3.192432
432,2.300000,1.434149,-1.441015,3.281100
432,2.350000,1.363158,-1.397908,3.364019
432,2.400000,1.294421,-1.351019,3.441593
432,2.450000,1.228105,-1.301182,3.514202
432,2.500000,1.164339,-1.249154,3.582195
432,2.550000,1.103215,-1.195615,3.645892
432,2.600000,1.044793,-1.141168,3.705584
432,2.650000,0.989104,-1.086343,3.761534
432,2.700000,0.936157,-1.031598,3.813982
432,2.750000,0.885937,-0.977327,3.863146
432,2.800000,0.838411,-0.923861,3.909221
432,2.850000,0.793532,-0.871476,3.952387
432,2.900000,0.751242,-0.820396,3.992808
432,2.950000,0.711468,-0.770801,4.030635
432,3.000000,0.674134,-0.722828,4.066008
432,3.050000,0.639157,-0.676579,4.099055
432,3.100000,0.606447,-0.632125,4.129898
432,3.150000,0.575913,-0.589510,4.158651
432,3.200000,0.547465,-0.548754,4.185421
432,3.250000,0.521007,-0.509857,4.210311
432,3.300000,0.496448,-0.472804,4.233416
432,3.350000,0.473696,-0.437566,4.254829
432,3.400000,0.452662,-0.404102,4.274638
432,3.450000,0.433257,-0.372362,4.292925
432,3.500000,0.415398,-0.342291,4.309770
432,3.550000,0.399001,-0.313828,4.325250
432,3.600000,0.383989,-0.286907,4.339436
432,3.650000,0.370286,-0.261460,4.352399
432,3.700000,0.357820,-0.237420,4.364203
432,3.750000,0.346522,-0.214717,4.374911
432,3.800000,0.336327,-0.193281,4.384583
432,3.850000,0.327174,-0.173045,4.393274
432,3.900000,0.319004,-0.153941,4.401037
432,3.950000,0.311762,-0.135905,4.407924
432,4.000000,0.305396,-0.118874,4.413982
432,4.050000,0.299859,-0.102785,4.419255
432,4.100000,0.295103,-0.087582,4.423786
432,4.150000,0.291087,-0.073207,4.427614
432,4.200000,0.287770,-0.059608,4.430777
432,4.250000,0.285114,-0.046734,4.433310
432,4.300000,0.283085,-0.034537,4.435246
432,4.350000,0.281650,-0.022971,4.436616
432,4.400000,0.280778,-0.011993,4.437448
432,4.450000,0.280441,-0.001564,4.437769
432,4.500000,0.280613,0.008355,4.437605
432,4.550000,0.281269,0.017799,4.436979
432,4.600000,0.282386,0.026801,4.435914
432,4.650000,0.283942,0.035393,4.434428
432,4.700000,0.285919,0.043603,4.432543
432,4.750000,0.288296,0.051458,4.430275
432,4.800000,0.291059,0.058983,4.427641
432,4.850000,0.294190,0.066202,4.424656
432,4.900000,0.297674,0.073134,4.421336
432,4.950000,0.301499,0.079801,4.417693
432,5.000000,0.305650,0.086220,4.413740
432,5.050000,0.310117,0.092407,4.409489
432,5.100000,0.314887,0.098378,4.404951
432,5.150000,0.319951,0.104147,4.400137
432,5.200000,0.325299,0.109726,4.395055
432,5.250000,0.330921,0.115126,4.389715
432,5.300000,0.336809,0.120358,4.384126
432,5.350000,0.342954,0.125430,4.378295
432,5.400000,0.349349,0.130351,4.372231
432,5.450000,0.355987,0.135127,4.365940
432,5.500000,0.362860,0.139766,4.359430
432,5.550000,0.369961,0.144272,4.352707
432,5.600000,0.377285,0.148649,4.345777
432,5.650000,0.384824,0.152902,4.338648
432,5.700000,0.392573,0.157033,4.331323
432,5.750000,0.400525,0.161045,4.323811
432,5.800000,0.408675,0.164940,4.316115
432,5.850000,0.417017,0.168717,4.308242
432,5.900000,0.425545,0.172379,4.300197
432,5.950000,0.434253,0.175925,4.291986
432,6.000000,0.443136,0.179354,4.283613
432,6.050000,0.452187,0.182666,4.275085
432,6.100000,0.461400,0.185859,4.266407
432,6.150000,0.470770,0.188930,4.257584
432,6.200000,0.480291,0.191879,4.248622
432,6.250000,0.489956,0.194703,4.239525
432,6.300000,0.499759,0.197398,4.230301
432,6.350000,0.509694,0.199962,4.220954
432,6.400000,0.519753,0.202391,4.211490
432,6.450000,0.529931,0.204683,4.201916
432,6.500000,0.540219,0.206832,4.192238
432,6.550000,0.550612,0.208836,4.182461
432,6.600000,0.561100,0.210691,4.172592
432,6.650000,0.571678,0.212393,4.162637
432,6.700000,0.582337,0.213937,4.152604
432,6.750000,0.593069,0.215320,4.142499
432,6.800000,0.603866,0.216537,4.132329
432,6.850000,0.614720,0.217586,4.122101
432,6.900000,0.625622,0.218461,4.111823
432,6.950000,0.636563,0.219160,4.101502
432,7.000000,0.647535,0.219679,4.091146
432,7.050000,0.658528,0.220015,4.080762
432,7.100000,0.669533,0.220164,4.070359
432,7.150000,0.680541,0.220123,4.059945
432,7.200000,0.691542,0.219891,4.049529
432,7.250000,0.702527,0.219465,4.039117
432,7.300000,0.713486,0.218842,4.028720
432,7.350000,0.724408,0.218022,4.018347
432,7.400000,0.735285,0.217004,4.008004
432,7.450000,0.746105,0.215786,3.997703
432,7.500000,0.756860,0.214368,3.987451
432,7.550000,0.767539,0.212752,3.977258
432,7.600000,0.778132,0.210936,3.967134
432,7.650000,0.788629,0.208923,3.957086
432,7.700000,0.799021,0.206714,3.947125
432,7.750000,0.809297,0.204311,3.937259
432,7.800000,0.819449,0.201717,3.927497
432,7.850000,0.829466,0.198936,3.917850
432,7.900000,0.839339,0.195970,3.908325
432,7.950000,0.849060,0.192825,3.898932
432,8.000000,0.858619,0.189505,3.889679
432,8.050000,0.868007,0.186016,3.880576
432,8.100000,0.877217,0.182363,3.871630
432,8.150000,0.886241,0.178552,3.862849
432,8.200000,0.895070,0.174591,3.854243
432,8.250000,0.903698,0.170488,3.845818
432,8.300000,0.912117,0.166248,3.837583
432,8.350000,0.920320,0.161881,3.829543
432,8.400000,0.928303,0.157396,3.821707
432,8.450000,0.936058,0.152801,3.814080
432,8.500000,0.943581,0.148104,3.806668
432,8.550000,0.950867,0.143317,3.799478
432,8.600000,0.957912,0.138448,3.792515
432,8.650000,0.964711,0.133507,3.785782
432,8.700000,0.971261,0.128505,3.779285
432,8.750000,0.977560,0.123451,3.773028
432,8.800000,0.983606,0.118357,3.767013
432,8.850000,0.989396,0.113232,3.761244
432,8.900000,0.994929,0.108086,3.755722
432,8.950000,1.000204,0.102931,3.750450
432,9.000000,1.005222,0.097776,3.745429
432,9.050000,1.009982,0.092632,3.740659
432,9.100000,1.014485,0.087508,3.736140
432,9.150000,1.018733,0.082415,3.731873
432,9.200000,1.022727,0.077361,3.727856
432,9.250000,1.026470,0.072357,3.724088
432,9.300000,1.029964,0.067412,3.720567
432,9.350000,1.033212,0.062533,3.717290
432,9.400000,1.036219,0.057729,3.714255
432,9.450000,1.038987,0.053009,3.711458
432,9.500000,1.041521,0.048380,3.708895
432,9.550000,1.043826,0.043849,3.706562
432,9.600000,1.045908,0.039423,3.704454
432,9.650000,1.047771,0.035107,3.702567
432,9.700000,1.049420,0.030909,3.700894
432,9.750000,1.050863,0.026832,3.699431
432,9.800000,1.052106,0.022882,3.698170
432,9.850000,1.053154,0.019063,3.697106
432,9.900000,1.054014,0.015379,3.696233
432,9.950000,1.054694,0.011833,3.695542
432,10.000000,1.055200,0.008428,3.695029

433,0.000000,-1.181955,6.000000,6.000000
433,0.050000,-0.892112,5.604436,5.604437
433,0.100000,-0.620556,5.266330,5.266331
433,0.150000,-0.364725,4.973580,4.973582
433,0.200000,-0.122610,4.716148,4.716151
433,0.250000,0.107338,4.485644,4.485646
433,0.300000,0.326284,4.275012,4.275015
433,0.350000,0.535070,4.078309,4.078312
433,0.400000,0.734264,3.890534,3.890537
433,0.450000,0.924202,3.707500,3.707503
433,0.500000,1.105035,3.525750,3.525753
433,0.550000,1.276752,3.342491,3.342494
433,0.600000,1.439222,3.155537,3.155540
433,0.650000,1.592217,2.963279,2.963282
433,0.700000,1.735443,2.764646,2.764648
433,0.750000,1.868566,2.559077,2.559080
433,0.800000,1.991234,2.346489,2.346491
433,0.850000,2.103103,2.127240,2.127241
433,0.900000,2.203859,1.902087,1.902087
433,0.950000,2.293232,1.672142,1.672141
433,1.000000,2.371017,1.438820,1.438817
433,1.050000,2.437085,1.203777,1.203768
433,1.100000,2.491396,0.968849,0.968831
433,1.150000,2.534005,0.735990,0.735948
433,1.200000,2.565063,0.507202,0.507091
433,1.250000,2.584826,0.284476,0.284070
433,1.300000,2.593644,0.069725,0.068662
433,1.350000,2.591961,-0.135262,0.138247
433,1.400000,2.580308,-0.328875,0.352190
433,1.450000,2.559287,-0.509715,0.559805
433,1.500000,2.529569,-0.676627,0.765979
433,1.550000,2.491872,-0.828713,0.968711
433,1.600000,2.446955,-0.965347,1.166434
433,1.650000,2.395601,-1.086166,1.357915
433,1.700000,2.338604,-1.191067,1.542203
433,1.750000,2.276758,-1.280189,1.718600
433,1.800000,2.210842,-1.353888,1.886634
433,1.850000,2.141617,-1.412711,2.046036
433,1.900000,2.069808,-1.457368,2.196712
433,1.950000,1.996102,-1.488703,2.338717
433,2.000000,1.921144,-1.507659,2.472224
433,2.050000,1.845526,-1.515250,2.597506
433,2.100000,1.769791,-1.512535,2.714900
433,2.150000,1.694426,-1.500593,2.824795
433,2.200000,1.619867,-1.480497,2.927607
433,2.250000,1.546495,-1.453299,3.023766
433,2.300000,1.474639,-1.420012,3.113699
433,2.350000,1.404579,-1.381601,3.197824
433,2.400000,1.336549,-1.338969,3.276540
433,2.450000,1.270738,-1.292953,3.350224
433,2.500000,1.207297,-1.244321,3.419225
433,2.550000,1.146338,-1.193768,3.483867
433,2.600000,1.087942,-1.141915,3.544444
433,2.650000,1.032159,-1.089316,3.601226
433,2.700000,0.979015,-1.036453,3.654457
433,2.750000,0.928511,-0.983745,3.704359
433,2.800000,0.880632,-0.931551,3.751133
433,2.850000,0.835343,-0.880170,3.794962
433,2.900000,0.792597,-0.829854,3.836013
433,2.950000,0.752336,-0.780806,3.874440
433,3.000000,0.714492,-0.733188,3.910384
433,3.050000,0.678991,-0.687124,3.943976
433,3.100000,0.645753,-0.642705,3.975338
433,3.150000,0.614692,-0.599994,4.004585
433,3.200000,0.585724,-0.559030,4.031824
433,3.250000,0.558760,-0.519829,4.057157
433,3.300000,0.533712,-0.482389,4.080679
433,3.350000,0.510492,-0.446696,4.102484
433,3.400000,0.489013,-0.412719,4.122656
433,3.450000,0.469192,-0.380422,4.141281
433,3.500000,0.450944,-0.349755,4.158437
433,3.550000,0.434190,-0.320668,4.174199
433,3.600000,0.418852,-0.293102,4.188640
433,3.650000,0.404855,-0.266996,4.201828
433,3.700000,0.392129,-0.242286,4.213829
433,3.750000,0.380605,-0.218909,4.224706
433,3.800000,0.370217,-0.196799,4.234518
433,3.850000,0.360905,-0.175892,4.243321
433,3.900000,0.352609,-0.156124,4.251169
433,3.950000,0.345274,-0.137431,4.258111
433,4.000000,0.338849,-0.119755,4.264198
433,4.050000,0.333283,-0.103034,4.269472
433,4.100000,0.328531,-0.087212,4.273979
433,4.150000,0.324548,-0.072235,4.277756
433,4.200000,0.321294,-0.058050,4.280844
433,4.250000,0.318730,-0.044607,4.283277
433,4.300000,0.316822,-0.031860,4.285090
433,4.350000,0.315534,-0.019762,4.286313
433,4.400000,0.314835,-0.008272,4.286976
433,4.450000,0.314697,0.002649,4.287107
433,4.500000,0.315091,0.013041,4.286733
433,4.550000,0.315993,0.022938,4.285877
433,4.600000,0.317377,0.032372,4.284562
433,4.650000,0.319223,0.041375,4.282810
433,4.700000,0.321508,0.049976,4.280641
433,4.750000,0.324214,0.058200,4.278073
433,4.800000,0.327322,0.066073,4.275124
433,4.850000,0.330816,0.073618,4.271811
433,4.900000,0.334679,0.080856,4.268149
433,4.950000,0.338897,0.087806,4.264152
433,5.000000,0.343455,0.094486,4.259834
433,5.050000,0.348341,0.100912,4.255208
433,5.100000,0.353542,0.107099,4.250285
433,5.150000,0.359047,0.113061,4.245078
433,5.200000,0.364845,0.118810,4.239596
433,5.250000,0.370925,0.124357,4.233849
433,5.300000,0.377277,0.129712,4.227848
433,5.350000,0.383893,0.134883,4.221602
433,5.400000,0.390763,0.139878,4.215119
433,5.450000,0.397878,0.144704,4.208407
433,5.500000,0.405230,0.149366,4.201475
433,5.550000,0.412812,0.153870,4.194330
433,5.600000,0.420615,0.158220,4.186979
433,5.650000,0.428631,0.162419,4.179431
433,5.700000,0.436854,0.166470,4.171691
433,5.750000,0.445276,0.170374,4.163768
433,5.800000,0.453889,0.174133,4.155667
433,5.850000,0.462687,0.177748,4.147395
433,5.900000,0.471662,0.181219,4.138960
433,5.950000,0.480806,0.184546,4.130367
433,6.000000,0.490114,0.187727,4.121623
433,6.050000,0.499577,0.190763,4.112734
433,6.100000,0.509188,0.193651,4.103708
433,6.150000,0.518939,0.196389,4.094551
433,6.200000,0.528824,0.198975,4.085269
433,6.250000,0.538834,0.201407,4.075869
433,6.300000,0.548962,0.203683,4.066358
433,6.350000,0.559200,0.205798,4.056744
433,6.400000,0.569539,0.207751,4.047031
433,6.450000,0.579972,0.209538,4.037229
433,6.500000,0.590490,0.211157,4.027344
433,6.550000,0.601085,0.212603,4.017384
433,6.600000,0.611748,0.213874,4.007356
433,6.650000,0.622469,0.214966,3.997267
433,6.700000,0.633241,0.215876,3.987125
433,6.750000,0.644054,0.216602,3.976939
433,6.800000,0.654898,0.217140,3.966717
433,6.850000,0.665765,0.217488,3.956465
433,6.900000,0.676644,0.217643,3.946194
433,6.950000,0.687526,0.217602,3.935911
433,7.000000,0.698401,0.217365,3.925624
433,7.050000,0.709259,0.216929,3.915343
433,7.100000,0.720090,0.216293,3.905077
433,7.150000,0.730885,0.215456,3.894833
433,7.200000,0.741632,0.214416,3.884622
433,7.250000,0.752323,0.213175,3.874452
433,7.300000,0.762947,0.211732,3.864333
433,7.350000,0.773493,0.210088,3.854273
433,7.400000,0.783952,0.208244,3.844282
433,7.450000,0.794314,0.206202,3.834369
433,7.500000,0.804569,0.203963,3.824544
433,7.550000,0.814707,0.201530,3.814815
433,7.600000,0.824719,0.198907,3.805191
433,7.650000,0.834595,0.196096,3.795683
433,7.700000,0.844325,0.193103,3.786298
433,7.750000,0.853902,0.189932,3.777046
433,7.800000,0.863316,0.186587,3.767935
433,7.850000,0.872558,0.183075,3.758974
433,7.900000,0.881621,0.179402,3.750172
433,7.950000,0.890496,0.175574,3.741536
433,8.000000,0.899175,0.171598,3.733074
433,8.050000,0.907653,0.167482,3.724795
433,8.100000,0.915921,0.163235,3.716706
433,8.150000,0.923974,0.158863,3.708812
433,8.200000,0.931806,0.154376,3.701122
433,8.250000,0.939410,0.149783,3.693642
433,8.300000,0.946782,0.145093,3.686377
433,8.350000,0.953918,0.140315,3.679333
433,8.400000,0.960813,0.135460,3.672515
433,8.450000,0.967463,0.130538,3.665927
433,8.500000,0.973866,0.125558,3.659574
433,8.550000,0.980018,0.120530,3.653460
433,8.600000,0.985918,0.115466,3.647587
433,8.650000,0.991564,0.110376,3.641958
433,8.700000,0.996955,0.105269,3.636575
433,8.750000,1.002091,0.100156,3.631440
433,8.800000,1.006971,0.095047,3.626554
433,8.850000,1.011596,0.089952,3.621917
433,8.900000,1.015967,0.084882,3.617529
433,8.950000,1.020085,0.079845,3.613391
433,9.000000,1.023952,0.074852,3.609499
433,9.050000,1.027571,0.069911,3.605854
433,9.100000,1.030944,0.065030,3.602452
433,9.150000,1.034075,0.060220,3.599292
433,9.200000,1.036967,0.055488,3.596370
433,9.250000,1.039625,0.050841,3.593683
433,9.300000,1.042053,0.046286,3.591227
433,9.350000,1.044255,0.041832,3.588997
433,9.400000,1.046238,0.037484,3.586988
433,9.450000,1.048006,0.033248,3.585196
433,9.500000,1.049564,0.029130,3.583615
433,9.550000,1.050921,0.025134,3.582239
433,9.600000,1.052080,0.021266,3.581062
433,9.650000,1.053049,0.017530,3.580077
433,9.700000,1.053835,0.013928,3.579279
433,9.750000,1.054445,0.010465,3.578660
433,9.800000,1.054884,0.007142,3.578213
433,9.850000,1.055161,0.003961,3.577932
433,9.900000,1.055283,0.000926,3.577808
433,9.950000,1.055256,-0.001965,3.577835
433,10.000000,1.055089,-0.004709,3.578006

434,0.000000,-1.254135,6.000000,6.000000
434,0.050000,-0.964580,5.593366,5.593367
434,0.100000,-0.693803,5.246636,5.246638
434,0.150000,-0.439126,4.947454,4.947456
434,0.200000,-0.198437,4.685592,4.685595
434,0.250000,0.029912,4.452515,4.452517
434,0.300000,0.247174,4.241055,4.241057
434,0.350000,0.454276,4.045172,4.045175
434,0.400000,0.651866,3.859774,3.859778
434,0.450000,0.840357,3.680588,3.680591
434,0.500000,1.019969,3.504059,3.504062
434,0.550000,1.190758,3.327279,3.327283
434,0.600000,1.352654,3.147941,3.147944
434,0.650000,1.505480,2.964288,2.964290
434,0.700000,1.648990,2.775086,2.775089
434,0.750000,1.782884,2.579593,2.579595
434,0.800000,1.906839,2.377528,2.377530
434,0.850000,2.020529,2.169038,2.169040
434,0.900000,2.123645,1.954665,1.954666
434,0.950000,2.215912,1.735301,1.735302
434,1.000000,2.297111,1.512145,1.512143
434,1.050000,2.367088,1.286647,1.286642
434,1.100000,2.425764,1.060455,1.060445
434,1.150000,2.473151,0.835357,0.835333
434,1.200000,2.509349,0.613215,0.613157
434,1.250000,2.534554,0.395911,0.395737
434,1.300000,2.549052,0.185284,0.184522
434,1.350000,2.553223,-0.016917,0.020334
434,1.400000,2.547528,-0.209089,0.406899
434,1.450000,2.532505,-0.389804,0.545455
434,1.500000,2.508759,-0.557849,0.713905
434,1.550000,2.476948,-0.712244,0.893181
434,1.600000,2.437774,-0.852254,1.075029
434,1.650000,2.391971,-0.977396,1.255251
434,1.700000,2.340287,-1.087430,1.431388
434,1.750000,2.283480,-1.182354,1.601871
434,1.800000,2.222300,-1.262380,1.765676
434,1.850000,2.157483,-1.327914,1.922146
434,1.900000,2.089741,-1.379531,2.070902
434,1.950000,2.019751,-1.417947,2.211774
434,2.000000,1.948152,-1.443992,2.344761
434,2.050000,1.875542,-1.458578,2.469988
434,2.100000,1.802469,-1.462677,2.587677
434,2.150000,1.729433,-1.457291,2.698121
434,2.200000,1.656881,-1.443436,2.801661
434,2.250000,1.585214,-1.422117,2.898665
434,2.300000,1.514778,-1.394314,2.989514
434,2.350000,1.445875,-1.360969,3.074591
434,2.400000,1.378758,-1.322973,3.154270
434,2.450000,1.313641,-1.281161,3.228908
434,2.500000,1.250693,-1.236305,3.298843
434,2.550000,1.190049,-1.189109,3.364390
434,2.600000,1.131810,-1.140212,3.425840
434,2.650000,1.076047,-1.090185,3.483461
434,2.700000,1.022802,-1.039534,3.537497
434,2.750000,0.972096,-0.988702,3.588171
434,2.800000,0.923929,-0.938070,3.635685
434,2.850000,0.878281,-0.887966,3.680223
434,2.900000,0.835119,-0.838666,3.721956
434,2.950000,0.794397,-0.790399,3.761037
434,3.000000,0.756058,-0.743349,3.797609
434,3.050000,0.720039,-0.697664,3.831804
434,3.100000,0.686267,-0.653457,3.863744
434,3.150000,0.654667,-0.610811,3.893545
434,3.200000,0.625159,-0.569783,3.921314
434,3.250000,0.597662,-0.530407,3.947151
434,3.300000,0.572091,-0.492698,3.971154
434,3.350000,0.548364,-0.456654,3.993413
434,3.400000,0.526398,-0.422259,4.014016
434,3.450000,0.506111,-0.389487,4.033044
434,3.500000,0.487423,-0.358301,4.050576
434,3.550000,0.470255,-0.328657,4.066688
434,3.600000,0.454532,-0.300506,4.081452
434,3.650000,0.440181,-0.273794,4.094936
434,3.700000,0.427130,-0.248465,4.107205
434,3.750000,0.415312,-0.224459,4.118322
434,3.800000,0.404663,-0.201716,4.128347
434,3.850000,0.395120,-0.180176,4.137335
434,3.900000,0.386626,-0.159779,4.145341
434,3.950000,0.379125,-0.140464,4.152415
434,4.000000,0.372563,-0.122174,4.158607
434,4.050000,0.366891,-0.104852,4.163961
434,4.100000,0.362062,-0.088443,4.168521
434,4.150000,0.358032,-0.072893,4.172328
434,4.200000,0.354760,-0.058152,4.175421
434,4.250000,0.352205,-0.044171,4.177837
434,4.300000,0.350331,-0.030904,4.179608
434,4.350000,0.349103,-0.018307,4.180769
434,4.400000,0.348489,-0.006337,4.181349
434,4.450000,0.348459,0.005044,4.181378
434,4.500000,0.348985,0.015874,4.180881
434,4.550000,0.350038,0.026187,4.179885
434,4.600000,0.351595,0.036017,4.178413
434,4.650000,0.353632,0.045393,4.176487
434,4.700000,0.356127,0.054344,4.174128
434,4.750000,0.359060,0.062897,4.171357
434,4.800000,0.362411,0.071076,4.168192
434,4.850000,0.366162,0.078904,4.164649
434,4.900000,0.370296,0.086401,4.160746
434,4.950000,0.374797,0.093587,4.156498
434,5.000000,0.379650,0.100480,4.151920
434,5.050000,0.384840,0.107096,4.147025
434,5.100000,0.390355,0.113449,4.141826
434,5.150000,0.396181,0.119553,4.136336
434,5.200000,0.402306,0.125420,4.130566
434,5.250000,0.408719,0.131060,4.124527
434,5.300000,0.415409,0.136484,4.118231
434,5.350000,0.422364,0.141699,4.111687
434,5.400000,0.429575,0.146713,4.104905
434,5.450000,0.437032,0.151534,4.097895
434,5.500000,0.444726,0.156165,4.090665
434,5.550000,0.452646,0.160613,4.083224
434,5.600000,0.460784,0.164881,4.075581
434,5.650000,0.469131,0.168972,4.067744
434,5.700000,0.477678,0.172889,4.059721
434,5.750000,0.486417,0.176634,4.051520
434,5.800000,0.495339,0.180208,4.043149
434,5.850000,0.504435,0.183611,4.034616
434,5.900000,0.513697,0.186845,4.025928
434,5.950000,0.523116,0.189908,4.017093
434,6.000000,0.532685,0.192800,4.008119
434,6.050000,0.542394,0.195521,3.999013
434,6.100000,0.552234,0.198068,3.989783
434,6.150000,0.562198,0.200440,3.980437
434,6.200000,0.572275,0.202636,3.970981
434,6.250000,0.582458,0.204654,3.961425
434,6.300000,0.592738,0.206490,3.951775
434,6.350000,0.603104,0.208144,3.942040
434,6.400000,0.613549,0.209612,3.932227
434,6.450000,0.624062,0.210893,3.922345
434,6.500000,0.634635,0.211983,3.912402
434,6.550000,0.645257,0.212881,3.902406
434,6.600000,0.655920,0.213584,3.892365
434,6.650000,0.666612,0.214091,3.882289
434,6.700000,0.677325,0.214398,3.872185
434,6.750000,0.688049,0.214506,3.862062
434,6.800000,0.698773,0.214411,3.851929
434,6.850000,0.709487,0.214113,3.841795
434,6.900000,0.720181,0.213611,3.831670
434,6.950000,0.730844,0.212904,3.821561
434,7.000000,0.741468,0.211992,3.811478
434,7.050000,0.752040,0.210874,3.801431
434,7.100000,0.762552,0.209552,3.791428
434,7.150000,0.772992,0.208026,3.781480
434,7.200000,0.783351,0.206298,3.771594
434,7.250000,0.793618,0.204368,3.761781
434,7.300000,0.803784,0.202240,3.752050
434,7.350000,0.813839,0.199917,3.742410
434,7.400000,0.823773,0.197400,3.732871
434,7.450000,0.833576,0.194695,3.723441
434,7.500000,0.843239,0.191805,3.714130
434,7.550000,0.852753,0.188735,3.704946
434,7.600000,0.862110,0.185490,3.695899
434,7.650000,0.871300,0.182076,3.686997
434,7.700000,0.880315,0.178498,3.678248
434,7.750000,0.889147,0.174764,3.669661
434,7.800000,0.897789,0.170881,3.661243
434,7.850000,0.906233,0.166855,3.653004
434,7.900000,0.914472,0.162695,3.644949
434,7.950000,0.922500,0.158410,3.637085
434,8.000000,0.930311,0.154007,3.629421
434,8.050000,0.937899,0.149495,3.621962
434,8.100000,0.945259,0.144885,3.614714
434,8.150000,0.952386,0.140184,3.607683
434,8.200000,0.959276,0.135404,3.600873
434,8.250000,0.965925,0.130554,3.594291
434,8.300000,0.972330,0.125644,3.587939
434,8.350000,0.978489,0.120683,3.581822
434,8.400000,0.984398,0.115684,3.575942
434,8.450000,0.990056,0.110654,3.570304
434,8.500000,0.995463,0.105606,3.564908
434,8.550000,1.000617,0.100549,3.559757
434,8.600000,1.005518,0.095493,3.554852
434,8.650000,1.010166,0.090448,3.550193
434,8.700000,1.014563,0.085424,3.545781
434,8.750000,1.018709,0.080431,3.541615
434,8.800000,1.022607,0.075478,3.537694
434,8.850000,1.026258,0.070575,3.534017
434,8.900000,1.029665,0.065729,3.530582
434,8.950000,1.032832,0.060950,3.527386
434,9.000000,1.035761,0.056246,3.524427
434,9.050000,1.038458,0.051624,3.521702
434,9.100000,1.040925,0.047092,3.519205
434,9.150000,1.043169,0.042657,3.516934
434,9.200000,1.045193,0.038325,3.514883
434,9.250000,1.047003,0.034103,3.513048
434,9.300000,1.048605,0.029995,3.511423
434,9.350000,1.050005,0.026008,3.510003
434,9.400000,1.051208,0.022146,3.508782
434,9.450000,1.052221,0.018412,3.507753
434,9.500000,1.053051,0.014811,3.506909
434,9.550000,1.053705,0.011345,3.506246
434,9.600000,1.054188,0.008018,3.505754
434,9.650000,1.054509,0.004832,3.505428
434,9.700000,1.054674,0.001787,3.505261
434,9.750000,1.054690,-0.001113,3.505244
434,9.800000,1.054565,-0.003869,3.505371
434,9.850000,1.054305,-0.006480,3.505635
434,9.900000,1.053919,-0.008947,3.506028
434,9.950000,1.053413,-0.011268,3.506542
434,10.000000,1.052795,-0.013447,3.507170

435,0.000000,-1.326316,6.000000,6.000000
435,0.050000,-1.037061,5.581785,5.581786
435,0.100000,-0.767100,5.225936,5.225937
435,0.150000,-0.513640,4.919831,4.919833
435,0.200000,-0.274463,4.653048,4.653050
435,0.250000,-0.047826,4.416906,4.416908
435,0.300000,0.167616,4.204124,4.204127
435,0.350000,0.372873,4.008571,4.008574
435,0.400000,0.568673,3.825070,3.825073
435,0.450000,0.755508,3.649265,3.649268
435,0.500000,0.933667,3.477511,3.477515
435,0.550000,1.103276,3.306805,3.306808
435,0.600000,1.264324,3.134721,3.134724
435,0.650000,1.416693,2.959371,2.959374
435,0.700000,1.560184,2.779370,2.779373
435,0.750000,1.694537,2.593807,2.593810
435,0.800000,1.819463,2.402213,2.402216
435,0.850000,1.934657,2.204536,2.204538
435,0.900000,2.039821,2.001106,2.001108
435,0.950000,2.134683,1.792600,1.792601
435,1.000000,2.219013,1.580001,1.580001
435,1.050000,2.292635,1.364552,1.364551
435,1.100000,2.355444,1.147706,1.147700
435,1.150000,2.407410,0.931072,0.931058
435,1.200000,2.448584,0.716359,0.716328
435,1.250000,2.479107,0.505325,0.505244
435,1.300000,2.499207,0.299716,0.299439
435,1.350000,2.509197,0.101218,0.099945
435,1.400000,2.509474,-0.088589,0.088558
435,1.450000,2.500507,-0.268272,0.292508
435,1.500000,2.482836,-0.436580,0.480744
435,1.550000,2.457057,-0.592465,0.669541
435,1.600000,2.423811,-0.735104,0.856163
435,1.650000,2.383777,-0.863900,1.038900
435,1.700000,2.337658,-0.978492,1.216495
435,1.750000,2.286167,-1.078740,1.387997
435,1.800000,2.230022,-1.164715,1.552696
435,1.850000,2.169929,-1.236685,1.710093
435,1.900000,2.106580,-1.295085,1.859877
435,1.950000,2.040637,-1.340503,2.001897
435,2.000000,1.972734,-1.373645,2.136141
435,2.050000,1.903464,-1.395314,2.262710
435,2.100000,1.833379,-1.406385,2.381797
435,2.150000,1.762987,-1.407778,2.493664
435,2.200000,1.692747,-1.400438,2.598624
435,2.250000,1.623073,-1.385315,2.697023
435,2.300000,1.554330,-1.363345,2.789223
435,2.350000,1.486837,-1.335439,2.875595
435,2.400000,1.420870,-1.302469,2.956503
435,2.450000,1.356661,-1.265258,3.032302
435,2.500000,1.294402,-1.224577,3.103328
435,2.550000,1.234249,-1.181135,3.169899
435,2.600000,1.176324,-1.135581,3.232309
435,2.650000,1.120717,-1.088503,3.290831
435,2.700000,1.067490,-1.040425,3.345714
435,2.750000,1.016683,-0.991810,3.397186
435,2.800000,0.968311,-0.943066,3.445456
435,2.850000,0.922373,-0.894544,3.490713
435,2.900000,0.878848,-0.846543,3.533131
435,2.950000,0.837705,-0.799319,3.572867
435,3.000000,0.798900,-0.753079,3.610068
435,3.050000,0.762378,-0.707996,3.644867
435,3.100000,0.728079,-0.664204,3.677388
435,3.150000,0.695935,-0.621807,3.707748
435,3.200000,0.665874,-0.580883,3.736055
435,3.250000,0.637821,-0.541484,3.762410
435,3.300000,0.611699,-0.503642,3.786910
435,3.350000,0.587431,-0.467370,3.809645
435,3.400000,0.564936,-0.432666,3.830702
435,3.450000,0.544138,-0.399518,3.850162
435,3.500000,0.524959,-0.367900,3.868105
435,3.550000,0.507323,-0.337778,3.884605
435,3.600000,0.491157,-0.309113,3.899733
435,3.650000,0.476388,-0.281859,3.913557
435,3.700000,0.462948,-0.255966,3.926143
435,3.750000,0.450770,-0.231381,3.937553
435,3.800000,0.439789,-0.208051,3.947846
435,3.850000,0.429945,-0.185920,3.957078
435,3.900000,0.421178,-0.164932,3.965304
435,3.950000,0.413434,-0.145030,3.972574
435,4.000000,0.406658,-0.126160,3.978937
435,4.050000,0.400801,-0.108267,3.984440
435,4.100000,0.395816,-0.091300,3.989126
435,4.150000,0.391657,-0.075206,3.993036
435,4.200000,0.388282,-0.059937,3.996210
435,4.250000,0.385650,-0.045445,3.998686
435,4.300000,0.383725,-0.031685,4.000497
435,4.350000,0.382470,-0.018614,4.001678
435,4.400000,0.381853,-0.006192,4.002259
435,4.450000,0.381841,0.005621,4.002270
435,4.500000,0.382405,0.016862,4.001739
435,4.550000,0.383518,0.027563,4.000692
435,4.600000,0.385153,0.037759,3.999153
435,4.650000,0.387286,0.047478,3.997147
435,4.700000,0.389893,0.056750,3.994694
435,4.750000,0.392954,0.065599,3.991816
435,4.800000,0.396447,0.074052,3.988533
435,4.850000,0.400353,0.082129,3.984862
435,4.900000,0.404654,0.089852,3.980820
435,4.950000,0.409332,0.097241,3.976425
435,5.000000,0.414373,0.104312,3.971692
435,5.050000,0.419759,0.111082,3.966636
435,5.100000,0.425476,0.117565,3.961271
435,5.150000,0.431511,0.123774,3.955610
435,5.200000,0.437849,0.129722,3.949665
435,5.250000,0.444479,0.135419,3.943450
435,5.300000,0.451387,0.140875,3.936975
435,5.350000,0.458562,0.146098,3.930252
435,5.400000,0.465993,0.151096,3.923292
435,5.450000,0.473668,0.155875,3.916104
435,5.500000,0.481577,0.160440,3.908700
435,5.550000,0.489709,0.164798,3.901088
435,5.600000,0.498053,0.168951,3.893279
435,5.650000,0.506600,0.172904,3.885281
435,5.700000,0.515340,0.176657,3.877104
435,5.750000,0.524263,0.180215,3.868756
435,5.800000,0.533358,0.183577,3.860247
435,5.850000,0.542617,0.186746,3.851585
435,5.900000,0.552030,0.189721,3.842779
435,5.950000,0.561586,0.192503,3.833837
435,6.000000,0.571277,0.195092,3.824768
435,6.050000,0.581092,0.197486,3.815580
435,6.100000,0.591022,0.199685,3.806282
435,6.150000,0.601057,0.201688,3.796882
435,6.200000,0.611188,0.203495,3.787389
435,6.250000,0.621404,0.205102,3.777812
435,6.300000,0.631695,0.206510,3.768159
435,6.350000,0.642051,0.207716,3.758439
435,6.400000,0.652463,0.208720,3.748661
435,6.450000,0.662920,0.209519,3.738833
435,6.500000,0.673411,0.210113,3.728964
435,6.550000,0.683928,0.210501,3.719064
435,6.600000,0.694458,0.210680,3.709141
435,6.650000,0.704992,0.210651,3.699204
435,6.700000,0.715520,0.210413,3.689263
435,6.750000,0.726030,0.209965,3.679327
435,6.800000,0.736513,0.209307,3.669405
435,6.850000,0.746957,0.208440,3.659506
435,6.900000,0.757353,0.207365,3.649640
435,6.950000,0.767690,0.206081,3.639817
435,7.000000,0.777958,0.204591,3.630045
435,7.050000,0.788146,0.202897,3.620334
435,7.100000,0.798244,0.201000,3.610694
435,7.150000,0.808243,0.198903,3.601134
435,7.200000,0.818131,0.196609,3.591663
435,7.250000,0.827900,0.194122,3.582291
435,7.300000,0.837540,0.191446,3.573026
435,7.350000,0.847042,0.188586,3.563878
435,7.400000,0.856396,0.185546,3.554856
435,7.450000,0.865593,0.182331,3.545968
435,7.500000,0.874626,0.178949,3.537224
435,7.550000,0.883486,0.175404,3.528631
435,7.600000,0.892164,0.171705,3.520198
435,7.650000,0.900654,0.167857,3.511933
435,7.700000,0.908947,0.163869,3.503842
435,7.750000,0.917038,0.159749,3.495935
435,7.800000,0.924920,0.155505,3.488217
435,7.850000,0.932587,0.151146,3.480696
435,7.900000,0.940033,0.146680,3.473378
435,7.950000,0.947253,0.142118,3.466268
435,8.000000,0.954243,0.137468,3.459373
435,8.050000,0.960999,0.132741,3.452697
435,8.100000,0.967516,0.127945,3.446244
435,8.150000,0.973792,0.123092,3.440020
435,8.200000,0.979825,0.118192,3.434027
435,8.250000,0.985611,0.113253,3.428270
435,8.300000,0.991150,0.108288,3.422750
435,8.350000,0.996439,0.103305,3.417469
435,8.400000,1.001480,0.098316,3.412430
435,8.450000,1.006271,0.093329,3.407634
435,8.500000,1.010813,0.088355,3.403080
435,8.550000,1.015107,0.083403,3.398770
435,8.600000,1.019154,0.078484,3.394702
435,8.650000,1.022956,0.073606,3.390876
435,8.700000,1.026515,0.068778,3.387290
435,8.750000,1.029835,0.064009,3.383942
435,8.800000,1.032917,0.059307,3.380830
435,8.850000,1.035767,0.054681,3.377951
435,8.900000,1.038387,0.050137,3.375301
435,8.950000,1.040782,0.045683,3.372876
435,9.000000,1.042957,0.041327,3.370674
435,9.050000,1.044916,0.037073,3.368687
435,9.100000,1.046666,0.032928,3.366913
435,9.150000,1.048211,0.028897,3.365345
435,9.200000,1.049558,0.024986,3.363978
435,9.250000,1.050712,0.021199,3.362806
435,9.300000,1.051680,0.017539,3.361822
435,9.350000,1.052468,0.014011,3.361021
435,9.400000,1.053083,0.010617,3.360396
435,9.450000,1.053532,0.007360,3.359940
435,9.500000,1.053821,0.004242,3.359645
435,9.550000,1.053958,0.001264,3.359506
435,9.600000,1.053950,-0.001571,3.359514
435,9.650000,1.053804,-0.004264,3.359663
435,9.700000,1.053526,-0.006815,3.359946
435,9.750000,1.053125,-0.009222,3.360354
435,9.800000,1.052606,-0.011487,3.360881
435,9.850000,1.051978,-0.013611,3.361519
435,9.900000,1.051247,-0.015595,3.362262
435,9.950000,1.050421,-0.017440,3.363101
435,10.000000,1.049506,-0.019148,3.364031

436,0.000000,-1.398496,6.000000,6.000000
436,0.050000,-1.109555,5.569694,5.569695
436,0.100000,-0.840449,5.204228,5.204230
436,0.150000,-0.588268,4.890708,4.890710
436,0.200000,-0.350691,4.618510,4.618512
436,0.250000,-0.125877,4.378805,4.378808
436,0.300000,0.087607,4.164202,4.164205
436,0.350000,0.290857,3.968477,3.968480
436,0.400000,0.484682,3.786374,3.786378
436,0.450000,0.669647,3.613462,3.613466
436,0.500000,0.846119,3.446018,3.446022
436,0.550000,1.014288,3.280947,3.280951
436,0.600000,1.174210,3.115721,3.115725
436,0.650000,1.325824,2.948333,2.948336
436,0.700000,1.468982,2.777259,2.777262
436,0.750000,1.603471,2.601431,2.601434
436,0.800000,1.729035,2.420206,2.420209
436,0.850000,1.845397,2.233341,2.233344
436,0.900000,1.952277,2.040964,2.040967
436,0.950000,2.049409,1.843542,1.843545
436,1.000000,2.136560,1.641846,1.641848
436,1.050000,2.213540,1.436909,1.436909
436,1.100000,2.280217,1.229983,1.229981
436,1.150000,2.336529,1.022492,1.022485
436,1.200000,2.382483,0.815980,0.815964
436,1.250000,2.418170,0.612065,0.612025
436,1.300000,2.443760,0.412380,0.412267
436,1.350000,2.459505,0.218532,0.218085
436,1.400000,2.465736,0.032055,0.033882
436,1.450000,2.462858,-0.145635,0.169946
436,1.500000,2.451341,-0.313267,0.343947
436,1.550000,2.431717,-0.469748,0.523277
436,1.600000,2.404567,-0.614180,0.702549
436,1.650000,2.370511,-0.745873,0.879388
436,1.700000,2.330200,-0.864351,1.052280
436,1.750000,2.284301,-0.969348,1.220114
436,1.800000,2.233491,-1.060801,1.382054
436,1.850000,2.178445,-1.138839,1.537485
436,1.900000,2.119826,-1.203762,1.685982
436,1.950000,2.058280,-1.256021,1.827289
436,2.000000,1.994426,-1.296196,1.961293
436,2.050000,1.928850,-1.324976,2.088004
436,2.100000,1.862105,-1.343128,2.207532
436,2.150000,1.794701,-1.351480,2.320064
436,2.200000,1.727106,-1.350898,2.425853
436,2.250000,1.659746,-1.342265,2.525189
436,2.300000,1.592999,-1.326465,2.618395
436,2.350000,1.527204,-1.304369,2.705804
436,2.400000,1.462653,-1.276818,2.787758
436,2.450000,1.399600,-1.244619,2.864590
436,2.500000,1.338256,-1.208530,2.936625
436,2.550000,1.278800,-1.169260,3.004172
436,2.600000,1.221372,-1.127465,3.067521
436,2.650000,1.166085,-1.083741,3.126943
436,2.700000,1.113021,-1.038628,3.182687
436,2.750000,1.062237,-0.992609,3.234984
436,2.800000,1.013768,-0.946112,3.284044
436,2.850000,0.967628,-0.899510,3.330059
436,2.900000,0.923813,-0.853129,3.373205
436,2.950000,0.882307,-0.807244,3.413643
436,3.000000,0.843077,-0.762091,3.451521
436,3.050000,0.806082,-0.717864,3.486975
436,3.100000,0.771272,-0.674721,3.520130
436,3.150000,0.738590,-0.632788,3.551103
436,3.200000,0.707972,-0.592162,3.580003
436,3.250000,0.679351,-0.552917,3.606932
436,3.300000,0.652656,-0.515101,3.631986
436,3.350000,0.627816,-0.478744,3.655257
436,3.400000,0.604757,-0.443862,3.676828
436,3.450000,0.583406,-0.410453,3.696784
436,3.500000,0.563688,-0.378506,3.715201
436,3.550000,0.545531,-0.348000,3.732153
436,3.600000,0.528864,-0.318903,3.747712
436,3.650000,0.513618,-0.291180,3.761945
436,3.700000,0.499724,-0.264789,3.774917
436,3.750000,0.487117,-0.239685,3.786690
436,3.800000,0.475735,-0.215821,3.797324
436,3.850000,0.465515,-0.193145,3.806873
436,3.900000,0.456401,-0.171608,3.815393
436,3.950000,0.448337,-0.151157,3.822935
436,4.000000,0.441268,-0.131742,3.829547
436,4.050000,0.435146,-0.113311,3.835276
436,4.100000,0.429922,-0.095815,3.840166
436,4.150000,0.425550,-0.079205,3.844260
436,4.200000,0.421987,-0.063433,3.847596
436,4.250000,0.419193,-0.048455,3.850213
436,4.300000,0.417129,-0.034227,3.852147
436,4.350000,0.415759,-0.020706,3.853431
436,4.400000,0.415047,-0.007853,3.854097
436,4.450000,0.414963,0.004370,3.854176
436,4.500000,0.415475,0.015999,3.853697
436,4.550000,0.416554,0.027067,3.852686
436,4.600000,0.418172,0.037606,3.851169
436,4.650000,0.420306,0.047646,3.849171
436,4.700000,0.422929,0.057215,3.846714
436,4.750000,0.426020,0.066339,3.843819
436,4.800000,0.429556,0.075042,3.840509
436,4.850000,0.433517,0.083346,3.836800
436,4.900000,0.437884,0.091272,3.832713
436,4.950000,0.442639,0.098839,3.828265
436,5.000000,0.447763,0.106064,3.823472
436,5.050000,0.453240,0.112965,3.818350
436,5.100000,0.459054,0.119554,3.812913
436,5.150000,0.465190,0.125846,3.807178
436,5.200000,0.471634,0.131852,3.801156
436,5.250000,0.478371,0.137584,3.794861
436,5.300000,0.485388,0.143050,3.788306
436,5.350000,0.492671,0.148260,3.781503
436,5.400000,0.500209,0.153221,3.774464
436,5.450000,0.507989,0.157940,3.767200
436,5.500000,0.516000,0.162422,3.759721
436,5.550000,0.524228,0.166674,3.752040
436,5.600000,0.532663,0.170698,3.744165
436,5.650000,0.541294,0.174498,3.736108
436,5.700000,0.550109,0.178078,3.727879
436,5.750000,0.559098,0.181440,3.719486
436,5.800000,0.568250,0.184585,3.710940
436,5.850000,0.577553,0.187516,3.702251
436,5.900000,0.586998,0.190233,3.693428
436,5.950000,0.596573,0.192736,3.684480
436,6.000000,0.606268,0.195027,3.675416
436,6.050000,0.616072,0.197104,3.666247
436,6.100000,0.625975,0.198969,3.656980
436,6.150000,0.635965,0.200620,3.647627
436,6.200000,0.646033,0.202058,3.638195
436,6.250000,0.656167,0.203282,3.628694
436,6.300000,0.666358,0.204291,3.619134
436,6.350000,0.676593,0.205085,3.609523
436,6.400000,0.686863,0.205664,3.599872
436,6.450000,0.697156,0.206027,3.590189
436,6.500000,0.707462,0.206174,3.580484
436,6.550000,0.717770,0.206105,3.570766
436,6.600000,0.728069,0.205821,3.561045
436,6.650000,0.738348,0.205322,3.551331
436,6.700000,0.748597,0.204608,3.541633
436,6.750000,0.758805,0.203681,3.531961
436,6.800000,0.768962,0.202543,3.522324
436,6.850000,0.779056,0.201194,3.512732
436,6.900000,0.789078,0.199637,3.503194
436,6.950000,0.799016,0.197874,3.493720
436,7.000000,0.808862,0.195909,3.484319
436,7.050000,0.818604,0.193745,3.475001
436,7.100000,0.828233,0.191385,3.465775
436,7.150000,0.837739,0.188834,3.456651
436,7.200000,0.847113,0.186097,3.447638
436,7.250000,0.856346,0.183178,3.438744
436,7.300000,0.865428,0.180083,3.429978
436,7.350000,0.874351,0.176818,3.421350
436,7.400000,0.883107,0.173389,3.412867
436,7.450000,0.891688,0.169804,3.404538
436,7.500000,0.900085,0.166069,3.396371
436,7.550000,0.908292,0.162193,3.388373
436,7.600000,0.916302,0.158183,3.380553
436,7.650000,0.924108,0.154047,3.372916
436,7.700000,0.931705,0.149794,3.365470
436,7.750000,0.939086,0.145433,3.358222
436,7.800000,0.946247,0.140974,3.351177
436,7.850000,0.953182,0.136426,3.344340
436,7.900000,0.959888,0.131797,3.337718
436,7.950000,0.966361,0.127099,3.331314
436,8.000000,0.972597,0.122342,3.325133
436,8.050000,0.978594,0.117534,3.319179
436,8.100000,0.984350,0.112686,3.313455
436,8.150000,0.989862,0.107809,3.307964
436,8.200000,0.995130,0.102912,3.302708
436,8.250000,1.000153,0.098006,3.297688
436,8.300000,1.004931,0.093100,3.292907
436,8.350000,1.009463,0.088204,3.288364
436,8.400000,1.013751,0.083327,3.284061
436,8.450000,1.017796,0.078480,3.279996
436,8.500000,1.021600,0.073671,3.276169
436,8.550000,1.025164,0.068909,3.272579
436,8.600000,1.028492,0.064203,3.269223
436,8.650000,1.031586,0.059561,3.266100
436,8.700000,1.034449,0.054991,3.263207
436,8.750000,1.037086,0.050501,3.260540
436,8.800000,1.039501,0.046097,3.258096
436,8.850000,1.041697,0.041787,3.255871
436,8.900000,1.043681,0.037577,3.253860
436,8.950000,1.045457,0.033473,3.252059
436,9.000000,1.047030,0.029479,3.250462
436,9.050000,1.048407,0.025602,3.249064
436,9.100000,1.049592,0.021845,3.247860
436,9.150000,1.050593,0.018214,3.246842
436,9.200000,1.051416,0.014710,3.246006
436,9.250000,1.052067,0.011338,3.245345
436,9.300000,1.052552,0.008099,3.244851
436,9.350000,1.052879,0.004997,3.244519
436,9.400000,1.053054,0.002032,3.244341
436,9.450000,1.053084,-0.000793,3.244310
436,9.500000,1.052977,-0.003478,3.244419
436,9.550000,1.052739,-0.006023,3.244661
436,9.600000,1.052377,-0.008428,3.245029
436,9.650000,1.051898,-0.010693,3.245516
436,9.700000,1.051310,-0.012818,3.246114
436,9.750000,1.050619,-0.014806,3.246817
436,9.800000,1.049832,-0.016656,3.247617
436,9.850000,1.048955,-0.018372,3.248507
436,9.900000,1.047997,-0.019955,3.249480
436,9.950000,1.046962,-0.021407,3.250531
436,10.000000,1.045858,-0.022732,3.251651

437,0.000000,-1.470677,6.000000,6.000000
437,0.050000,-1.182062,5.557093,5.557094
437,0.100000,-0.913848,5.181512,5.181514
437,0.150000,-0.663010,4.860082,4.860084
437,0.200000,-0.427119,4.581972,4.581974
437,0.250000,-0.204242,4.338203,4.338206
437,0.300000,0.007147,4.121268,4.121272
437,0.350000,0.208227,3.924857,3.924860
437,0.400000,0.399886,3.743640,3.743643
437,0.450000,0.582768,3.573115,3.573118
437,0.500000,0.757312,3.409487,3.409490
437,0.550000,0.923779,3.249583,3.249587
437,0.600000,1.082288,3.090784,3.090787
437,0.650000,1.232840,2.930974,2.930977
437,0.700000,1.375341,2.768506,2.768509
437,0.750000,1.509626,2.602167,2.602170
437,0.800000,1.635480,2.431152,2.431156
437,0.850000,1.752656,2.255041,2.255044
437,0.900000,1.860897,2.073769,2.073772
437,0.950000,1.959951,1.887600,1.887603
437,1.000000,2.049585,1.697097,1.697099
437,1.050000,2.129602,1.503084,1.503086
437,1.100000,2.199852,1.306611,1.306611
437,1.150000,2.260243,1.108910,1.108907
437,1.200000,2.310746,0.911350,0.911342
437,1.250000,2.351405,0.715393,0.715373
437,1.300000,2.382337,0.522546,0.522496
437,1.350000,2.403736,0.334317,0.334162
437,1.400000,2.415870,0.152170,0.151466
437,1.450000,2.419078,-0.022512,0.021927
437,1.500000,2.413765,-0.188465,0.320715
437,1.550000,2.400396,-0.344569,0.451522
437,1.600000,2.379488,-0.489871,0.604173
437,1.650000,2.351602,-0.623605,0.763883
437,1.700000,2.317330,-0.745195,0.924716
437,1.750000,2.277291,-0.854260,1.083675
437,1.800000,2.232116,-0.950613,1.238971
437,1.850000,2.182442,-1.034249,1.389435
437,1.900000,2.128901,-1.105331,1.534276
437,1.950000,2.072113,-1.164177,1.672973
437,2.000000,2.012680,-1.211238,1.805208
437,2.050000,1.951176,-1.247078,1.930825
437,2.100000,1.888148,-1.272353,2.049794
437,2.150000,1.824105,-1.287790,2.162191
437,2.200000,1.759520,-1.294165,2.268169
437,2.250000,1.694826,-1.292285,2.367938
437,2.300000,1.630415,-1.282972,2.461754
437,2.350000,1.566639,-1.267043,2.549899
437,2.400000,1.503808,-1.245303,2.632670
437,2.450000,1.442193,-1.218530,2.710368
437,2.500000,1.382027,-1.187464,2.783292
437,2.550000,1.323506,-1.152806,2.851734
437,2.600000,1.266795,-1.115209,2.915972
437,2.650000,1.212024,-1.075275,2.976266
437,2.700000,1.159297,-1.033554,3.032862
437,2.750000,1.108690,-0.990544,3.085987
437,2.800000,1.060257,-0.946690,3.135851
437,2.850000,1.014029,-0.902387,3.182646
437,2.900000,0.970020,-0.857981,3.226550
437,2.950000,0.928227,-0.813773,3.267723
437,3.000000,0.888635,-0.770021,3.306315
437,3.050000,0.851214,-0.726941,3.342464
437,3.100000,0.815926,-0.684717,3.376296
437,3.150000,0.782726,-0.643495,3.407928
437,3.200000,0.751558,-0.603395,3.437469
437,3.250000,0.722366,-0.564510,3.465023
437,3.300000,0.695086,-0.526908,3.490684
437,3.350000,0.669653,-0.490638,3.514544
437,3.400000,0.645999,-0.455730,3.536687
437,3.450000,0.624057,-0.422200,3.557196
437,3.500000,0.603756,-0.390048,3.576148
437,3.550000,0.585029,-0.359267,3.593616
437,3.600000,0.567807,-0.329837,3.609670
437,3.650000,0.552023,-0.301733,3.624379
437,3.700000,0.537612,-0.274923,3.637806
437,3.750000,0.524510,-0.249369,3.650013
437,3.800000,0.512655,-0.225032,3.661058
437,3.850000,0.501987,-0.201867,3.670999
437,3.900000,0.492450,-0.179830,3.679888
437,3.950000,0.483986,-0.158874,3.687777
437,4.000000,0.476545,-0.138953,3.694715
437,4.050000,0.470075,-0.120018,3.700749
437,4.100000,0.464527,-0.102025,3.705924
437,4.150000,0.459857,-0.084927,3.710281
437,4.200000,0.456021,-0.068679,3.713861
437,4.250000,0.452976,-0.053238,3.716702
437,4.300000,0.450684,-0.038562,3.718841
437,4.350000,0.449108,-0.024612,3.720313
437,4.400000,0.448211,-0.011348,3.721150
437,4.450000,0.447962,0.001267,3.721382
437,4.500000,0.448328,0.013266,3.721041
437,4.550000,0.449279,0.024684,3.720153
437,4.600000,0.450787,0.035551,3.718745
437,4.650000,0.452825,0.045896,3.716843
437,4.700000,0.455368,0.055747,3.714469
437,4.750000,0.458392,0.065130,3.711648
437,4.800000,0.461874,0.074069,3.708399
437,4.850000,0.465792,0.082585,3.704744
437,4.900000,0.470126,0.090700,3.700701
437,4.950000,0.474856,0.098432,3.696290
437,5.000000,0.479963,0.105799,3.691528
437,5.050000,0.485430,0.112817,3.686431
437,5.100000,0.491239,0.119501,3.681016
437,5.150000,0.497374,0.125864,3.675297
437,5.200000,0.503820,0.131918,3.669290
437,5.250000,0.510561,0.137674,3.663009
437,5.300000,0.517583,0.143142,3.656467
437,5.350000,0.524871,0.148331,3.649677
437,5.400000,0.532412,0.153250,3.642651
437,5.450000,0.540191,0.157904,3.635403
437,5.500000,0.548198,0.162300,3.627944
437,5.550000,0.556417,0.166443,3.620285
437,5.600000,0.564838,0.170339,3.612438
437,5.650000,0.573447,0.173990,3.604414
437,5.700000,0.582233,0.177401,3.596223
437,5.750000,0.591183,0.180575,3.587877
437,5.800000,0.600286,0.183513,3.579386
437,5.850000,0.609531,0.186218,3.570759
437,5.900000,0.618904,0.188692,3.562008
437,5.950000,0.628396,0.190936,3.553143
437,6.000000,0.637994,0.192950,3.544173
437,6.050000,0.647687,0.194737,3.535109
437,6.100000,0.657464,0.196296,3.525960
437,6.150000,0.667313,0.197628,3.516736
437,6.200000,0.677223,0.198734,3.507448
437,6.250000,0.687182,0.199614,3.498105
437,6.300000,0.697180,0.200269,3.488716
437,6.350000,0.707206,0.200699,3.479293
437,6.400000,0.717247,0.200906,3.469844
437,6.450000,0.727292,0.200889,3.460380
437,6.500000,0.737332,0.200651,3.450910
437,6.550000,0.747354,0.200192,3.441444
437,6.600000,0.757347,0.199514,3.431992
437,6.650000,0.767302,0.198618,3.422564
437,6.700000,0.777206,0.197508,3.413170
437,6.750000,0.787049,0.196184,3.403819
437,6.800000,0.796821,0.194651,3.394521
437,6.850000,0.806510,0.192910,3.385285
437,6.900000,0.816108,0.190966,3.376122
437,6.950000,0.825604,0.188822,3.367041
437,7.000000,0.834987,0.186483,3.358050
437,7.050000,0.844249,0.183954,3.349161
437,7.100000,0.853380,0.181239,3.340380
437,7.150000,0.862370,0.178344,3.331719
437,7.200000,0.871211,0.175276,3.323184
437,7.250000,0.879895,0.172039,3.314786
437,7.300000,0.888412,0.168642,3.306531
437,7.350000,0.896756,0.165091,3.298430
437,7.400000,0.904919,0.161394,3.290488
437,7.450000,0.912893,0.157558,3.282715
437,7.500000,0.920673,0.153593,3.275116
437,7.550000,0.928251,0.149505,3.267700
437,7.600000,0.935621,0.145305,3.260473
437,7.650000,0.942779,0.141001,3.253440
437,7.700000,0.949720,0.136603,3.246608
437,7.750000,0.956438,0.132119,3.239983
437,7.800000,0.962931,0.127561,3.233568
437,7.850000,0.969193,0.122936,3.227369
437,7.900000,0.975223,0.118256,3.221389
437,7.950000,0.981018,0.113530,3.215633
437,8.000000,0.986576,0.108769,3.210103
437,8.050000,0.991894,0.103981,3.204802
437,8.100000,0.996973,0.099178,3.199731
437,8.150000,1.001812,0.094368,3.194894
437,8.200000,1.006410,0.089563,3.190290
437,8.250000,1.010769,0.084770,3.185919
437,8.300000,1.014888,0.080000,3.181784
437,8.350000,1.018769,0.075262,3.177881
437,8.400000,1.022415,0.070565,3.174212
437,8.450000,1.025826,0.065917,3.170773
437,8.500000,1.029007,0.061326,3.167564
437,8.550000,1.031960,0.056802,3.164582
437,8.600000,1.034689,0.052351,3.161824
437,8.650000,1.037197,0.047980,3.159286
437,8.700000,1.039488,0.043697,3.156966
437,8.750000,1.041568,0.039508,3.154858
437,8.800000,1.043441,0.035418,3.152959
437,8.850000,1.045111,0.031435,3.151264
437,8.900000,1.046586,0.027562,3.149767
437,8.950000,1.047870,0.023804,3.148463
437,9.000000,1.048968,0.020167,3.147347
437,9.050000,1.049888,0.016652,3.146412
437,9.100000,1.050636,0.013265,3.145652
437,9.150000,1.051217,0.010007,3.145061
437,9.200000,1.051639,0.006881,3.144632
437,9.250000,1.051907,0.003889,3.144358
437,9.300000,1.052030,0.001032,3.144234
437,9.350000,1.052013,-0.001688,3.144251
437,9.400000,1.051863,-0.004271,3.144403
437,9.450000,1.051588,-0.006716,3.144683
437,9.500000,1.051194,-0.009024,3.145084
437,9.550000,1.050688,-0.011195,3.145599
437,9.600000,1.050077,-0.013231,3.146220
437,9.650000,1.049367,-0.015131,3.146941
437,9.700000,1.048566,-0.016898,3.147756
437,9.750000,1.047679,-0.018534,3.148656
437,9.800000,1.046714,-0.020041,3.149636
437,9.850000,1.045677,-0.021421,3.150689
437,9.900000,1.044574,-0.022676,3.151809
437,9.950000,1.043412,-0.023810,3.152989
437,10.000000,1.042195,-0.024826,3.154222

438,0.000000,-1.542857,6.000000,6.000000
438,0.050000,-1.254581,5.543981,5.543982
438,0.100000,-0.987298,5.157788,5.157789
438,0.150000,-0.737865,4.827951,4.827953
438,0.200000,-0.503749,4.543428,4.543431
438,0.250000,-0.282920,4.295086,4.295089
438,0.300000,-0.073766,4.075303,4.075307
438,0.350000,0.124978,3.877681,3.877684
438,0.400000,0.314281,3.696819,3.696823
438,0.450000,0.494863,3.528153,3.528156
438,0.500000,0.667235,3.367823,3.367827
438,0.550000,0.831730,3.212587,3.212591
438,0.600000,0.988533,3.059745,3.059749
438,0.650000,1.137707,2.907087,2.907091
438,0.700000,1.279216,2.752854,2.752858
438,0.750000,1.412944,2.595703,2.595707
438,0.800000,1.538721,2.434682,2.434686
438,0.850000,1.656338,2.269204,2.269207
438,0.900000,1.765563,2.099023,2.099026
438,0.950000,1.866163,1.924210,1.924214
438,1.000000,1.957913,1.745127,1.745130
438,1.050000,2.040614,1.562394,1.562396
438,1.100000,2.114105,1.376855,1.376857
438,1.150000,2.178270,1.189548,1.189548
438,1.200000,2.233050,1.001658,1.001655
438,1.250000,2.278448,0.814482,0.814473
438,1.300000,2.314533,0.629384,0.629361
438,1.350000,2.341444,0.447754,0.447693
438,1.400000,2.359389,0.270969,0.270763
438,1.450000,2.368644,0.100354,0.099364
438,1.500000,2.369548,-0.062854,0.062099
438,1.550000,2.362501,-0.217529,0.242990
438,1.600000,2.347954,-0.362689,0.402092
438,1.650000,2.326405,-0.497506,0.563393
438,1.700000,2.298387,-0.621324,0.723689
438,1.750000,2.264464,-0.733663,0.881306
438,1.800000,2.225218,-0.834219,1.035099
438,1.850000,2.181241,-0.922863,1.184211
438,1.900000,2.133129,-0.999627,1.327997
438,1.950000,2.081473,-1.064697,1.465989
438,2.000000,2.026849,-1.118391,1.597872
438,2.050000,1.969816,-1.161148,1.723461
438,2.100000,1.910908,-1.193506,1.842687
438,2.150000,1.850629,-1.216081,1.955577
438,2.200000,1.789452,-1.229552,2.062233
438,2.250000,1.727814,-1.234640,2.162824
438,2.300000,1.666115,-1.232093,2.257560
438,2.350000,1.604719,-1.222666,2.346689
438,2.400000,1.543950,-1.207116,2.430478
438,2.450000,1.484097,-1.186181,2.509206
438,2.500000,1.425410,-1.160576,2.583153
438,2.550000,1.368106,-1.130983,2.652599
438,2.600000,1.312368,-1.098046,2.717812
438,2.650000,1.258347,-1.062365,2.779049
438,2.700000,1.206167,-1.024496,2.836554
438,2.750000,1.155925,-0.984944,2.890553
438,2.800000,1.107693,-0.944170,2.941258
438,2.850000,1.061522,-0.902586,2.988862
438,2.900000,1.017442,-0.860557,3.033546
438,2.950000,0.975468,-0.818405,3.075474
438,3.000000,0.935599,-0.776410,3.114798
438,3.050000,0.897821,-0.734812,3.151657
438,3.100000,0.862108,-0.693817,3.186181
438,3.150000,0.828426,-0.653595,3.218489
438,3.200000,0.796733,-0.614286,3.248690
438,3.250000,0.766980,-0.576005,3.276888
438,3.300000,0.739114,-0.538839,3.303180
438,3.350000,0.713077,-0.502857,3.327656
438,3.400000,0.688808,-0.468107,3.350402
438,3.450000,0.666245,-0.434619,3.371498
438,3.500000,0.645324,-0.402412,3.391022
438,3.550000,0.625982,-0.371490,3.409047
438,3.600000,0.608154,-0.341847,3.425642
438,3.650000,0.591776,-0.313469,3.440875
438,3.700000,0.576787,-0.286334,3.454809
438,3.750000,0.563123,-0.260415,3.467506
438,3.800000,0.550725,-0.235680,3.479022
438,3.850000,0.539536,-0.212092,3.489416
438,3.900000,0.529498,-0.189614,3.498739
438,3.950000,0.520557,-0.168204,3.507043
438,4.000000,0.512660,-0.147821,3.514378
438,4.050000,0.505758,-0.128424,3.520790
438,4.100000,0.499802,-0.109968,3.526323
438,4.150000,0.494746,-0.092413,3.531021
438,4.200000,0.490546,-0.075716,3.534924
438,4.250000,0.487161,-0.059837,3.538070
438,4.300000,0.484550,-0.044736,3.540497
438,4.350000,0.482675,-0.030375,3.542239
438,4.400000,0.481501,-0.016716,3.543331
438,4.450000,0.480992,-0.003726,3.543803
438,4.500000,0.481118,0.008631,3.543687
438,4.550000,0.481845,0.020386,3.543011
438,4.600000,0.483147,0.031569,3.541801
438,4.650000,0.484993,0.042210,3.540085
438,4.700000,0.487359,0.052335,3.537886
438,4.750000,0.490219,0.061969,3.535228
438,4.800000,0.493548,0.071136,3.532134
438,4.850000,0.497325,0.079858,3.528625
438,4.900000,0.501527,0.088156,3.524721
438,4.950000,0.506134,0.096048,3.520441
438,5.000000,0.511125,0.103553,3.515804
438,5.050000,0.516483,0.110686,3.510827
438,5.100000,0.522188,0.117462,3.505528
438,5.150000,0.528223,0.123895,3.499923
438,5.200000,0.534572,0.129997,3.494026
438,5.250000,0.541218,0.135779,3.487854
438,5.300000,0.548145,0.141252,3.481419
438,5.350000,0.555338,0.146425,3.474738
438,5.400000,0.562782,0.151306,3.467822
438,5.450000,0.570464,0.155903,3.460685
438,5.500000,0.578368,0.160221,3.453340
438,5.550000,0.586481,0.164268,3.445798
438,5.600000,0.594790,0.168048,3.438073
438,5.650000,0.603282,0.171566,3.430176
438,5.700000,0.611943,0.174826,3.422117
438,5.750000,0.620760,0.177832,3.413910
438,5.800000,0.629721,0.180586,3.405564
438,5.850000,0.638814,0.183091,3.397091
438,5.900000,0.648026,0.185350,3.388502
438,5.950000,0.657345,0.187366,3.379807
438,6.000000,0.666759,0.189139,3.371018
438,6.050000,0.676255,0.190671,3.362144
438,6.100000,0.685822,0.191965,3.353196
438,6.150000,0.695448,0.193022,3.344184
438,6.200000,0.705120,0.193844,3.335119
438,6.250000,0.714828,0.194431,3.326012
438,6.300000,0.724560,0.194786,3.316871
438,6.350000,0.734303,0.194910,3.307709
438,6.400000,0.744047,0.194806,3.298533
438,6.450000,0.753780,0.194475,3.289356
438,6.500000,0.763491,0.193919,3.280187
438,6.550000,0.773168,0.193141,3.271035
438,6.600000,0.782801,0.192144,3.261911
438,6.650000,0.792379,0.190930,3.252825
438,6.700000,0.801891,0.189503,3.243787
438,6.750000,0.811326,0.187867,3.234806
438,6.800000,0.820674,0.186026,3.225893
438,6.850000,0.829925,0.183983,3.217056
438,6.900000,0.839069,0.181744,3.208305
438,6.950000,0.848096,0.179313,3.199649
438,7.000000,0.856997,0.176697,3.191099
438,7.050000,0.865763,0.173901,3.182661
438,7.100000,0.874384,0.170931,3.174346
438,7.150000,0.882853,0.167794,3.166162
438,7.200000,0.891161,0.164496,3.158118
438,7.250000,0.899300,0.161046,3.150221
438,7.300000,0.907263,0.157450,3.142479
438,7.350000,0.915043,0.153717,3.134900
438,7.400000,0.922633,0.149855,3.127491
438,7.450000,0.930026,0.145873,3.120258
438,7.500000,0.937218,0.141779,3.113210
438,7.550000,0.944203,0.137582,3.106350
438,7.600000,0.950975,0.133292,3.099687
438,7.650000,0.957530,0.128918,3.093223
438,7.700000,0.963865,0.124470,3.086966
438,7.750000,0.969976,0.119957,3.080918
438,7.800000,0.975860,0.115390,3.075085
438,7.850000,0.981515,0.110777,3.069469
438,7.900000,0.986937,0.106130,3.064073
438,7.950000,0.992127,0.101457,3.058901
438,8.000000,0.997083,0.096768,3.053954
438,8.050000,1.001804,0.092074,3.049234
438,8.100000,1.006290,0.087383,3.044742
438,8.150000,1.010542,0.082706,3.040478
438,8.200000,1.014561,0.078050,3.036442
438,8.250000,1.018348,0.073426,3.032634
438,8.300000,1.021905,0.068842,3.029054
438,8.350000,1.025233,0.064307,3.025699
438,8.400000,1.028336,0.059827,3.022567
438,8.450000,1.031217,0.055412,3.019657
438,8.500000,1.033879,0.051069,3.016966
438,8.550000,1.036325,0.046805,3.014490
438,8.600000,1.038561,0.042627,3.012226
438,8.650000,1.040589,0.038540,3.010169
438,8.700000,1.042416,0.034551,3.008316
438,8.750000,1.044046,0.030665,3.006662
438,8.800000,1.045484,0.026887,3.005201
438,8.850000,1.046737,0.023222,3.003929
438,8.900000,1.047809,0.019674,3.002839
438,8.950000,1.048706,0.016247,3.001927
438,9.000000,1.049435,0.012943,3.001185
438,9.050000,1.050003,0.009765,3.000608
438,9.100000,1.050414,0.006717,3.000189
438,9.150000,1.050676,0.003799,2.999922
438,9.200000,1.050796,0.001013,2.999800
438,9.250000,1.050780,-0.001640,2.999817
438,9.300000,1.050634,-0.004159,2.999965
438,9.350000,1.050366,-0.006544,3.000238
438,9.400000,1.049982,-0.008795,3.000629
438,9.450000,1.049489,-0.010913,3.001130
438,9.500000,1.048893,-0.012898,3.001736
438,9.550000,1.048201,-0.014752,3.002440
438,9.600000,1.047420,-0.016476,3.003234
438,9.650000,1.046556,-0.018072,3.004113
438,9.700000,1.045615,-0.019542,3.005069
438,9.750000,1.044604,-0.020888,3.006096
438,9.800000,1.043528,-0.022113,3.007188
438,9.850000,1.042394,-0.023220,3.008338
438,9.900000,1.041208,-0.024211,3.009542
438,9.950000,1.039975,-0.025090,3.010792
438,10.000000,1.038701,-0.025861,3.012084

439,0.000000,-1.615038,6.000000,6.000000
439,0.050000,-1.327113,5.530358,5.530359
439,0.100000,-1.060799,5.133053,5.133055
439,0.150000,-0.812834,4.794312,4.794315
439,0.200000,-0.580581,4.502874,4.502877
439,0.250000,-0.361915,4.249444,4.249447
439,0.300000,-0.155133,4.026287,4.026290
439,0.350000,0.041110,3.826916,3.826920
439,0.400000,0.227863,3.645865,3.645869
439,0.450000,0.405924,3.478508,3.478512
439,0.500000,0.575877,3.320932,3.320935
439,0.550000,0.738125,3.169831,3.169835
439,0.600000,0.892921,3.022438,3.022442
439,0.650000,1.040392,2.876460,2.876464
439,0.700000,1.180560,2.730039,2.730043
439,0.750000,1.313364,2.581717,2.581721
439,0.800000,1.438681,2.430408,2.430412
439,0.850000,1.556342,2.275374,2.275377
439,0.900000,1.666149,2.116199,2.116203
439,0.950000,1.767891,1.952774,1.952778
439,1.000000,1.861359,1.785267,1.785270
439,1.050000,1.946357,1.614098,1.614101
439,1.100000,2.022718,1.439912,1.439915
439,1.150000,2.090312,1.263548,1.263550
439,1.200000,2.149053,1.086004,1.086004
439,1.250000,2.198911,0.908401,0.908398
439,1.300000,2.239913,0.731947,0.731938
439,1.350000,2.272146,0.557900,0.557875
439,1.400000,2.295764,0.387529,0.387458
439,1.450000,2.310981,0.222078,0.221820
439,1.500000,2.318074,0.062740,0.061762
439,1.550000,2.317375,-0.089383,0.090500
439,1.600000,2.309272,-0.233297,0.250574
439,1.650000,2.294197,-0.368136,0.404135
439,1.700000,2.272622,-0.493183,0.557431
439,1.750000,2.245052,-0.607875,0.708952
439,1.800000,2.212014,-0.711808,0.857571
439,1.850000,2.174054,-0.804738,1.002406
439,1.900000,2.131725,-0.886576,1.142755
439,1.950000,2.085581,-0.957376,1.278078
439,2.000000,2.036169,-1.017329,1.407978
439,2.050000,1.984024,-1.066746,1.532186
439,2.100000,1.929663,-1.106041,1.650545
439,2.150000,1.873580,-1.135716,1.762999
439,2.200000,1.816242,-1.156342,1.869574
439,2.250000,1.758086,-1.168547,1.970368
439,2.300000,1.699517,-1.172992,2.065529
439,2.350000,1.640905,-1.170362,2.155250
439,2.400000,1.582587,-1.161353,2.239751
439,2.450000,1.524865,-1.146655,2.319275
439,2.500000,1.468005,-1.126945,2.394071
439,2.550000,1.412243,-1.102878,2.464394
439,2.600000,1.357779,-1.075079,2.530496
439,2.650000,1.304787,-1.044139,2.592620
439,2.700000,1.253409,-1.010611,2.651002
439,2.750000,1.203761,-0.975004,2.705861
439,2.800000,1.155935,-0.937787,2.757407
439,2.850000,1.110002,-0.899385,2.805833
439,2.900000,1.066010,-0.860179,2.851317
439,2.950000,1.023991,-0.820510,2.894026
439,3.000000,0.983962,-0.780678,2.934113
439,3.050000,0.945922,-0.740945,2.971719
439,3.100000,0.909862,-0.701538,3.006974
439,3.150000,0.875759,-0.662649,3.039998
439,3.200000,0.843585,-0.624442,3.070903
439,3.250000,0.813302,-0.587051,3.099793
439,3.300000,0.784865,-0.550585,3.126764
439,3.350000,0.758226,-0.515133,3.151907
439,3.400000,0.733334,-0.480759,3.175309
439,3.450000,0.710132,-0.447515,3.197049
439,3.500000,0.688563,-0.415432,3.217204
439,3.550000,0.668569,-0.384532,3.235847
439,3.600000,0.650090,-0.354822,3.253046
439,3.650000,0.633067,-0.326300,3.268869
439,3.700000,0.617440,-0.298958,3.283378
439,3.750000,0.603151,-0.272777,3.296634
439,3.800000,0.590143,-0.247736,3.308694
439,3.850000,0.578359,-0.223806,3.319614
439,3.900000,0.567745,-0.200958,3.329448
439,3.950000,0.558246,-0.179158,3.338246
439,4.000000,0.549812,-0.158370,3.346056
439,4.050000,0.542393,-0.138557,3.352926
439,4.100000,0.535941,-0.119681,3.358901
439,4.150000,0.530410,-0.101705,3.364022
439,4.200000,0.525756,-0.084590,3.368332
439,4.250000,0.521937,-0.068300,3.371868
439,4.300000,0.518913,-0.052796,3.374668
439,4.350000,0.516645,-0.038044,3.376768
439,4.400000,0.515096,-0.024008,3.378202
439,4.450000,0.514233,-0.010655,3.379002
439,4.500000,0.514020,0.002048,3.379199
439,4.550000,0.514427,0.014131,3.378822
439,4.600000,0.515423,0.025623,3.377900
439,4.650000,0.516980,0.036553,3.376458
439,4.700000,0.519070,0.046948,3.374523
439,4.750000,0.521666,0.056830,3.372118
439,4.800000,0.524745,0.066225,3.369268
439,4.850000,0.528281,0.075154,3.365993
439,4.900000,0.532253,0.083636,3.362316
439,4.950000,0.536638,0.091692,3.358256
439,5.000000,0.541415,0.099338,3.353832
439,5.050000,0.546565,0.106592,3.349063
439,5.100000,0.552068,0.113467,3.343967
439,5.150000,0.557906,0.119978,3.338561
439,5.200000,0.564060,0.126138,3.332861
439,5.250000,0.570514,0.131958,3.326883
439,5.300000,0.577250,0.137449,3.320642
439,5.350000,0.584253,0.142619,3.314153
439,5.400000,0.591507,0.147480,3.307430
439,5.450000,0.598996,0.152037,3.300487
439,5.500000,0.606706,0.156298,3.293337
439,5.550000,0.614621,0.160270,3.285994
439,5.600000,0.622728,0.163959,3.278470
439,5.650000,0.631012,0.167370,3.270777
439,5.700000,0.639460,0.170507,3.262928
439,5.750000,0.648059,0.173376,3.254935
439,5.800000,0.656794,0.175979,3.246810
439,5.850000,0.665652,0.178320,3.238563
439,5.900000,0.674621,0.180404,3.230207
439,5.950000,0.683688,0.182232,3.221752
439,6.000000,0.692840,0.183807,3.213210
439,6.050000,0.702065,0.185133,3.204592
439,6.100000,0.711349,0.186212,3.195909
439,6.150000,0.720682,0.187046,3.187171
439,6.200000,0.730050,0.187638,3.178389
439,6.250000,0.739442,0.187991,3.169574
439,6.300000,0.748845,0.188107,3.160737
439,6.350000,0.758248,0.187989,3.151887
439,6.400000,0.767640,0.187640,3.143034
439,6.450000,0.777009,0.187063,3.134191
439,6.500000,0.786343,0.186261,3.125366
439,6.550000,0.795631,0.185239,3.116569
439,6.600000,0.804863,0.183999,3.107812
439,6.650000,0.814027,0.182546,3.099103
439,6.700000,0.823114,0.180884,3.090452
439,6.750000,0.832112,0.179019,3.081870
439,6.800000,0.841013,0.176954,3.073365
439,6.850000,0.849805,0.174696,3.064947
439,6.900000,0.858479,0.172250,3.056626
439,6.950000,0.867027,0.169623,3.048410
439,7.000000,0.875438,0.166819,3.040308
439,7.050000,0.883706,0.163848,3.032329
439,7.100000,0.891820,0.160714,3.024481
439,7.150000,0.899775,0.157426,3.016773
439,7.200000,0.907561,0.153992,3.009212
439,7.250000,0.915172,0.150419,3.001805
439,7.300000,0.922600,0.146716,2.994561
439,7.350000,0.929841,0.142891,2.987486
439,7.400000,0.936888,0.138954,2.980586
439,7.450000,0.943735,0.134912,2.973868
439,7.500000,0.950377,0.130776,2.967338
439,7.550000,0.956811,0.126554,2.961000
439,7.600000,0.963031,0.122256,2.954861
439,7.650000,0.969035,0.117891,2.948923
439,7.700000,0.974820,0.113470,2.943193
439,7.750000,0.980382,0.109002,2.937672
439,7.800000,0.985719,0.104497,2.932365
439,7.850000,0.990831,0.099963,2.927273
439,7.900000,0.995715,0.095412,2.922400
439,7.950000,1.000372,0.090852,2.917747
439,8.000000,1.004800,0.086293,2.913314
439,8.050000,1.009001,0.081743,2.909103
439,8.100000,1.012975,0.077213,2.905114
439,8.150000,1.016723,0.072711,2.901347
439,8.200000,1.020247,0.068245,2.897800
439,8.250000,1.023548,0.063823,2.894473
439,8.300000,1.026630,0.059455,2.891364
439,8.350000,1.029495,0.055146,2.888471
439,8.400000,1.032146,0.050906,2.885791
439,8.450000,1.034587,0.046740,2.883321
439,8.500000,1.036821,0.042656,2.881057
439,8.550000,1.038854,0.038659,2.878997
439,8.600000,1.040689,0.034755,2.877136
439,8.650000,1.042331,0.030951,2.875469
439,8.700000,1.043785,0.027250,2.873992
439,8.750000,1.045058,0.023657,2.872699
439,8.800000,1.046153,0.020176,2.871585
439,8.850000,1.047077,0.016812,2.870645
439,8.900000,1.047836,0.013567,2.869873
439,8.950000,1.048436,0.010444,2.869263
439,9.000000,1.048883,0.007445,2.868808
439,9.050000,1.049183,0.004573,2.868503
439,9.100000,1.049342,0.001828,2.868341
439,9.150000,1.049368,-0.000788,2.868315
439,9.200000,1.049265,-0.003273,2.868419
439,9.250000,1.049042,-0.005629,2.868646
439,9.300000,1.048705,-0.007855,2.868989
439,9.350000,1.048259,-0.009952,2.869443
439,9.400000,1.047712,-0.011919,2.870000
439,9.450000,1.047069,-0.013759,2.870654
439,9.500000,1.046338,-0.015472,2.871397
439,9.550000,1.045524,-0.017061,2.872225
439,9.600000,1.044634,-0.018527,2.873130
439,9.650000,1.043673,-0.019872,2.874105
439,9.700000,1.042649,-0.021098,2.875146
439,9.750000,1.041565,-0.022209,2.876246
439,9.800000,1.040430,-0.023208,2.877399
439,9.850000,1.039247,-0.024096,2.878599
439,9.900000,1.038022,-0.024878,2.879841
439,9.950000,1.036760,-0.025556,2.881119
439,10.000000,1.035468,-0.026135,2.882428

440,0.000000,-1.687218,6.000000,6.000000
440,0.050000,-1.399658,5.516225,5.516226
440,0.100000,-1.134351,5.107309,5.107311
440,0.150000,-0.887917,4.759164,4.759166
440,0.200000,-0.657615,4.460302,4.460305
440,0.250000,-0.441224,4.201265,4.201269
440,0.300000,-0.236957,3.974199,3.974203
440,0.350000,-0.043382,3.772531,3.772535
440,0.400000,0.140627,3.590728,3.590732
440,0.450000,0.315943,3.424111,3.424115
440,0.500000,0.483225,3.268715,3.268719
440,0.550000,0.642946,3.121185,3.121189
440,0.600000,0.795427,2.978691,2.978696
440,0.650000,0.940859,2.838873,2.838877
440,0.700000,1.079326,2.699787,2.699791
440,0.750000,1.210824,2.559873,2.559878
440,0.800000,1.335279,2.417927,2.417931
440,0.850000,1.452568,2.273072,2.273076
440,0.900000,1.562528,2.124741,2.124745
440,0.950000,1.664979,1.972654,1.972658
440,1.000000,1.759731,1.816796,1.816800
440,1.050000,1.846600,1.657397,1.657401
440,1.100000,1.925419,1.494907,1.494911
440,1.150000,1.996050,1.329968,1.329971
440,1.200000,2.058388,1.163387,1.163389
440,1.250000,2.112377,0.996105,0.996105
440,1.300000,2.158005,0.829162,0.829159
440,1.350000,2.195317,0.663668,0.663660
440,1.400000,2.224415,0.500769,0.500744
440,1.450000,2.245456,0.341611,0.341535
440,1.500000,2.258657,0.187312,0.187016
440,1.550000,2.264286,0.038934,0.038732
440,1.600000,2.262665,-0.102541,0.107205
440,1.650000,2.254162,-0.236237,0.253370
440,1.700000,2.239184,-0.361395,0.397633
440,1.750000,2.218175,-0.477388,0.541362
440,1.800000,2.191606,-0.583730,0.683324
440,1.850000,2.159969,-0.680078,0.822548
440,1.900000,2.123769,-0.766228,0.958256
440,1.950000,2.083517,-0.842118,1.089825
440,2.000000,2.039727,-0.907811,1.216771
440,2.050000,1.992903,-0.963493,1.338733
440,2.100000,1.943540,-1.009451,1.455468
440,2.150000,1.892114,-1.046070,1.566831
440,2.200000,1.839081,-1.073807,1.672765
440,2.250000,1.784873,-1.093186,1.773288
440,2.300000,1.729892,-1.104775,1.868481
440,2.350000,1.674515,-1.109177,1.958472
440,2.400000,1.619084,-1.107015,2.043428
440,2.450000,1.563912,-1.098921,2.123543
440,2.500000,1.509280,-1.085522,2.199031
440,2.550000,1.455438,-1.067436,2.270114
440,2.600000,1.402605,-1.045260,2.337019
440,2.650000,1.350971,-1.019565,2.399971
440,2.700000,1.300698,-0.990893,2.459191
440,2.750000,1.251923,-0.959751,2.514889
440,2.800000,1.204756,-0.926608,2.567267
440,2.850000,1.159288,-0.891896,2.616514
440,2.900000,1.115586,-0.856009,2.662808
440,2.950000,1.073701,-0.819302,2.706313
440,3.000000,1.033665,-0.782092,2.747183
440,3.050000,0.995495,-0.744660,2.785558
440,3.100000,0.959198,-0.707254,2.821571
440,3.150000,0.924766,-0.670087,2.855342
440,3.200000,0.892182,-0.633344,2.886983
440,3.250000,0.861422,-0.597181,2.916599
440,3.300000,0.832452,-0.561728,2.944288
440,3.350000,0.805235,-0.527093,2.970141
440,3.400000,0.779728,-0.493361,2.994242
440,3.450000,0.755883,-0.460601,3.016673
440,3.500000,0.733651,-0.428863,3.037509
440,3.550000,0.712979,-0.398184,3.056824
440,3.600000,0.693814,-0.368587,3.074684
440,3.650000,0.676102,-0.340084,3.091157
440,3.700000,0.659788,-0.312679,3.106304
440,3.750000,0.644816,-0.286366,3.120185
440,3.800000,0.631133,-0.261135,3.132857
440,3.850000,0.618685,-0.236966,3.144376
440,3.900000,0.607419,-0.213839,3.154793
440,3.950000,0.597284,-0.191727,3.164160
440,4.000000,0.588230,-0.170602,3.172524
440,4.050000,0.580208,-0.150435,3.179933
440,4.100000,0.573171,-0.131191,3.186430
440,4.150000,0.567074,-0.112840,3.192059
440,4.200000,0.561873,-0.095346,3.196859
440,4.250000,0.557526,-0.078677,3.200872
440,4.300000,0.553992,-0.062798,3.204133
440,4.350000,0.551233,-0.047678,3.206679
440,4.400000,0.549212,-0.033282,3.208544
440,4.450000,0.547893,-0.019581,3.209761
440,4.500000,0.547243,-0.006544,3.210361
440,4.550000,0.547228,0.005860,3.210375
440,4.600000,0.547819,0.017656,3.209830
440,4.650000,0.548984,0.028874,3.208754
440,4.700000,0.550697,0.039537,3.207174
440,4.750000,0.552929,0.049671,3.205114
440,4.800000,0.555656,0.059298,3.202598
440,4.850000,0.558851,0.068438,3.199648
440,4.900000,0.562492,0.077114,3.196288
440,4.950000,0.566555,0.085343,3.192538
440,5.000000,0.571019,0.093142,3.188417
440,5.050000,0.575862,0.100529,3.183945
440,5.100000,0.581065,0.107519,3.179141
440,5.150000,0.586608,0.114125,3.174023
440,5.200000,0.592471,0.120360,3.168606
440,5.250000,0.598638,0.126237,3.162909
440,5.300000,0.605089,0.131767,3.156947
440,5.350000,0.611809,0.136960,3.150735
440,5.400000,0.618780,0.141824,3.144288
440,5.450000,0.625986,0.146369,3.137621
440,5.500000,0.633411,0.150602,3.130748
440,5.550000,0.641041,0.154531,3.123682
440,5.600000,0.648860,0.158162,3.116438
440,5.650000,0.656852,0.161501,3.109027
440,5.700000,0.665005,0.164553,3.101463
440,5.750000,0.673303,0.167325,3.093757
440,5.800000,0.681733,0.169819,3.085924
440,5.850000,0.690280,0.172041,3.077974
440,5.900000,0.698932,0.173996,3.069919
440,5.950000,0.707676,0.175686,3.061771
440,6.000000,0.716497,0.177115,3.053541
440,6.050000,0.725383,0.178288,3.045241
440,6.100000,0.734321,0.179208,3.036882
440,6.150000,0.743300,0.179878,3.028475
440,6.200000,0.752305,0.180302,3.020031
440,6.250000,0.761326,0.180483,3.011561
440,6.300000,0.770349,0.180426,3.003075
440,6.350000,0.779364,0.180133,2.994585
440,6.400000,0.788359,0.179609,2.986100
440,6.450000,0.797321,0.178858,2.977631
440,6.500000,0.806241,0.177885,2.969188
440,6.550000,0.815106,0.176693,2.960782
440,6.600000,0.823907,0.175288,2.952421
440,6.650000,0.832632,0.173675,2.944117
440,6.700000,0.841271,0.171858,2.935879
440,6.750000,0.849814,0.169844,2.927716
440,6.800000,0.858252,0.167639,2.919638
440,6.850000,0.866575,0.165248,2.911654
440,6.900000,0.874774,0.162678,2.903773
440,6.950000,0.882840,0.159937,2.896003
440,7.000000,0.890765,0.157030,2.888353
440,7.050000,0.898540,0.153967,2.880832
440,7.100000,0.906159,0.150753,2.873446
440,7.150000,0.913613,0.147397,2.866205
440,7.200000,0.920896,0.143908,2.859115
440,7.250000,0.928002,0.140294,2.852183
440,7.300000,0.934924,0.136563,2.845416
440,7.350000,0.941657,0.132725,2.838821
440,7.400000,0.948195,0.128788,2.832402
440,7.450000,0.954534,0.124761,2.826167
440,7.500000,0.960670,0.120655,2.820120
440,7.550000,0.966598,0.116477,2.814265
440,7.600000,0.972316,0.112239,2.808607
440,7.650000,0.977821,0.107948,2.803150
440,7.700000,0.983110,0.103616,2.797897
440,7.750000,0.988182,0.099250,2.792850
440,7.800000,0.993035,0.094862,2.788014
440,7.850000,0.997668,0.090459,2.783388
440,7.900000,1.002081,0.086051,2.778976
440,7.950000,1.006273,0.081648,2.774777
440,8.000000,1.010246,0.077258,2.770792
440,8.050000,1.014000,0.072890,2.767022
440,8.100000,1.017535,0.068553,2.763466
440,8.150000,1.020855,0.064253,2.760122
440,8.200000,1.023962,0.060001,2.756990
440,8.250000,1.026856,0.055802,2.754068
440,8.300000,1.029543,0.051665,2.751353
440,8.350000,1.032024,0.047596,2.748844
440,8.400000,1.034304,0.043603,2.746535
440,8.450000,1.036386,0.039690,2.744426
440,8.500000,1.038274,0.035865,2.742511
440,8.550000,1.039974,0.032131,2.740786
440,8.600000,1.041489,0.028496,2.739247
440,8.650000,1.042825,0.024962,2.737890
440,8.700000,1.043987,0.021535,2.736709
440,8.750000,1.044980,0.018218,2.735698
440,8.800000,1.045811,0.015014,2.734854
440,8.850000,1.046484,0.011926,2.734169
440,8.900000,1.047005,0.008958,2.733638
440,8.950000,1.047381,0.006110,2.733255
440,9.000000,1.047618,0.003385,2.733014
440,9.050000,1.047722,0.000783,2.732908
440,9.100000,1.047699,-0.001693,2.732932
440,9.150000,1.047555,-0.004045,2.733078
440,9.200000,1.047296,-0.006271,2.733341
440,9.250000,1.046930,-0.008371,2.733715
440,9.300000,1.046461,-0.010347,2.734192
440,9.350000,1.045897,-0.012199,2.734766
440,9.400000,1.045243,-0.013928,2.735431
440,9.450000,1.044506,-0.015536,2.736180
440,9.500000,1.043692,-0.017024,2.737009
440,9.550000,1.042806,-0.018394,2.737909
440,9.600000,1.041854,-0.019649,2.738876
440,9.650000,1.040843,-0.020791,2.739903
440,9.700000,1.039777,-0.021822,2.740985
440,9.750000,1.038663,-0.022745,2.742117
440,9.800000,1.037504,-0.023564,2.743291
440,9.850000,1.036308,-0.024281,2.744505
440,9.900000,1.035078,-0.024900,2.745751
440,9.950000,1.033819,-0.025423,2.747026
440,10.000000,1.032537,-0.025855,2.748324

441,0.000000,-1.759398,6.000000,6.000000
441,0.050000,-1.472216,5.501581,5.501582
441,0.100000,-1.207954,5.080553,5.080555
441,0.150000,-0.963114,4.722503,4.722506
441,0.200000,-0.734851,4.415708,4.415711
441,0.250000,-0.520851,4.150538,4.150542
441,0.300000,-0.319237,3.919020,3.919024
441,0.350000,-0.128500,3.714493,3.714497
441,0.400000,0.052568,3.531359,3.531363
441,0.450000,0.224913,3.364889,3.364894
441,0.500000,0.389267,3.211074,3.211079
441,0.550000,0.546175,3.066514,3.066518
441,0.600000,0.696025,2.928330,2.928335
441,0.650000,0.839073,2.794102,2.794106
441,0.700000,0.975467,2.661815,2.661819
441,0.750000,1.105260,2.529823,2.529827
441,0.800000,1.228432,2.396816,2.396820
441,0.850000,1.344908,2.261797,2.261802
441,0.900000,1.454566,2.124060,2.124065
441,0.950000,1.557261,1.983170,1.983174
441,1.000000,1.652828,1.838942,1.838947
441,1.050000,1.741100,1.691428,1.691432
441,1.100000,1.821920,1.540887,1.540891
441,1.150000,1.895146,1.387771,1.387775
441,1.200000,1.960664,1.232697,1.232701
441,1.250000,2.018396,1.076420,1.076423
441,1.300000,2.068301,0.919808,0.919809
441,1.350000,2.110387,0.763811,0.763809
441,1.400000,2.144709,0.609433,0.609425
441,1.450000,2.171374,0.457705,0.457682
441,1.500000,2.190541,0.309652,0.309579
441,1.550000,2.202417,0.166272,0.165973
441,1.600000,2.207262,0.028506,0.029122
441,1.650000,2.205376,-0.102778,0.113054
441,1.700000,2.197105,-0.226806,0.245509
441,1.750000,2.182828,-0.342911,0.379236
441,1.800000,2.162955,-0.450543,0.512825
441,1.850000,2.137922,-0.549278,0.644952
441,1.900000,2.108181,-0.638816,0.774679
441,1.950000,2.074196,-0.718984,0.901273
441,2.000000,2.036439,-0.789729,1.024153
441,2.050000,1.995380,-0.851114,1.142869
441,2.100000,1.951481,-0.903306,1.257083
441,2.150000,1.905198,-0.946565,1.366562
441,2.200000,1.856968,-0.981234,1.471161
441,2.250000,1.807211,-1.007725,1.570816
441,2.300000,1.756324,-1.026506,1.665531
441,2.350000,1.704681,-1.038086,1.755364
441,2.400000,1.652627,-1.043007,1.840421
441,2.450000,1.600482,-1.041829,1.920840
441,2.500000,1.548536,-1.035120,1.996788
441,2.550000,1.497052,-1.023448,2.068449
441,2.600000,1.446265,-1.007370,2.136017
441,2.650000,1.396380,-0.987430,2.199692
441,2.700000,1.347577,-0.964146,2.259672
441,2.750000,1.300013,-0.938014,2.316156
441,2.800000,1.253816,-0.909496,2.369331
441,2.850000,1.209095,-0.879026,2.419380
441,2.900000,1.165939,-0.847003,2.466475
441,2.950000,1.124415,-0.813789,2.510777
441,3.000000,1.084574,-0.779718,2.552437
441,3.050000,1.046453,-0.745084,2.591596
441,3.100000,1.010071,-0.710153,2.628385
441,3.150000,0.975438,-0.675159,2.662925
441,3.200000,0.942553,-0.640305,2.695329
441,3.250000,0.911402,-0.605768,2.725703
441,3.300000,0.881968,-0.571699,2.754143
441,3.350000,0.854223,-0.538227,2.780741
441,3.400000,0.828134,-0.505456,2.805583
441,3.450000,0.803664,-0.473474,2.828749
441,3.500000,0.780772,-0.442350,2.850314
441,3.550000,0.759414,-0.412138,2.870351
441,3.600000,0.739542,-0.382877,2.888926
441,3.650000,0.721110,-0.354596,2.906106
441,3.700000,0.704066,-0.327311,2.921952
441,3.750000,0.688362,-0.301030,2.936523
441,3.800000,0.673946,-0.275755,2.949875
441,3.850000,0.660770,-0.251477,2.962062
441,3.900000,0.648782,-0.228187,2.973136
441,3.950000,0.637935,-0.205866,2.983148
441,4.000000,0.628180,-0.184495,2.992145
441,4.050000,0.619470,-0.164051,3.000172
441,4.100000,0.611759,-0.144509,3.007275
441,4.150000,0.605004,-0.125840,3.013496
441,4.200000,0.599161,-0.108018,3.018875
441,4.250000,0.594189,-0.091012,3.023451
441,4.300000,0.590047,-0.074794,3.027262
441,4.350000,0.586697,-0.059334,3.030344
441,4.400000,0.584101,-0.044603,3.032732
441,4.450000,0.582225,-0.030571,3.034458
441,4.500000,0.581033,-0.017212,3.035554
441,4.550000,0.580493,-0.004498,3.036051
441,4.600000,0.580573,0.007598,3.035978
441,4.650000,0.581243,0.019101,3.035361
441,4.700000,0.582474,0.030036,3.034229
441,4.750000,0.584237,0.040425,3.032607
441,4.800000,0.586508,0.050291,3.030519
441,4.850000,0.589258,0.059655,3.027988
441,4.900000,0.592465,0.068535,3.025037
441,4.950000,0.596104,0.076952,3.021688
441,5.000000,0.600153,0.084922,3.017962
441,5.050000,0.604589,0.092462,3.013878
441,5.100000,0.609392,0.099587,3.009456
441,5.150000,0.614541,0.106311,3.004713
441,5.200000,0.620017,0.112648,2.999668
441,5.250000,0.625800,0.118610,2.994339
441,5.300000,0.631872,0.124208,2.988740
441,5.350000,0.638215,0.129454,2.982890
441,5.400000,0.644811,0.134356,2.976802
441,5.450000,0.651645,0.138924,2.970493
441,5.500000,0.658698,0.143166,2.963976
441,5.550000,0.665956,0.147091,2.957267
441,5.600000,0.673402,0.150706,2.950378
441,5.650000,0.681021,0.154016,2.943324
441,5.700000,0.688799,0.157029,2.936118
441,5.750000,0.696719,0.159751,2.928772
441,5.800000,0.704769,0.162186,2.921299
441,5.850000,0.712933,0.164341,2.913713
441,5.900000,0.721199,0.166219,2.906024
441,5.950000,0.729551,0.167827,2.898245
441,6.000000,0.737977,0.169169,2.890387
441,6.050000,0.746463,0.170249,2.882463
441,6.100000,0.754997,0.171071,2.874484
441,6.150000,0.763566,0.171641,2.866461
441,6.200000,0.772157,0.171962,2.858405
441,6.250000,0.780758,0.172039,2.850327
441,6.300000,0.789357,0.171877,2.842238
441,6.350000,0.797942,0.171480,2.834148
441,6.400000,0.806501,0.170854,2.826069
441,6.450000,0.815024,0.170002,2.818010
441,6.500000,0.823498,0.168931,2.809981
441,6.550000,0.831913,0.167646,2.801994
441,6.600000,0.840259,0.166152,2.794057
441,6.650000,0.848525,0.164455,2.786180
441,6.700000,0.856701,0.162561,2.778373
441,6.750000,0.864778,0.160477,2.770645
441,6.800000,0.872746,0.158210,2.763005
441,6.850000,0.880596,0.155765,2.755463
441,6.900000,0.888320,0.153150,2.748026
441,6.950000,0.895908,0.150373,2.740703
441,7.000000,0.903354,0.147441,2.733503
441,7.050000,0.910650,0.144362,2.726433
441,7.100000,0.917788,0.141144,2.719500
441,7.150000,0.924762,0.137796,2.712712
441,7.200000,0.931566,0.134325,2.706076
441,7.250000,0.938193,0.130741,2.699598
441,7.300000,0.944638,0.127053,2.693285
441,7.350000,0.950897,0.123269,2.687142
441,7.400000,0.956964,0.119398,2.681174
441,7.450000,0.962835,0.115450,2.675387
441,7.500000,0.968508,0.111435,2.669785
441,7.550000,0.973978,0.107360,2.664372
441,7.600000,0.979243,0.103236,2.659152
441,7.650000,0.984301,0.099072,2.654128
441,7.700000,0.989149,0.094877,2.649303
441,7.750000,0.993788,0.090661,2.644680
441,7.800000,0.998215,0.086432,2.640259
441,7.850000,1.002431,0.082199,2.636043
441,7.900000,1.006435,0.077971,2.632032
441,7.950000,1.010228,0.073757,2.628227
441,8.000000,1.013811,0.069565,2.624627
441,8.050000,1.017185,0.065403,2.621233
441,8.100000,1.020352,0.061279,2.618043
441,8.150000,1.023314,0.057201,2.615056
441,8.200000,1.026073,0.053175,2.612270
441,8.250000,1.028633,0.049210,2.609683
441,8.300000,1.030995,0.045311,2.607292
441,8.350000,1.033165,0.041485,2.605095
441,8.400000,1.035145,0.037738,2.603088
441,8.450000,1.036940,0.034075,2.601267
441,8.500000,1.038554,0.030502,2.599629
441,8.550000,1.039992,0.027023,2.598169
441,8.600000,1.041258,0.023642,2.596882
441,8.650000,1.042358,0.020364,2.595764
441,8.700000,1.043296,0.017191,2.594809
441,8.750000,1.044079,0.014128,2.594013
441,8.800000,1.044711,0.011177,2.593369
441,8.850000,1.045198,0.008340,2.592873
441,8.900000,1.045547,0.005620,2.592518
441,8.950000,1.045762,0.003017,2.592299
441,9.000000,1.045851,0.000533,2.592209
441,9.050000,1.045818,-0.001832,2.592242
441,9.100000,1.045669,-0.004076,2.592393
441,9.150000,1.045412,-0.006200,2.592656
441,9.200000,1.045051,-0.008203,2.593023
441,9.250000,1.044594,-0.010088,2.593489
441,9.300000,1.044045,-0.011853,2.594048
441,9.350000,1.043410,-0.013501,2.594693
441,9.400000,1.042697,-0.015033,2.595419
441,9.450000,1.041909,-0.016450,2.596220
441,9.500000,1.041053,-0.017755,2.597090
441,9.550000,1.040135,-0.018950,2.598023
441,9.600000,1.039160,-0.020036,2.599014
441,9.650000,1.038133,-0.021016,2.600056
441,9.700000,1.037060,-0.021894,2.601145
441,9.750000,1.035946,-0.022671,2.602276
441,9.800000,1.034795,-0.023351,2.603443
441,9.850000,1.033612,-0.023938,2.604642
441,9.900000,1.032403,-0.024433,2.605867
441,9.950000,1.031170,-0.024841,2.607115
441,10.000000,1.029920,-0.025164,2.608381

442,0.000000,-1.831579,6.000000,6.000000
442,0.050000,-1.544787,5.486425,5.486427
442,0.100000,-1.281607,5.052786,5.052788
442,0.150000,-1.038425,4.684328,4.684331
442,0.200000,-0.812290,4.369084,4.369087
442,0.250000,-0.600794,4.097252,4.097255
442,0.300000,-0.401977,3.860729,3.860733
442,0.350000,-0.214246,3.652769,3.652773
442,0.400000,-0.036319,3.467709,3.467714
442,0.450000,0.132826,3.300772,3.300777
442,0.500000,0.293992,3.147909,3.147914
442,0.550000,0.447794,3.005683,3.005688
442,0.600000,0.594689,2.871175,2.871179
442,0.650000,0.734999,2.741915,2.741920
442,0.700000,0.868933,2.615831,2.615836
442,0.750000,0.996606,2.491203,2.491208
442,0.800000,1.118054,2.366634,2.366638
442,0.850000,1.233252,2.241020,2.241025
442,0.900000,1.342125,2.113533,2.113538
442,0.950000,1.444564,1.983598,1.983603
442,1.000000,1.540438,1.850878,1.850883
442,1.050000,1.629603,1.715255,1.715260
442,1.100000,1.711916,1.576812,1.576817
442,1.150000,1.787242,1.435817,1.435822
442,1.200000,1.855463,1.292700,1.292704
442,1.250000,1.916486,1.148031,1.148035
442,1.300000,1.970251,1.002501,1.002504
442,1.350000,2.016735,0.856891,0.856894
442,1.400000,2.055954,0.712056,0.712056
442,1.450000,2.087968,0.568890,0.568885
442,1.500000,2.112886,0.428308,0.428289
442,1.550000,2.130857,0.291219,0.291157
442,1.600000,2.142081,0.158503,0.158248
442,1.650000,2.146795,0.030993,0.031056
442,1.700000,2.145279,-0.090547,0.095915
442,1.750000,2.137851,-0.205434,0.220768
442,1.800000,2.124857,-0.313080,0.344885
442,1.850000,2.106672,-0.412998,0.468752
442,1.900000,2.083692,-0.504812,0.591319
442,1.950000,2.056330,-0.588254,0.711776
442,2.000000,2.025009,-0.663169,0.829474
442,2.050000,1.990157,-0.729503,0.943888
442,2.100000,1.952201,-0.787307,1.054603
442,2.150000,1.911566,-0.836723,1.161304
442,2.200000,1.868665,-0.877975,1.263763
442,2.250000,1.823900,-0.911360,1.361837
442,2.300000,1.777654,-0.937239,1.455449
442,2.350000,1.730294,-0.956020,1.544585
442,2.400000,1.682163,-0.968154,1.629282
442,2.450000,1.633581,-0.974119,1.709620
442,2.500000,1.584846,-0.974411,1.785710
442,2.550000,1.536226,-0.969536,1.857688
442,2.600000,1.487970,-0.960002,1.925710
442,2.650000,1.440296,-0.946310,1.989942
442,2.700000,1.393400,-0.928947,2.050556
442,2.750000,1.347454,-0.908385,2.107727
442,2.800000,1.302607,-0.885072,2.161629
442,2.850000,1.258986,-0.859432,2.212429
442,2.900000,1.216696,-0.831862,2.260291
442,2.950000,1.175826,-0.802729,2.305369
442,3.000000,1.136444,-0.772371,2.347810
442,3.050000,1.098604,-0.741096,2.387752
442,3.100000,1.062345,-0.709182,2.425324
442,3.150000,1.027692,-0.676879,2.460646
442,3.200000,0.994660,-0.644409,2.493831
442,3.250000,0.963251,-0.611968,2.524983
442,3.300000,0.933459,-0.579726,2.554201
442,3.350000,0.905272,-0.547829,2.581575
442,3.400000,0.878669,-0.516406,2.607192
442,3.450000,0.853622,-0.485560,2.631130
442,3.500000,0.830101,-0.455381,2.653466
442,3.550000,0.808072,-0.425940,2.674271
442,3.600000,0.787494,-0.397295,2.693612
442,3.650000,0.768328,-0.369489,2.711553
442,3.700000,0.750531,-0.342555,2.728155
442,3.750000,0.734058,-0.316516,2.743476
442,3.800000,0.718864,-0.291385,2.757572
442,3.850000,0.704904,-0.267168,2.770497
442,3.900000,0.692132,-0.243865,2.782300
442,3.950000,0.680502,-0.221470,2.793032
442,4.000000,0.669970,-0.199972,2.802738
442,4.050000,0.660490,-0.179357,2.811466
442,4.100000,0.652020,-0.159606,2.819258
442,4.150000,0.644516,-0.140700,2.826156
442,4.200000,0.637936,-0.122617,2.832200
442,4.250000,0.632241,-0.105333,2.837430
442,4.300000,0.627390,-0.088824,2.841883
442,4.350000,0.623346,-0.073065,2.845594
442,4.400000,0.620071,-0.058030,2.848598
442,4.450000,0.617531,-0.043695,2.850928
442,4.500000,0.615691,-0.030034,2.852615
442,4.550000,0.614517,-0.017022,2.853692
442,4.600000,0.613978,-0.004635,2.854186
442,4.650000,0.614043,0.007150,2.854126
442,4.700000,0.614683,0.018357,2.853539
442,4.750000,0.615870,0.029006,2.852451
442,4.800000,0.617575,0.039120,2.850887
442,4.850000,0.619773,0.048718,2.848871
442,4.900000,0.622439,0.057820,2.846426
442,4.950000,0.625547,0.066443,2.843574
442,5.000000,0.629075,0.074605,2.840336
442,5.050000,0.633000,0.082322,2.836733
442,5.100000,0.637300,0.089609,2.832784
442,5.150000,0.641954,0.096481,2.828509
442,5.200000,0.646942,0.102950,2.823926
442,5.250000,0.652243,0.109030,2.819053
442,5.300000,0.657838,0.114733,2.813906
442,5.350000,0.663710,0.120069,2.808503
442,5.400000,0.669839,0.125049,2.802859
442,5.450000,0.676209,0.129683,2.796990
442,5.500000,0.682802,0.133979,2.790911
442,5.550000,0.689602,0.137946,2.784636
442,5.600000,0.696591,0.141592,2.778181
442,5.650000,0.703756,0.144925,2.771559
442,5.700000,0.711079,0.147950,2.764783
442,5.750000,0.718546,0.150676,2.757867
442,5.800000,0.726141,0.153109,2.750825
442,5.850000,0.733852,0.155253,2.743668
442,5.900000,0.741662,0.157116,2.736409
442,5.950000,0.749559,0.158703,2.729060
442,6.000000,0.757528,0.160020,2.721634
442,6.050000,0.765556,0.161071,2.714142
442,6.100000,0.773631,0.161863,2.706596
442,6.150000,0.781738,0.162399,2.699007
442,6.200000,0.789867,0.162687,2.691386
442,6.250000,0.798003,0.162730,2.683745
442,6.300000,0.806136,0.162535,2.676094
442,6.350000,0.814253,0.162107,2.668444
442,6.400000,0.822342,0.161451,2.660806
442,6.450000,0.830394,0.160573,2.653189
442,6.500000,0.838396,0.159479,2.645604
442,6.550000,0.846338,0.158176,2.638061
442,6.600000,0.854210,0.156669,2.630570
442,6.650000,0.862002,0.154965,2.623139
442,6.700000,0.869704,0.153070,2.615779
442,6.750000,0.877306,0.150992,2.608498
442,6.800000,0.884800,0.148737,2.601306
442,6.850000,0.892177,0.146314,2.594210
442,6.900000,0.899429,0.143728,2.587220
442,6.950000,0.906547,0.140989,2.580342
442,7.000000,0.913525,0.138104,2.573586
442,7.050000,0.920355,0.135081,2.566958
442,7.100000,0.927031,0.131929,2.560466
442,7.150000,0.933546,0.128656,2.554116
442,7.200000,0.939895,0.125270,2.547915
442,7.250000,0.946071,0.121781,2.541869
442,7.300000,0.952071,0.118197,2.535983
442,7.350000,0.957890,0.114527,2.530264
442,7.400000,0.963523,0.110781,2.524715
442,7.450000,0.968967,0.106967,2.519341
442,7.500000,0.974218,0.103094,2.514147
442,7.550000,0.979275,0.099172,2.509136
442,7.600000,0.984135,0.095210,2.504311
442,7.650000,0.988796,0.091216,2.499675
442,7.700000,0.993256,0.087199,2.495231
442,7.750000,0.997515,0.083168,2.490979
442,7.800000,1.001573,0.079133,2.486922
442,7.850000,1.005429,0.075100,2.483061
442,7.900000,1.009083,0.071080,2.479396
442,7.950000,1.012537,0.067079,2.475927
442,8.000000,1.015791,0.063105,2.472654
442,8.050000,1.018848,0.059166,2.469575
442,8.100000,1.021709,0.055270,2.466690
442,8.150000,1.024376,0.051424,2.463998
442,8.200000,1.026852,0.047633,2.461495
442,8.250000,1.029140,0.043905,2.459180
442,8.300000,1.031244,0.040246,2.457050
442,8.350000,1.033166,0.036660,2.455102
442,8.400000,1.034911,0.033155,2.453332
442,8.450000,1.036483,0.029734,2.451736
442,8.500000,1.037886,0.026401,2.450311
442,8.550000,1.039125,0.023163,2.449052
442,8.600000,1.040204,0.020021,2.447955
442,8.650000,1.041128,0.016980,2.447014
442,8.700000,1.041903,0.014042,2.446226
442,8.750000,1.042534,0.011210,2.445583
442,8.800000,1.043026,0.008487,2.445082
442,8.850000,1.043385,0.005874,2.444717
442,8.900000,1.043616,0.003373,2.444482
442,8.950000,1.043724,0.000986,2.444372
442,9.000000,1.043716,-0.001288,2.444380
442,9.050000,1.043597,-0.003448,2.444501
442,9.100000,1.043373,-0.005493,2.444729
442,9.150000,1.043050,-0.007424,2.445058
442,9.200000,1.042633,-0.009241,2.445483
442,9.250000,1.042127,-0.010946,2.445997
442,9.300000,1.041540,-0.012538,2.446595
442,9.350000,1.040876,-0.014019,2.447272
442,9.400000,1.040140,-0.015391,2.448020
442,9.450000,1.039338,-0.016655,2.448835
442,9.500000,1.038476,-0.017815,2.449711
442,9.550000,1.037559,-0.018870,2.450644
442,9.600000,1.036591,-0.019825,2.451627
442,9.650000,1.035578,-0.020682,2.452655
442,9.700000,1.034524,-0.021442,2.453724
442,9.750000,1.033435,-0.022110,2.454829
442,9.800000,1.032315,-0.022688,2.455965
442,9.850000,1.031168,-0.023178,2.457127
442,9.900000,1.029998,-0.023585,2.458312
442,9.950000,1.028811,-0.023911,2.459514
442,10.000000,1.027608,-0.024159,2.460730

443,0.000000,-1.903759,6.000000,6.000000
443,0.050000,-1.617371,5.470759,5.470761
443,0.100000,-1.355312,5.024006,5.024008
443,0.150000,-1.113850,4.644635,4.644638
443,0.200000,-0.889931,4.320426,4.320430
443,0.250000,-0.681056,4.041394,4.041397
443,0.300000,-0.485177,3.799307,3.799311
443,0.350000,-0.300624,3.587327,3.587331
443,0.400000,-0.126039,3.399728,3.399733
443,0.450000,0.039674,3.231686,3.231691
443,0.500000,0.197387,3.079118,3.079122
443,0.550000,0.347785,2.938552,2.938557
443,0.600000,0.491393,2.807040,2.807045
443,0.650000,0.628598,2.682073,2.682078
443,0.700000,0.759674,2.561532,2.561537
443,0.750000,0.884795,2.443637,2.443642
443,0.800000,1.004057,2.326919,2.326924
443,0.850000,1.117487,2.210185,2.210190
443,0.900000,1.225059,2.092501,2.092506
443,0.950000,1.326709,1.973170,1.973174
443,1.000000,1.422341,1.851716,1.851721
443,1.050000,1.511841,1.727869,1.727874
443,1.100000,1.595087,1.601550,1.601555
443,1.150000,1.671956,1.472852,1.472856
443,1.200000,1.742336,1.342025,1.342030
443,1.250000,1.806130,1.209461,1.209466
443,1.300000,1.863262,1.075670,1.075675
443,1.350000,1.913686,0.941264,0.941268
443,1.400000,1.957389,0.806934,0.806937
443,1.450000,1.994393,0.673430,0.673431
443,1.500000,2.024759,0.541536,0.541533
443,1.550000,2.048587,0.412054,0.412041
443,1.600000,2.066018,0.285781,0.285736
443,1.650000,2.077232,0.163486,0.163307
443,1.700000,2.082445,0.045901,0.045225
443,1.750000,2.081912,-0.066304,0.067183
443,1.800000,2.075915,-0.172526,0.185263
443,1.850000,2.064768,-0.272243,0.298834
443,1.900000,2.048806,-0.365022,0.412497
443,1.950000,2.028387,-0.450523,0.525227
443,2.000000,2.003880,-0.528500,0.636262
443,2.050000,1.975665,-0.598804,0.744994
443,2.100000,1.944128,-0.661374,0.850931
443,2.150000,1.909656,-0.716240,0.953678
443,2.200000,1.872631,-0.763512,1.052931
443,2.250000,1.833428,-0.803373,1.148461
443,2.300000,1.792413,-0.836071,1.240117
443,2.350000,1.749936,-0.861909,1.327805
443,2.400000,1.706331,-0.881237,1.411491
443,2.450000,1.661914,-0.894443,1.491186
443,2.500000,1.616981,-0.901939,1.566941
443,2.550000,1.571808,-0.904160,1.638837
443,2.600000,1.526646,-0.901549,1.706982
443,2.650000,1.481726,-0.894554,1.771500
443,2.700000,1.437256,-0.883620,1.832529
443,2.750000,1.393423,-0.869181,1.890214
443,2.800000,1.350390,-0.851660,1.944705
443,2.850000,1.308301,-0.831463,1.996151
443,2.900000,1.267281,-0.808973,2.044701
443,2.950000,1.227436,-0.784554,2.090497
443,3.000000,1.188853,-0.758543,2.133678
443,3.050000,1.151603,-0.731252,2.174376
443,3.100000,1.115744,-0.702968,2.212715
443,3.150000,1.081318,-0.673952,2.248813
443,3.200000,1.048357,-0.644440,2.282781
443,3.250000,1.016879,-0.614644,2.314722
443,3.300000,0.986894,-0.584751,2.344732
443,3.350000,0.958403,-0.554927,2.372904
443,3.400000,0.931398,-0.525316,2.399320
443,3.450000,0.905866,-0.496044,2.424062
443,3.500000,0.881786,-0.467217,2.447204
443,3.550000,0.859135,-0.438926,2.468816
443,3.600000,0.837883,-0.411245,2.488966
443,3.650000,0.817999,-0.384236,2.507717
443,3.700000,0.799448,-0.357948,2.525129
443,3.750000,0.782192,-0.332419,2.541258
443,3.800000,0.766193,-0.307677,2.556160
443,3.850000,0.751411,-0.283743,2.569886
443,3.900000,0.737805,-0.260627,2.582488
443,3.950000,0.725334,-0.238336,2.594012
443,4.000000,0.713957,-0.216870,2.604506
443,4.050000,0.703633,-0.196225,2.614013
443,4.100000,0.694321,-0.176391,2.622577
443,4.150000,0.685981,-0.157357,2.630239
443,4.200000,0.678573,-0.139109,2.637037
443,4.250000,0.672057,-0.121629,2.643011
443,4.300000,0.666397,-0.104900,2.648198
443,4.350000,0.661555,-0.088901,2.652632
443,4.400000,0.657495,-0.073613,2.656349
443,4.450000,0.654182,-0.059013,2.659380
443,4.500000,0.651583,-0.045081,2.661759
443,4.550000,0.649663,-0.031796,2.663514
443,4.600000,0.648393,-0.019135,2.664676
443,4.650000,0.647740,-0.007077,2.665273
443,4.700000,0.647675,0.004397,2.665332
443,4.750000,0.648170,0.015309,2.664879
443,4.800000,0.649197,0.025677,2.663940
443,4.850000,0.650729,0.035521,2.662539
443,4.900000,0.652741,0.044859,2.660699
443,4.950000,0.655207,0.053708,2.658443
443,5.000000,0.658104,0.062085,2.655792
443,5.050000,0.661408,0.070005,2.652767
443,5.100000,0.665097,0.077484,2.649389
443,5.150000,0.669149,0.084536,2.645677
443,5.200000,0.673544,0.091174,2.641649
443,5.250000,0.678260,0.097411,2.637324
443,5.300000,0.683278,0.103259,2.632720
443,5.350000,0.688579,0.108729,2.627853
443,5.400000,0.694145,0.113833,2.622739
443,5.450000,0.699957,0.118580,2.617396
443,5.500000,0.705997,0.122980,2.611838
443,5.550000,0.712249,0.127041,2.606080
443,5.600000,0.718696,0.130774,2.600138
443,5.650000,0.725321,0.134184,2.594024
443,5.700000,0.732109,0.137281,2.587754
443,5.750000,0.739044,0.140071,2.581341
443,5.800000,0.746111,0.142562,2.574798
443,5.850000,0.753295,0.144760,2.568138
443,5.900000,0.760582,0.146672,2.561374
443,5.950000,0.767958,0.148304,2.554518
443,6.000000,0.775408,0.149663,2.547582
443,6.050000,0.782920,0.150755,2.540579
443,6.100000,0.790479,0.151586,2.533519
443,6.150000,0.798074,0.152161,2.526415
443,6.200000,0.805691,0.152487,2.519277
443,6.250000,0.813319,0.152569,2.512117
443,6.300000,0.820944,0.152415,2.504946
443,6.350000,0.828556,0.152029,2.497774
443,6.400000,0.836143,0.151419,2.490611
443,6.450000,0.843695,0.150590,2.483468
443,6.500000,0.851199,0.149550,2.476355
443,6.550000,0.858646,0.148304,2.469281
443,6.600000,0.866026,0.146859,2.462257
443,6.650000,0.873329,0.145223,2.455290
443,6.700000,0.880545,0.143402,2.448392
443,6.750000,0.887666,0.141403,2.441569
443,6.800000,0.894683,0.139235,2.434832
443,6.850000,0.901587,0.136905,2.428187
443,6.900000,0.908371,0.134420,2.421644
443,6.950000,0.915026,0.131789,2.415210
443,7.000000,0.921547,0.129019,2.408892
443,7.050000,0.927926,0.126120,2.402697
443,7.100000,0.934157,0.123098,2.396633
443,7.150000,0.940234,0.119963,2.390706
443,7.200000,0.946152,0.116724,2.384921
443,7.250000,0.951905,0.113389,2.379284
443,7.300000,0.957489,0.109966,2.373802
443,7.350000,0.962900,0.106465,2.368478
443,7.400000,0.968135,0.102895,2.363317
443,7.450000,0.973189,0.099264,2.358324
443,7.500000,0.978060,0.095581,2.353502
443,7.550000,0.982746,0.091855,2.348854
443,7.600000,0.987245,0.088094,2.344384
443,7.650000,0.991555,0.084307,2.340093
443,7.700000,0.995675,0.080503,2.335984
443,7.750000,0.999605,0.076690,2.332058
443,7.800000,1.003344,0.072876,2.328316
443,7.850000,1.006893,0.069070,2.324760
443,7.900000,1.010252,0.065278,2.321389
443,7.950000,1.013421,0.061509,2.318203
443,8.000000,1.016403,0.057769,2.315201
443,8.050000,1.019199,0.054067,2.312384
443,8.100000,1.021810,0.050408,2.309748
443,8.150000,1.024240,0.046800,2.307294
443,8.200000,1.026491,0.043247,2.305017
443,8.250000,1.028566,0.039757,2.302917
443,8.300000,1.030468,0.036335,2.300990
443,8.350000,1.032201,0.032986,2.299233
443,8.400000,1.033768,0.029714,2.297642
443,8.450000,1.035174,0.026525,2.296215
443,8.500000,1.036422,0.023422,2.294947
443,8.550000,1.037517,0.020409,2.293833
443,8.600000,1.038465,0.017490,2.292869
443,8.650000,1.039268,0.014667,2.292052
443,8.700000,1.039933,0.011943,2.291375
443,8.750000,1.040464,0.009320,2.290834
443,8.800000,1.040867,0.006801,2.290424
443,8.850000,1.041146,0.004387,2.290140
443,8.900000,1.041307,0.002079,2.289975
443,8.950000,1.041356,-0.000122,2.289926
443,9.000000,1.041297,-0.002215,2.289986
443,9.050000,1.041136,-0.004201,2.290150
443,9.100000,1.040878,-0.006078,2.290412
443,9.150000,1.040530,-0.007848,2.290767
443,9.200000,1.040095,-0.009511,2.291209
443,9.250000,1.039581,-0.011067,2.291734
443,9.300000,1.038990,-0.012519,2.292334
443,9.350000,1.038330,-0.013867,2.293006
443,9.400000,1.037605,-0.015113,2.293743
443,9.450000,1.036821,-0.016258,2.294541
443,9.500000,1.035981,-0.017305,2.295395
443,9.550000,1.035092,-0.018256,2.296298
443,9.600000,1.034157,-0.019113,2.297247
443,9.650000,1.033182,-0.019878,2.298237
443,9.700000,1.032171,-0.020554,2.299263
443,9.750000,1.031128,-0.021144,2.300321
443,9.800000,1.030058,-0.021651,2.301406
443,9.850000,1.028964,-0.022076,2.302514
443,9.900000,1.027852,-0.022424,2.303641
443,9.950000,1.026723,-0.022698,2.304783
443,10.000000,1.025583,-0.022899,2.305936

444,0.000000,-1.975940,6.000000,6.000000
444,0.050000,-1.689967,5.454582,5.454584
444,0.100000,-1.429068,4.994212,4.994215
444,0.150000,-1.189389,4.603423,4.603426
444,0.200000,-0.967776,4.269728,4.269731
444,0.250000,-0.761636,3.982952,3.982956
444,0.300000,-0.568839,3.734732,3.734736
444,0.350000,-0.387637,3.518133,3.518138
444,0.400000,-0.216596,3.327365,3.327370
444,0.450000,-0.054552,3.157558,3.157563
444,0.500000,0.099440,3.004595,3.004600
444,0.550000,0.246130,2.864980,2.864985
444,0.600000,0.386110,2.735738,2.735743
444,0.650000,0.519834,2.614331,2.614336
444,0.700000,0.647638,2.498605,2.498610
444,0.750000,0.769759,2.386734,2.386739
444,0.800000,0.886350,2.277190,2.277195
444,0.850000,0.997495,2.168709,2.168714
444,0.900000,1.103221,2.060266,2.060272
444,0.950000,1.203509,1.951063,1.951068
444,1.000000,1.298305,1.840502,1.840507
444,1.050000,1.387530,1.728179,1.728184
444,1.100000,1.471089,1.613865,1.613870
444,1.150000,1.548882,1.497495,1.497500
444,1.200000,1.620806,1.379151,1.379157
444,1.250000,1.686768,1.259052,1.259058
444,1.300000,1.746688,1.137535,1.137540
444,1.350000,1.800505,1.015038,1.015043
444,1.400000,1.848184,0.892088,0.892092
444,1.450000,1.889716,0.769277,0.769281
444,1.500000,1.925124,0.647250,0.647253
444,1.550000,1.954465,0.526683,0.526683
444,1.600000,1.977829,0.408265,0.408259
444,1.650000,1.995339,0.292685,0.292660
444,1.700000,2.007156,0.180611,0.180511
444,1.750000,2.013469,0.072677,0.072163
444,1.800000,2.014502,-0.030529,0.029522
444,1.850000,2.010504,-0.128476,0.152072
444,1.900000,2.001750,-0.220701,0.249226
444,1.950000,1.988536,-0.306814,0.350136
444,2.000000,1.971176,-0.386503,0.451605
444,2.050000,1.949997,-0.459536,0.552316
444,2.100000,1.925336,-0.525761,0.651474
444,2.150000,1.897536,-0.585106,0.748510
444,2.200000,1.866940,-0.637574,0.842991
444,2.250000,1.833892,-0.683237,0.934585
444,2.300000,1.798728,-0.722233,1.023042
444,2.350000,1.761776,-0.754757,1.108185
444,2.400000,1.723356,-0.781055,1.189894
444,2.450000,1.683770,-0.801414,1.268104
444,2.500000,1.643308,-0.816157,1.342796
444,2.550000,1.602242,-0.825634,1.413986
444,2.600000,1.560826,-0.830213,1.481723
444,2.650000,1.519296,-0.830276,1.546081
444,2.700000,1.477867,-0.826211,1.607153
444,2.750000,1.436737,-0.818406,1.665046
444,2.800000,1.396083,-0.807245,1.719876
444,2.850000,1.356062,-0.793101,1.771766
444,2.900000,1.316816,-0.776337,1.820842
444,2.950000,1.278467,-0.757299,1.867229
444,3.000000,1.241119,-0.736315,1.911051
444,3.050000,1.204862,-0.713693,1.952430
444,3.100000,1.169772,-0.689721,1.991481
444,3.150000,1.135908,-0.664665,2.028316
444,3.200000,1.103320,-0.638770,2.063041
444,3.250000,1.072042,-0.612258,2.095755
444,3.300000,1.042101,-0.585331,2.126553
444,3.350000,1.013512,-0.558169,2.155524
444,3.400000,0.986285,-0.530934,2.182752
444,3.450000,0.960418,-0.503768,2.208314
444,3.500000,0.935905,-0.476794,2.232285
444,3.550000,0.912733,-0.450123,2.254735
444,3.600000,0.890886,-0.423846,2.275729
444,3.650000,0.870341,-0.398042,2.295329
444,3.700000,0.851073,-0.372777,2.313595
444,3.750000,0.833053,-0.348105,2.330583
444,3.800000,0.816252,-0.324072,2.346346
444,3.850000,0.800635,-0.300710,2.360935
444,3.900000,0.786169,-0.278046,2.374400
444,3.950000,0.772818,-0.256100,2.386787
444,4.000000,0.760547,-0.234882,2.398141
444,4.050000,0.749318,-0.214401,2.408505
444,4.100000,0.739095,-0.194658,2.417922
444,4.150000,0.729840,-0.175651,2.426432
444,4.200000,0.721517,-0.157373,2.434073
444,4.250000,0.714091,-0.139817,2.440882
444,4.300000,0.707524,-0.122971,2.446897
444,4.350000,0.701782,-0.106822,2.452151
444,4.400000,0.696830,-0.091355,2.456678
444,4.450000,0.692635,-0.076555,2.460511
444,4.500000,0.689164,-0.062405,2.463682
444,4.550000,0.686384,-0.048887,2.466219
444,4.600000,0.684265,-0.035984,2.468153
444,4.650000,0.682776,-0.023678,2.469512
444,4.700000,0.681887,-0.011951,2.470322
444,4.750000,0.681571,-0.000785,2.470611
444,4.800000,0.681800,0.009836,2.470402
444,4.850000,0.682546,0.019931,2.469721
444,4.900000,0.683784,0.029516,2.468592
444,4.950000,0.685490,0.038607,2.467036
444,5.000000,0.687637,0.047220,2.465075
444,5.050000,0.690204,0.055370,2.462732
444,5.100000,0.693167,0.063070,2.460026
444,5.150000,0.696504,0.070336,2.456977
444,5.200000,0.700193,0.077180,2.453604
444,5.250000,0.704215,0.083614,2.449925
444,5.300000,0.708548,0.089652,2.445959
444,5.350000,0.713174,0.095303,2.441723
444,5.400000,0.718072,0.100581,2.437233
444,5.450000,0.723226,0.105493,2.432505
444,5.500000,0.728616,0.110052,2.427557
444,5.550000,0.734225,0.114265,2.422402
444,5.600000,0.740036,0.118142,2.417055
444,5.650000,0.746034,0.121692,2.411533
444,5.700000,0.752200,0.124922,2.405847
444,5.750000,0.758521,0.127841,2.400013
444,5.800000,0.764979,0.130457,2.394043
444,5.850000,0.771561,0.132777,2.387951
444,5.900000,0.778252,0.134807,2.381750
444,5.950000,0.785037,0.136556,2.375451
444,6.000000,0.791903,0.138029,2.369068
444,6.050000,0.798836,0.139234,2.362612
444,6.100000,0.805822,0.140178,2.356096
444,6.150000,0.812849,0.140866,2.349529
444,6.200000,0.819905,0.141306,2.342925
444,6.250000,0.826976,0.141504,2.336293
444,6.300000,0.834051,0.141466,2.329645
444,6.350000,0.841119,0.141200,2.322990
444,6.400000,0.848168,0.140712,2.316340
444,6.450000,0.855187,0.140009,2.309705
444,6.500000,0.862165,0.139098,2.303093
444,6.550000,0.869093,0.137986,2.296516
444,6.600000,0.875960,0.136679,2.289981
444,6.650000,0.882758,0.135185,2.283499
444,6.700000,0.889476,0.133513,2.277078
444,6.750000,0.896106,0.131668,2.270727
444,6.800000,0.902640,0.129658,2.264454
444,6.850000,0.909069,0.127492,2.258267
444,6.900000,0.915387,0.125178,2.252174
444,6.950000,0.921585,0.122723,2.246182
444,7.000000,0.927657,0.120135,2.240299
444,7.050000,0.933596,0.117423,2.234531
444,7.100000,0.939397,0.114595,2.228885
444,7.150000,0.945054,0.111659,2.223366
444,7.200000,0.950561,0.108625,2.217981
444,7.250000,0.955915,0.105499,2.212736
444,7.300000,0.961110,0.102292,2.207634
444,7.350000,0.966143,0.099011,2.202681
444,7.400000,0.971010,0.095665,2.197881
444,7.450000,0.975708,0.092262,2.193238
444,7.500000,0.980235,0.088811,2.188756
444,7.550000,0.984589,0.085321,2.184437
444,7.600000,0.988767,0.081799,2.180284
444,7.650000,0.992768,0.078254,2.176299
444,7.700000,0.996592,0.074694,2.172485
444,7.750000,1.000238,0.071127,2.168842
444,7.800000,1.003705,0.067560,2.165372
444,7.850000,1.006994,0.064002,2.162074
444,7.900000,1.010105,0.060458,2.158951
444,7.950000,1.013040,0.056938,2.156000
444,8.000000,1.015800,0.053446,2.153222
444,8.050000,1.018385,0.049990,2.150615
444,8.100000,1.020799,0.046577,2.148179
444,8.150000,1.023044,0.043211,2.145911
444,8.200000,1.025121,0.039900,2.143809
444,8.250000,1.027035,0.036648,2.141872
444,8.300000,1.028787,0.033460,2.140096
444,8.350000,1.030382,0.030342,2.138479
444,8.400000,1.031823,0.027297,2.137016
444,8.450000,1.033113,0.024330,2.135706
444,8.500000,1.034257,0.021444,2.134543
444,8.550000,1.035259,0.018643,2.133524
444,8.600000,1.036123,0.015931,2.132645
444,8.650000,1.036853,0.013308,2.131902
444,8.700000,1.037455,0.010779,2.131289
444,8.750000,1.037933,0.008345,2.130803
444,8.800000,1.038291,0.006008,2.130438
444,8.850000,1.038535,0.003769,2.130189
444,8.900000,1.038670,0.001630,2.130052
444,8.950000,1.038700,-0.000410,2.130021
444,9.000000,1.038630,-0.002349,2.130092
444,9.050000,1.038467,-0.004187,2.130259
444,9.100000,1.038213,-0.005925,2.130517
444,9.150000,1.037876,-0.007562,2.130861
444,9.200000,1.037459,-0.009100,2.131285
444,9.250000,1.036967,-0.010539,2.131786
444,9.300000,1.036407,-0.011880,2.132356
444,9.350000,1.035781,-0.013125,2.132993
444,9.400000,1.035096,-0.014274,2.133690
444,9.450000,1.034355,-0.015331,2.134443
444,9.500000,1.033564,-0.016295,2.135247
444,9.550000,1.032727,-0.017171,2.136098
444,9.600000,1.031849,-0.017959,2.136990
444,9.650000,1.030933,-0.018662,2.137920
444,9.700000,1.029984,-0.019282,2.138882
444,9.750000,1.029006,-0.019823,2.139874
444,9.800000,1.028003,-0.020286,2.140891
444,9.850000,1.026978,-0.020674,2.141929
444,9.900000,1.025937,-0.020990,2.142984
444,9.950000,1.024881,-0.021237,2.144053
444,10.000000,1.023814,-0.021417,2.145132

445,0.000000,-2.048120,6.000000,6.000000
445,0.050000,-1.762577,5.437894,5.437895
445,0.100000,-1.502874,4.963405,4.963408
445,0.150000,-1.265043,4.560689,4.560692
445,0.200000,-1.045824,4.216983,4.216987
445,0.250000,-0.842536,3.921917,3.921921
445,0.300000,-0.652965,3.666984,3.666989
445,0.350000,-0.475287,3.445154,3.445159
445,0.400000,-0.307996,3.250568,3.250573
445,0.450000,-0.149858,3.078311,3.078317
445,0.500000,0.000137,2.924235,2.924241
445,0.550000,0.142809,2.784822,2.784827
445,0.600000,0.278814,2.657074,2.657080
445,0.650000,0.408668,2.538436,2.538442
445,0.700000,0.532773,2.426726,2.426732
445,0.750000,0.651425,2.320086,2.320092
445,0.800000,0.764839,2.216944,2.216949
445,0.850000,0.873156,2.115977,2.115983
445,0.900000,0.976455,2.016093,2.016098
445,0.950000,1.074768,1.916404,1.916410
445,1.000000,1.168087,1.816214,1.816220
445,1.050000,1.256372,1.715003,1.715008
445,1.100000,1.339564,1.612411,1.612416
445,1.150000,1.417587,1.508229,1.508235
445,1.200000,1.490359,1.402390,1.402395
445,1.250000,1.557799,1.294948,1.294954
445,1.300000,1.619830,1.186076,1.186082
445,1.350000,1.676387,1.076045,1.076051
445,1.400000,1.727421,0.965216,0.965222
445,1.450000,1.772903,0.854023,0.854028
445,1.500000,1.812826,0.742958,0.742964
445,1.550000,1.847210,0.632561,0.632566
445,1.600000,1.876103,0.523397,0.523401
445,1.650000,1.899580,0.416050,0.416051
445,1.700000,1.917748,0.311103,0.311094
445,1.750000,1.930740,0.209126,0.209084
445,1.800000,1.938719,0.110666,0.110468
445,1.850000,1.941874,0.016232,0.017291
445,1.900000,1.940417,-0.073711,0.085811
445,1.950000,1.934584,-0.158750,0.174174
445,2.000000,1.924630,-0.238532,0.265557
445,2.050000,1.910824,-0.312768,0.357472
445,2.100000,1.893449,-0.381234,0.448871
445,2.150000,1.872799,-0.443773,0.539097
445,2.200000,1.849172,-0.500295,0.627661
445,2.250000,1.822870,-0.550772,0.714174
445,2.300000,1.794195,-0.595237,0.798326
445,2.350000,1.763445,-0.633781,0.879872
445,2.400000,1.730914,-0.666543,0.958627
445,2.450000,1.696884,-0.693710,1.034457
445,2.500000,1.661632,-0.715506,1.107277
445,2.550000,1.625419,-0.732189,1.177040
445,2.600000,1.588494,-0.744043,1.243734
445,2.650000,1.551090,-0.751371,1.307378
445,2.700000,1.513427,-0.754493,1.368015
445,2.750000,1.475706,-0.753735,1.425706
445,2.800000,1.438112,-0.749430,1.480529
445,2.850000,1.400816,-0.741907,1.532573
445,2.900000,1.363970,-0.731494,1.581934
445,2.950000,1.327710,-0.718507,1.628713
445,3.000000,1.292157,-0.703254,1.673014
445,3.050000,1.257417,-0.686028,1.714941
445,3.100000,1.223582,-0.667109,1.754599
445,3.150000,1.190730,-0.646759,1.792087
445,3.200000,1.158926,-0.625223,1.827503
445,3.250000,1.128224,-0.602728,1.860941
445,3.300000,1.098666,-0.579483,1.892490
445,3.350000,1.070285,-0.555680,1.922236
445,3.400000,1.043104,-0.531493,1.950259
445,3.450000,1.017139,-0.507077,1.976635
445,3.500000,0.992398,-0.482572,2.001437
445,3.550000,0.968881,-0.458104,2.024733
445,3.600000,0.946585,-0.433781,2.046586
445,3.650000,0.925499,-0.409699,2.067059
445,3.700000,0.905610,-0.385942,2.086209
445,3.750000,0.886899,-0.362579,2.104090
445,3.800000,0.869344,-0.339671,2.120755
445,3.850000,0.852923,-0.317268,2.136254
445,3.900000,0.837608,-0.295412,2.150634
445,3.950000,0.823372,-0.274135,2.163942
445,4.000000,0.810185,-0.253463,2.176220
445,4.050000,0.798015,-0.233416,2.187510
445,4.100000,0.786833,-0.214006,2.197855
445,4.150000,0.776604,-0.195244,2.207291
445,4.200000,0.767297,-0.177134,2.215857
445,4.250000,0.758880,-0.159675,2.223589
445,4.300000,0.751319,-0.142867,2.230522
445,4.350000,0.744582,-0.126703,2.236690
445,4.400000,0.738638,-0.111176,2.242125
445,4.450000,0.733454,-0.096277,2.246860
445,4.500000,0.729000,-0.081994,2.250925
445,4.550000,0.725245,-0.068317,2.254350
445,4.600000,0.722158,-0.055232,2.257163
445,4.650000,0.719712,-0.042725,2.259391
445,4.700000,0.717877,-0.030782,2.261062
445,4.750000,0.716625,-0.019389,2.262202
445,4.800000,0.715929,-0.008531,2.262835
445,4.850000,0.715763,0.001807,2.262986
445,4.900000,0.716101,0.011638,2.262679
445,4.950000,0.716918,0.020978,2.261935
445,5.000000,0.718191,0.029840,2.260776
445,5.050000,0.719895,0.038237,2.259225
445,5.100000,0.722007,0.046185,2.257301
445,5.150000,0.724506,0.053695,2.255023
445,5.200000,0.727369,0.060779,2.252413
445,5.250000,0.730577,0.067451,2.249487
445,5.300000,0.734108,0.073721,2.246264
445,5.350000,0.737943,0.079602,2.242761
445,5.400000,0.742062,0.085103,2.238995
445,5.450000,0.746447,0.090235,2.234984
445,5.500000,0.751079,0.095009,2.230741
445,5.550000,0.755942,0.099434,2.226284
445,5.600000,0.761017,0.103518,2.221627
445,5.650000,0.766288,0.107272,2.216784
445,5.700000,0.771739,0.110703,2.211771
445,5.750000,0.777353,0.113820,2.206600
445,5.800000,0.783116,0.116631,2.201286
445,5.850000,0.789011,0.119144,2.195842
445,5.900000,0.795025,0.121366,2.190279
445,5.950000,0.801143,0.123306,2.184612
445,6.000000,0.807351,0.124970,2.178852
445,6.050000,0.813636,0.126365,2.173011
445,6.100000,0.819983,0.127499,2.167101
445,6.150000,0.826381,0.128378,2.161133
445,6.200000,0.832817,0.129011,2.155119
445,6.250000,0.839278,0.129403,2.149069
445,6.300000,0.845753,0.129562,2.142995
445,6.350000,0.852231,0.129495,2.136905
445,6.400000,0.858699,0.129208,2.130812
445,6.450000,0.865148,0.128710,2.124724
445,6.500000,0.871567,0.128006,2.118651
445,6.550000,0.877945,0.127105,2.112602
445,6.600000,0.884274,0.126014,2.106588
445,6.650000,0.890544,0.124740,2.100616
445,6.700000,0.896745,0.123290,2.094696
445,6.750000,0.902870,0.121672,2.088835
445,6.800000,0.908910,0.119895,2.083042
445,6.850000,0.914857,0.117965,2.077324
445,6.900000,0.920704,0.115890,2.071690
445,6.950000,0.926444,0.113679,2.066146
445,7.000000,0.932070,0.111340,2.060699
445,7.050000,0.937576,0.108880,2.055356
445,7.100000,0.942956,0.106307,2.050123
445,7.150000,0.948205,0.103631,2.045007
445,7.200000,0.953317,0.100858,2.040011
445,7.250000,0.958289,0.097998,2.035142
445,7.300000,0.963116,0.095058,2.030405
445,7.350000,0.967794,0.092047,2.025804
445,7.400000,0.972319,0.088973,2.021344
445,7.450000,0.976690,0.085844,2.017027
445,7.500000,0.980903,0.082668,2.012857
445,7.550000,0.984956,0.079453,2.008838
445,7.600000,0.988848,0.076207,2.004971
445,7.650000,0.992576,0.072938,2.001260
445,7.700000,0.996141,0.069653,1.997705
445,7.750000,0.999542,0.066359,1.994308
445,7.800000,1.002777,0.063065,1.991071
445,7.850000,1.005848,0.059777,1.987993
445,7.900000,1.008755,0.056501,1.985075
445,7.950000,1.011499,0.053246,1.982318
445,8.000000,1.014080,0.050016,1.979719
445,8.050000,1.016501,0.046818,1.977280
445,8.100000,1.018763,0.043659,1.974997
445,8.150000,1.020867,0.040543,1.972871
445,8.200000,1.022818,0.037476,1.970899
445,8.250000,1.024616,0.034463,1.969078
445,8.300000,1.026265,0.031509,1.967407
445,8.350000,1.027768,0.028618,1.965883
445,8.400000,1.029128,0.025794,1.964503
445,8.450000,1.030348,0.023042,1.963263
445,8.500000,1.031433,0.020364,1.962161
445,8.550000,1.032386,0.017765,1.961192
445,8.600000,1.033211,0.015245,1.960353
445,8.650000,1.033912,0.012809,1.959639
445,8.700000,1.034493,0.010459,1.959048
445,8.750000,1.034959,0.008196,1.958573
445,8.800000,1.035314,0.006022,1.958211
445,8.850000,1.035563,0.003938,1.957958
445,8.900000,1.035710,0.001945,1.957809
445,8.950000,1.035759,0.000045,1.957758
445,9.000000,1.035716,-0.001763,1.957802
445,9.050000,1.035584,-0.003478,1.957936
445,9.100000,1.035370,-0.005100,1.958155
445,9.150000,1.035076,-0.006630,1.958454
445,9.200000,1.034708,-0.008068,1.958829
445,9.250000,1.034271,-0.009415,1.959274
445,9.300000,1.033768,-0.010671,1.959786
445,9.350000,1.033205,-0.011839,1.960359
445,9.400000,1.032586,-0.012919,1.960989
445,9.450000,1.031915,-0.013912,1.961671
445,9.500000,1.031196,-0.014821,1.962402
445,9.550000,1.030434,-0.015648,1.963176
445,9.600000,1.029632,-0.016393,1.963990
445,9.650000,1.028796,-0.017060,1.964840
445,9.700000,1.027928,-0.017651,1.965721
445,9.750000,1.027032,-0.018167,1.966630
445,9.800000,1.026112,-0.018611,1.967562
445,9.850000,1.025172,-0.018986,1.968515
445,9.900000,1.024215,-0.019294,1.969484
445,9.950000,1.023244,-0.019537,1.970467
445,10.000000,1.022262,-0.019719,1.971461

446,0.000000,-2.120301,6.000000,6.000000
446,0.050000,-1.835199,5.420694,5.420696
446,0.100000,-1.576732,4.931583,4.931586
446,0.150000,-1.340811,4.516429,4.516433
446,0.200000,-1.124076,4.162186,4.162190
446,0.250000,-0.923755,3.858274,3.858279
446,0.300000,-0.737556,3.596043,3.596048
446,0.350000,-0.563576,3.368356,3.368362
446,0.400000,-0.400244,3.169286,3.169292
446,0.450000,-0.246254,2.993871,2.993877
446,0.500000,-0.100533,2.837932,2.837937
446,0.550000,0.037804,2.697929,2.697935
446,0.600000,0.169475,2.570851,2.570857
446,0.650000,0.295062,2.454128,2.454134
446,0.700000,0.415024,2.345562,2.345568
446,0.750000,0.529722,2.243272,2.243277
446,0.800000,0.639429,2.145654,2.145660
446,0.850000,0.744343,2.051345,2.051351
446,0.900000,0.844599,1.959200,1.959206
446,0.950000,0.940283,1.868263,1.868269
446,1.000000,1.031433,1.777757,1.777763
446,1.050000,1.118055,1.687065,1.687071
446,1.100000,1.200128,1.595719,1.595725
446,1.150000,1.277610,1.503387,1.503393
446,1.200000,1.350447,1.409864,1.409870
446,1.250000,1.418576,1.315063,1.315069
446,1.300000,1.481932,1.219003,1.219009
446,1.350000,1.540457,1.121797,1.121804
446,1.400000,1.594096,1.023648,1.023655
446,1.450000,1.642810,0.924831,0.924838
446,1.500000,1.686574,0.825686,0.825693
446,1.550000,1.725380,0.726605,0.726612
446,1.600000,1.759243,0.628020,0.628026
446,1.650000,1.788198,0.530391,0.530397
446,1.700000,1.812306,0.434196,0.434201
446,1.750000,1.831650,0.339917,0.339919
446,1.800000,1.846337,0.248032,0.248023
446,1.850000,1.856500,0.159002,0.158951
446,1.900000,1.862292,0.073263,0.072987
446,1.950000,1.863888,-0.008780,0.009413
446,2.000000,1.861482,-0.086764,0.155368
446,2.050000,1.855285,-0.160369,0.215014
446,2.100000,1.845523,-0.229325,0.286151
446,2.150000,1.832434,-0.293416,0.361649
446,2.200000,1.816265,-0.352476,0.438634
446,2.250000,1.797272,-0.406396,0.515688
446,2.300000,1.775712,-0.455117,0.591977
446,2.350000,1.751847,-0.498634,0.666947
446,2.400000,1.725935,-0.536987,0.740203
446,2.450000,1.698233,-0.570263,0.811458
446,2.500000,1.668991,-0.598585,0.880501
446,2.550000,1.638454,-0.622117,0.947180
446,2.600000,1.606856,-0.641050,1.011393
446,2.650000,1.574422,-0.655602,1.073077
446,2.700000,1.541365,-0.666011,1.132202
446,2.750000,1.507886,-0.672532,1.188767
446,2.800000,1.474172,-0.675431,1.242791
446,2.850000,1.440399,-0.674982,1.294315
446,2.900000,1.406725,-0.671460,1.343390
446,2.950000,1.373299,-0.665143,1.390081
446,3.000000,1.340253,-0.656301,1.434460
446,3.050000,1.307707,-0.645203,1.476602
446,3.100000,1.275766,-0.632104,1.516590
446,3.150000,1.244526,-0.617254,1.554503
446,3.200000,1.214066,-0.600887,1.590426
446,3.250000,1.184458,-0.583226,1.624438
446,3.300000,1.155762,-0.564480,1.656619
446,3.350000,1.128025,-0.544843,1.687045
446,3.400000,1.101289,-0.524495,1.715791
446,3.450000,1.075585,-0.503601,1.742928
446,3.500000,1.050936,-0.482312,1.768522
446,3.550000,1.027358,-0.460766,1.792640
446,3.600000,1.004861,-0.439085,1.815341
446,3.650000,0.983450,-0.417381,1.836686
446,3.700000,0.963122,-0.395750,1.856728
446,3.750000,0.943872,-0.374281,1.875521
446,3.800000,0.925690,-0.353048,1.893115
446,3.850000,0.908562,-0.332118,1.909558
446,3.900000,0.892472,-0.311546,1.924897
446,3.950000,0.877401,-0.291381,1.939174
446,4.000000,0.863327,-0.271663,1.952432
446,4.050000,0.850226,-0.252425,1.964712
446,4.100000,0.838076,-0.233694,1.976051
446,4.150000,0.826848,-0.215492,1.986489
446,4.200000,0.816517,-0.197833,1.996059
446,4.250000,0.807056,-0.180730,2.004798
446,4.300000,0.798435,-0.164190,2.012739
446,4.350000,0.790627,-0.148218,2.019915
446,4.400000,0.783604,-0.132815,2.026357
446,4.450000,0.777336,-0.117979,2.032095
446,4.500000,0.771796,-0.103707,2.037160
446,4.550000,0.766956,-0.089993,2.041579
446,4.600000,0.762788,-0.076832,2.045380
446,4.650000,0.759264,-0.064213,2.048591
446,4.700000,0.756358,-0.052129,2.051237
446,4.750000,0.754042,-0.040569,2.053344
446,4.800000,0.752292,-0.029522,2.054936
446,4.850000,0.751082,-0.018978,2.056036
446,4.900000,0.750386,-0.008925,2.056668
446,4.950000,0.750181,0.000649,2.056855
446,5.000000,0.750443,0.009755,2.056616
446,5.050000,0.751149,0.018405,2.055975
446,5.100000,0.752276,0.026611,2.054950
446,5.150000,0.753803,0.034384,2.053561
446,5.200000,0.755708,0.041735,2.051828
446,5.250000,0.757970,0.048675,2.049770
446,5.300000,0.760569,0.055216,2.047402
446,5.350000,0.763485,0.061368,2.044745
446,5.400000,0.766699,0.067140,2.041813
446,5.450000,0.770193,0.072544,2.038624
446,5.500000,0.773948,0.077589,2.035194
446,5.550000,0.777946,0.082283,2.031538
446,5.600000,0.782170,0.086638,2.027670
446,5.650000,0.786604,0.090661,2.023607
446,5.700000,0.791231,0.094360,2.019361
446,5.750000,0.796035,0.097746,2.014947
446,5.800000,0.801000,0.100825,2.010378
446,5.850000,0.806112,0.103606,2.005668
446,5.900000,0.811356,0.106096,2.000829
446,5.950000,0.816717,0.108304,1.995874
446,6.000000,0.822182,0.110238,1.990815
446,6.050000,0.827737,0.111903,1.985664
446,6.100000,0.833368,0.113309,1.980432
446,6.150000,0.839063,0.114461,1.975131
446,6.200000,0.844810,0.115368,1.969772
446,6.250000,0.850596,0.116037,1.964366
446,6.300000,0.856410,0.116475,1.958923
446,6.350000,0.862240,0.116689,1.953453
446,6.400000,0.868075,0.116687,1.947967
446,6.450000,0.873905,0.116475,1.942473
446,6.500000,0.879719,0.116061,1.936983
446,6.550000,0.885508,0.115453,1.931504
446,6.600000,0.891262,0.114657,1.926047
446,6.650000,0.896971,0.113681,1.920618
446,6.700000,0.902627,0.112533,1.915228
446,6.750000,0.908221,0.111220,1.909884
446,6.800000,0.913746,0.109749,1.904594
446,6.850000,0.919194,0.108129,1.899366
446,6.900000,0.924557,0.106366,1.894207
446,6.950000,0.929828,0.104470,1.889123
446,7.000000,0.935001,0.102447,1.884123
446,7.050000,0.940071,0.100305,1.879211
446,7.100000,0.945030,0.098053,1.874395
446,7.150000,0.949874,0.095697,1.869680
446,7.200000,0.954598,0.093247,1.865071
446,7.250000,0.959198,0.090709,1.860573
446,7.300000,0.963668,0.088092,1.856192
446,7.350000,0.968006,0.085404,1.851932
446,7.400000,0.972207,0.082652,1.847796
446,7.450000,0.976270,0.079843,1.843788
446,7.500000,0.980191,0.076986,1.839913
446,7.550000,0.983968,0.074089,1.836172
446,7.600000,0.987599,0.071158,1.832568
446,7.650000,0.991083,0.068200,1.829104
446,7.700000,0.994419,0.065224,1.825782
446,7.750000,0.997605,0.062235,1.822602
446,7.800000,1.000642,0.059241,1.819567
446,7.850000,1.003529,0.056249,1.816676
446,7.900000,1.006267,0.053264,1.813931
446,7.950000,1.008856,0.050294,1.811331
446,8.000000,1.011297,0.047343,1.808877
446,8.050000,1.013591,0.044419,1.806567
446,8.100000,1.015739,0.041526,1.804401
446,8.150000,1.017744,0.038669,1.802377
446,8.200000,1.019607,0.035855,1.800494
446,8.250000,1.021330,0.033086,1.798751
446,8.300000,1.022916,0.030369,1.797145
446,8.350000,1.024368,0.027707,1.795674
446,8.400000,1.025688,0.025103,1.794335
446,8.450000,1.026879,0.022563,1.793126
446,8.500000,1.027945,0.020088,1.792043
446,8.550000,1.028889,0.017682,1.791084
446,8.600000,1.029715,0.015348,1.790244
446,8.650000,1.030425,0.013088,1.789521
446,8.700000,1.031025,0.010905,1.788911
446,8.750000,1.031517,0.008800,1.788410
446,8.800000,1.031906,0.006774,1.788014
446,8.850000,1.032196,0.004830,1.787719
446,8.900000,1.032391,0.002968,1.787521
446,8.950000,1.032494,0.001190,1.787415
446,9.000000,1.032511,-0.000505,1.787398
446,9.050000,1.032445,-0.002117,1.787465
446,9.100000,1.032301,-0.003644,1.787612
446,9.150000,1.032082,-0.005087,1.787835
446,9.200000,1.031793,-0.006446,1.788129
446,9.250000,1.031439,-0.007723,1.788490
446,9.300000,1.031023,-0.008917,1.788914
446,9.350000,1.030549,-0.010030,1.789396
446,9.400000,1.030021,-0.011063,1.789933
446,9.450000,1.029444,-0.012016,1.790520
446,9.500000,1.028821,-0.012892,1.791154
446,9.550000,1.028156,-0.013693,1.791829
446,9.600000,1.027453,-0.014419,1.792544
446,9.650000,1.026715,-0.015072,1.793293
446,9.700000,1.025947,-0.015655,1.794073
446,9.750000,1.025151,-0.016169,1.794880
446,9.800000,1.024331,-0.016617,1.795712
446,9.850000,1.023490,-0.017001,1.796564
446,9.900000,1.022632,-0.017322,1.797433
446,9.950000,1.021759,-0.017583,1.798317
446,10.000000,1.020874,-0.017788,1.799213

447,0.000000,-2.192481,6.000000,6.000000
447,0.050000,-1.907834,5.402983,5.402985
447,0.100000,-1.650641,4.898746,4.898749
447,0.150000,-1.416694,4.470643,4.470647
447,0.200000,-1.202532,4.105330,4.105335
447,0.250000,-1.005296,3.792014,3.792019
447,0.300000,-0.822613,3.521887,3.521892
447,0.350000,-0.652509,3.287706,3.287711
447,0.400000,-0.493344,3.083467,3.083473
447,0.450000,-0.343748,2.904160,2.904166
447,0.500000,-0.202583,2.745574,2.745580
447,0.550000,-0.068905,2.604150,2.604156
447,0.600000,0.058067,2.476865,2.476871
447,0.650000,0.178974,2.361139,2.361146
447,0.700000,0.294337,2.254765,2.254772
447,0.750000,0.404575,2.155850,2.155856
447,0.800000,0.510019,2.062770,2.062776
447,0.850000,0.610926,1.974135,1.974142
447,0.900000,0.707487,1.888762,1.888769
447,0.950000,0.799839,1.805648,1.805654
447,1.000000,0.888075,1.723953,1.723959
447,1.050000,0.972247,1.642985,1.642992
447,1.100000,1.052376,1.562188,1.562195
447,1.150000,1.128461,1.481130,1.481136
447,1.200000,1.200480,1.399491,1.399497
447,1.250000,1.268397,1.317059,1.317066
447,1.300000,1.332170,1.233719,1.233725
447,1.350000,1.391753,1.149442,1.149448
447,1.400000,1.447100,1.064283,1.064289
447,1.450000,1.498169,0.978367,0.978374
447,1.500000,1.544927,0.891885,0.891892
447,1.550000,1.587352,0.805081,0.805088
447,1.600000,1.625435,0.718247,0.718254
447,1.650000,1.659182,0.631711,0.631718
447,1.700000,1.688617,0.545828,0.545836
447,1.750000,1.713782,0.460974,0.460982
447,1.800000,1.734738,0.377533,0.377540
447,1.850000,1.751565,0.295891,0.295896
447,1.900000,1.764363,0.216427,0.216423
447,1.950000,1.773250,0.139505,0.139470
447,2.000000,1.778362,0.065470,0.065258
447,2.050000,1.779851,-0.005362,0.007196
447,2.100000,1.777884,-0.072706,0.139662
447,2.150000,1.772642,-0.136313,0.188866
447,2.200000,1.764318,-0.195973,0.248927
447,2.250000,1.753114,-0.251516,0.313360
447,2.300000,1.739237,-0.302815,0.379468
447,2.350000,1.722904,-0.349784,0.445921
447,2.400000,1.704332,-0.392378,0.511943
447,2.450000,1.683739,-0.430593,0.577025
447,2.500000,1.661345,-0.464460,0.640810
447,2.550000,1.637365,-0.494047,0.703032
447,2.600000,1.612010,-0.519453,0.763496
447,2.650000,1.585487,-0.540805,0.822059
447,2.700000,1.557995,-0.558255,0.878617
447,2.750000,1.529724,-0.571976,0.933104
447,2.800000,1.500856,-0.582156,0.985478
447,2.850000,1.471564,-0.589001,1.035724
447,2.900000,1.442008,-0.592722,1.083845
447,2.950000,1.412340,-0.593541,1.129861
447,3.000000,1.382699,-0.591680,1.173805
447,3.050000,1.353213,-0.587363,1.215718
447,3.100000,1.324000,-0.580814,1.255652
447,3.150000,1.295165,-0.572251,1.293662
447,3.200000,1.266805,-0.561888,1.329808
447,3.250000,1.239003,-0.549929,1.364153
447,3.300000,1.211835,-0.536571,1.396760
447,3.350000,1.185366,-0.522003,1.427693
447,3.400000,1.159652,-0.506401,1.457015
447,3.450000,1.134740,-0.489931,1.484788
447,3.500000,1.110671,-0.472747,1.511073
447,3.550000,1.087475,-0.454994,1.535927
447,3.600000,1.065179,-0.436803,1.559408
447,3.650000,1.043800,-0.418295,1.581570
447,3.700000,1.023353,-0.399580,1.602464
447,3.750000,1.003844,-0.380758,1.622140
447,3.800000,0.985277,-0.361918,1.640646
447,3.850000,0.967651,-0.343141,1.658027
447,3.900000,0.950961,-0.324496,1.674326
447,3.950000,0.935198,-0.306047,1.689586
447,4.000000,0.920352,-0.287848,1.703846
447,4.050000,0.906408,-0.269946,1.717145
447,4.100000,0.893352,-0.252383,1.729519
447,4.150000,0.881164,-0.235191,1.741005
447,4.200000,0.869826,-0.218401,1.751635
447,4.250000,0.859317,-0.202035,1.761444
447,4.300000,0.849615,-0.186114,1.770462
447,4.350000,0.840698,-0.170651,1.778722
447,4.400000,0.832542,-0.155659,1.786252
447,4.450000,0.825124,-0.141146,1.793083
447,4.500000,0.818419,-0.127117,1.799240
447,4.550000,0.812404,-0.113574,1.804753
447,4.600000,0.807054,-0.100519,1.809647
447,4.650000,0.802344,-0.087950,1.813949
447,4.700000,0.798251,-0.075864,1.817682
447,4.750000,0.794750,-0.064257,1.820871
447,4.800000,0.791817,-0.053124,1.823539
447,4.850000,0.789430,-0.042458,1.825710
447,4.900000,0.787564,-0.032253,1.827406
447,4.950000,0.786197,-0.022499,1.828647
447,5.000000,0.785306,-0.013191,1.829456
447,5.050000,0.784870,-0.004317,1.829852
447,5.100000,0.784867,0.004129,1.829854
447,5.150000,0.785276,0.012158,1.829483
447,5.200000,0.786076,0.019778,1.828757
447,5.250000,0.787247,0.026999,1.827693
447,5.300000,0.788770,0.033830,1.826310
447,5.350000,0.790624,0.040280,1.824624
447,5.400000,0.792792,0.046359,1.822653
447,5.450000,0.795254,0.052075,1.820412
447,5.500000,0.797993,0.057437,1.817916
447,5.550000,0.800992,0.062454,1.815182
447,5.600000,0.804233,0.067135,1.812224
447,5.650000,0.807700,0.071487,1.809057
447,5.700000,0.811376,0.075521,1.805694
447,5.750000,0.815247,0.079243,1.802149
447,5.800000,0.819296,0.082661,1.798436
447,5.850000,0.823508,0.085784,1.794568
447,5.900000,0.827869,0.088620,1.790557
447,5.950000,0.832365,0.091175,1.786415
447,6.000000,0.836982,0.093458,1.782155
447,6.050000,0.841707,0.095476,1.777789
447,6.100000,0.846526,0.097236,1.773327
447,6.150000,0.851426,0.098747,1.768781
447,6.200000,0.856396,0.100014,1.764162
447,6.250000,0.861424,0.101046,1.759481
447,6.300000,0.866497,0.101849,1.754747
447,6.350000,0.871605,0.102431,1.749970
447,6.400000,0.876736,0.102799,1.745162
447,6.450000,0.881881,0.102961,1.740330
447,6.500000,0.887029,0.102922,1.735485
447,6.550000,0.892170,0.102692,1.730635
447,6.600000,0.897295,0.102276,1.725790
447,6.650000,0.902395,0.101682,1.720957
447,6.700000,0.907461,0.100918,1.716144
447,6.750000,0.912484,0.099990,1.711361
447,6.800000,0.917457,0.098907,1.706614
447,6.850000,0.922372,0.097675,1.701912
447,6.900000,0.927222,0.096302,1.697260
447,6.950000,0.932000,0.094796,1.692667
447,7.000000,0.936700,0.093163,1.688138
447,7.050000,0.941315,0.091411,1.683680
447,7.100000,0.945839,0.089548,1.679299
447,7.150000,0.950268,0.087582,1.675000
447,7.200000,0.954596,0.085518,1.670789
447,7.250000,0.958818,0.083366,1.666672
447,7.300000,0.962931,0.081133,1.662652
447,7.350000,0.966930,0.078825,1.658734
447,7.400000,0.970812,0.076450,1.654922
447,7.450000,0.974574,0.074016,1.651221
447,7.500000,0.978213,0.071529,1.647633
447,7.550000,0.981726,0.068997,1.644161
447,7.600000,0.985112,0.066426,1.640809
447,7.650000,0.988368,0.063823,1.637579
447,7.700000,0.991494,0.061195,1.634473
447,7.750000,0.994488,0.058549,1.631492
447,7.800000,0.997349,0.055891,1.628638
447,7.850000,1.000077,0.053226,1.625912
447,7.900000,1.002671,0.050562,1.623315
447,7.950000,1.005133,0.047904,1.620847
447,8.000000,1.007462,0.045258,1.618509
447,8.050000,1.009659,0.042629,1.616301
447,8.100000,1.011725,0.040021,1.614221
447,8.150000,1.013662,0.037442,1.612269
447,8.200000,1.015470,0.034894,1.610444
447,8.250000,1.017152,0.032383,1.608745
447,8.300000,1.018709,0.029913,1.607170
447,8.350000,1.020144,0.027487,1.605717
447,8.400000,1.021458,0.025110,1.604385
447,8.450000,1.022655,0.022785,1.603171
447,8.500000,1.023738,0.020516,1.602073
447,8.550000,1.024708,0.018305,1.601088
447,8.600000,1.025569,0.016154,1.600213
447,8.650000,1.026324,0.014068,1.599445
447,8.700000,1.026977,0.012047,1.598781
447,8.750000,1.027530,0.010093,1.598218
447,8.800000,1.027988,0.008209,1.597753
447,8.850000,1.028352,0.006396,1.597381
447,8.900000,1.028628,0.004654,1.597100
447,8.950000,1.028819,0.002986,1.596906
447,9.000000,1.028928,0.001391,1.596795
447,9.050000,1.028959,-0.000130,1.596763
447,9.100000,1.028916,-0.001576,1.596807
447,9.150000,1.028803,-0.002947,1.596922
447,9.200000,1.028623,-0.004245,1.597106
447,9.250000,1.028380,-0.005467,1.597353
447,9.300000,1.028077,-0.006616,1.597661
447,9.350000,1.027719,-0.007693,1.598026
447,9.400000,1.027309,-0.008696,1.598443
447,9.450000,1.026851,-0.009629,1.598909
447,9.500000,1.026348,-0.010491,1.599421
447,9.550000,1.025803,-0.011284,1.599975
447,9.600000,1.025220,-0.012010,1.600567
447,9.650000,1.024603,-0.012669,1.601194
447,9.700000,1.023954,-0.013264,1.601853
447,9.750000,1.023278,-0.013796,1.602540
447,9.800000,1.022576,-0.014267,1.603252
447,9.850000,1.021852,-0.014679,1.603986
447,9.900000,1.021109,-0.015033,1.604739
447,9.950000,1.020350,-0.015332,1.605509
447,10.000000,1.019577,-0.015577,1.606292

448,0.000000,-2.264662,6.000000,6.000000
448,0.050000,-1.980482,5.384761,5.384763
448,0.100000,-1.724600,4.864893,4.864895
448,0.150000,-1.492691,4.423327,4.423331
448,0.200000,-1.281193,4.046411,4.046415
448,0.250000,-1.087158,3.723123,3.723128
448,0.300000,-0.908138,3.444495,3.444501
448,0.350000,-0.742088,3.203168,3.203174
448,0.400000,-0.587301,2.993057,2.993064
448,0.450000,-0.442347,2.809100,2.809106
448,0.500000,-0.306027,2.647051,2.647057
448,0.550000,-0.177337,2.503332,2.503338
448,0.600000,-0.055439,2.374908,2.374915
448,0.650000,0.060365,2.259194,2.259201
448,0.700000,0.170655,2.153979,2.153986
448,0.750000,0.275906,2.057364,2.057371
448,0.800000,0.376507,1.967717,1.967724
448,0.850000,0.472771,1.883634,1.883641
448,0.900000,0.564943,1.803907,1.803914
448,0.950000,0.653217,1.727503,1.727510
448,1.000000,0.737734,1.653539,1.653546
448,1.050000,0.818599,1.581270,1.581277
448,1.100000,0.895879,1.510073,1.510080
448,1.150000,0.969615,1.439438,1.439445
448,1.200000,1.039825,1.368956,1.368963
448,1.250000,1.106508,1.298311,1.298318
448,1.300000,1.169650,1.227277,1.227284
448,1.350000,1.229227,1.155704,1.155711
448,1.400000,1.285210,1.083516,1.083523
448,1.450000,1.337568,1.010704,1.010711
448,1.500000,1.386271,0.937320,0.937327
448,1.550000,1.431292,0.863468,0.863475
448,1.600000,1.472612,0.789300,0.789308
448,1.650000,1.510220,0.715011,0.715019
448,1.700000,1.544115,0.640826,0.640834
448,1.750000,1.574309,0.566999,0.567008
448,1.800000,1.600826,0.493806,0.493815
448,1.850000,1.623705,0.421535,0.421544
448,1.900000,1.642999,0.350480,0.350490
448,1.950000,1.658778,0.280940,0.280949
448,2.000000,1.671123,0.213206,0.213212
448,2.050000,1.680133,0.147558,0.147553
448,2.100000,1.685919,0.084264,0.084201
448,2.150000,1.688603,0.023570,0.023321
448,2.200000,1.688323,-0.034300,0.034827
448,2.250000,1.685223,-0.089150,0.095729
448,2.300000,1.679461,-0.140809,0.154544
448,2.350000,1.671198,-0.189141,0.213666
448,2.400000,1.660604,-0.234035,0.272643
448,2.450000,1.647853,-0.275417,0.331143
448,2.500000,1.633122,-0.313240,0.388897
448,2.550000,1.616589,-0.347489,0.445681
448,2.600000,1.598432,-0.378177,0.501305
448,2.650000,1.578830,-0.405344,0.555612
448,2.700000,1.557955,-0.429056,0.608472
448,2.750000,1.535980,-0.449398,0.659783
448,2.800000,1.513070,-0.466480,0.709464
448,2.850000,1.489385,-0.480426,0.757458
448,2.900000,1.465077,-0.491375,0.803727
448,2.950000,1.440295,-0.499478,0.848248
448,3.000000,1.415174,-0.504897,0.891016
448,3.050000,1.389847,-0.507800,0.932035
448,3.100000,1.364433,-0.508358,0.971323
448,3.150000,1.339047,-0.506747,1.008905
448,3.200000,1.313792,-0.503142,1.044813
448,3.250000,1.288763,-0.497716,1.079085
448,3.300000,1.264048,-0.490641,1.111764
448,3.350000,1.239724,-0.482083,1.142894
448,3.400000,1.215862,-0.472205,1.172524
448,3.450000,1.192523,-0.461159,1.200701
448,3.500000,1.169763,-0.449096,1.227474
448,3.550000,1.147628,-0.436153,1.252892
448,3.600000,1.126160,-0.422465,1.277003
448,3.650000,1.105392,-0.408154,1.299855
448,3.700000,1.085353,-0.393337,1.321492
448,3.750000,1.066065,-0.378119,1.341960
448,3.800000,1.047546,-0.362599,1.361302
448,3.850000,1.029808,-0.346868,1.379560
448,3.900000,1.012861,-0.331008,1.396774
448,3.950000,0.996709,-0.315094,1.412983
448,4.000000,0.981352,-0.299192,1.428223
448,4.050000,0.966788,-0.283363,1.442530
448,4.100000,0.953013,-0.267662,1.455939
448,4.150000,0.940019,-0.252134,1.468484
448,4.200000,0.927796,-0.236823,1.480195
448,4.250000,0.916333,-0.221764,1.491104
448,4.300000,0.905615,-0.206989,1.501241
448,4.350000,0.895628,-0.192526,1.510634
448,4.400000,0.886357,-0.178396,1.519311
448,4.450000,0.877783,-0.164619,1.527300
448,4.500000,0.869889,-0.151211,1.534626
448,4.550000,0.862656,-0.138184,1.541314
448,4.600000,0.856064,-0.125547,1.547390
448,4.650000,0.850094,-0.113309,1.552877
448,4.700000,0.844726,-0.101474,1.557799
448,4.750000,0.839940,-0.090046,1.562177
448,4.800000,0.835715,-0.079026,1.566036
448,4.850000,0.832031,-0.068414,1.569394
448,4.900000,0.828867,-0.058208,1.572275
448,4.950000,0.826203,-0.048407,1.574697
448,5.000000,0.824019,-0.039007,1.576680
448,5.050000,0.822296,-0.030004,1.578245
448,5.100000,0.821012,-0.021392,1.579409
448,5.150000,0.820150,-0.013168,1.580191
448,5.200000,0.819689,-0.005323,1.580609
448,5.250000,0.819611,0.002147,1.580679
448,5.300000,0.819898,0.009249,1.580420
448,5.350000,0.820530,0.015991,1.579846
448,5.400000,0.821491,0.022379,1.578975
448,5.450000,0.822762,0.028420,1.577821
448,5.500000,0.824327,0.034121,1.576401
448,5.550000,0.826169,0.039491,1.574727
448,5.600000,0.828271,0.044536,1.572816
448,5.650000,0.830617,0.049264,1.570681
448,5.700000,0.833192,0.053681,1.568336
448,5.750000,0.835980,0.057796,1.565793
448,5.800000,0.838967,0.061616,1.563067
448,5.850000,0.842137,0.065147,1.560168
448,5.900000,0.845477,0.068398,1.557111
448,5.950000,0.848972,0.071374,1.553906
448,6.000000,0.852610,0.074085,1.550566
448,6.050000,0.856377,0.076535,1.547102
448,6.100000,0.860259,0.078733,1.543525
448,6.150000,0.864246,0.080685,1.539846
448,6.200000,0.868324,0.082399,1.536075
448,6.250000,0.872482,0.083881,1.532222
448,6.300000,0.876708,0.085139,1.528299
448,6.350000,0.880992,0.086179,1.524314
448,6.400000,0.885323,0.087008,1.520277
448,6.450000,0.889690,0.087633,1.516197
448,6.500000,0.894083,0.088061,1.512084
448,6.550000,0.898493,0.088299,1.507945
448,6.600000,0.902910,0.088354,1.503791
448,6.650000,0.907325,0.088232,1.499628
448,6.700000,0.911730,0.087942,1.495465
448,6.750000,0.916116,0.087488,1.491309
448,6.800000,0.920476,0.086880,1.487169
448,6.850000,0.924802,0.086123,1.483051
448,6.900000,0.929086,0.085224,1.478963
448,6.950000,0.933322,0.084191,1.474911
448,7.000000,0.937503,0.083031,1.470901
448,7.050000,0.941623,0.081750,1.466941
448,7.100000,0.945676,0.080355,1.463035
448,7.150000,0.949657,0.078854,1.459189
448,7.200000,0.953560,0.077253,1.455409
448,7.250000,0.957381,0.075559,1.451700
448,7.300000,0.961114,0.073779,1.448067
448,7.350000,0.964757,0.071921,1.444514
448,7.400000,0.968305,0.069990,1.441046
448,7.450000,0.971755,0.067993,1.437666
448,7.500000,0.975104,0.065937,1.434378
448,7.550000,0.978348,0.063829,1.431185
448,7.600000,0.981486,0.061675,1.428090
448,7.650000,0.984515,0.059481,1.425097
448,7.700000,0.987433,0.057253,1.422206
448,7.750000,0.990240,0.054998,1.419422
448,7.800000,0.992933,0.052722,1.416745
448,7.850000,0.995512,0.050430,1.414176
448,7.900000,0.997976,0.048128,1.411718
448,7.950000,1.000324,0.045821,1.409371
448,8.000000,1.002558,0.043515,1.407135
448,8.050000,1.004676,0.041215,1.405011
448,8.100000,1.006679,0.038925,1.403000
448,8.150000,1.008569,0.036651,1.401100
448,8.200000,1.010345,0.034397,1.399312
448,8.250000,1.012009,0.032168,1.397634
448,8.300000,1.013562,0.029967,1.396067
448,8.350000,1.015006,0.027798,1.394608
448,8.400000,1.016342,0.025665,1.393256
448,8.450000,1.017573,0.023571,1.392010
448,8.500000,1.018700,0.021521,1.390868
448,8.550000,1.019726,0.019515,1.389828
448,8.600000,1.020653,0.017558,1.388887
448,8.650000,1.021483,0.015652,1.388045
448,8.700000,1.022219,0.013800,1.387297
448,8.750000,1.022864,0.012002,1.386641
448,8.800000,1.023420,0.010261,1.386075
448,8.850000,1.023891,0.008579,1.385596
448,8.900000,1.024279,0.006958,1.385201
448,8.950000,1.024587,0.005397,1.384887
448,9.000000,1.024820,0.003899,1.384651
448,9.050000,1.024978,0.002464,1.384489
448,9.100000,1.025067,0.001093,1.384399
448,9.150000,1.025089,-0.000215,1.384376
448,9.200000,1.025047,-0.001458,1.384419
448,9.250000,1.024944,-0.002636,1.384524
448,9.300000,1.024784,-0.003751,1.384687
448,9.350000,1.024570,-0.004801,1.384905
448,9.400000,1.024305,-0.005788,1.385175
448,9.450000,1.023992,-0.006712,1.385493
448,9.500000,1.023635,-0.007574,1.385857
448,9.550000,1.023236,-0.008374,1.386262
448,9.600000,1.022798,-0.009114,1.386707
448,9.650000,1.022325,-0.009795,1.387188
448,9.700000,1.021820,-0.010418,1.387702
448,9.750000,1.021285,-0.010983,1.388246
448,9.800000,1.020722,-0.011494,1.388817
448,9.850000,1.020136,-0.011950,1.389412
448,9.900000,1.019528,-0.012353,1.390028
448,9.950000,1.018902,-0.012706,1.390664
448,10.000000,1.018259,-0.013009,1.391316

449,0.000000,-2.336842,6.000000,6.000000
449,0.050000,-2.053143,5.366027,5.366029
449,0.100000,-1.798611,4.830022,4.830025
449,0.150000,-1.568803,4.374479,4.374483
449,0.200000,-1.360058,3.985421,3.985426
449,0.250000,-1.169343,3.651591,3.651596
449,0.300000,-0.994132,3.363847,3.363853
449,0.350000,-0.832316,3.114708,3.114714
449,0.400000,-0.682122,2.898003,2.898010
449,0.450000,-0.542061,2.708611,2.708618
449,0.500000,-0.410877,2.542249,2.542256
449,0.550000,-0.287513,2.395316,2.395323
449,0.600000,-0.171073,2.264766,2.264774
449,0.650000,-0.060806,2.148009,2.148017
449,0.700000,0.043920,2.042833,2.042841
449,0.750000,0.143638,1.947340,1.947347
449,0.800000,0.238788,1.859895,1.859903
449,0.850000,0.329738,1.779091,1.779099
449,0.900000,0.416788,1.703711,1.703718
449,0.950000,0.500182,1.632703,1.632710
449,1.000000,0.580116,1.565160,1.565168
449,1.050000,0.656743,1.500305,1.500312
449,1.100000,0.730180,1.437469,1.437476
449,1.150000,0.800514,1.376087,1.376094
449,1.200000,0.867805,1.315685,1.315693
449,1.250000,0.932092,1.255873,1.255880
449,1.300000,0.993397,1.196335,1.196342
449,1.350000,1.051726,1.136825,1.136832
449,1.400000,1.107076,1.077162,1.077169
449,1.450000,1.159437,1.017223,1.017230
449,1.500000,1.208793,0.956939,0.956947
449,1.550000,1.255125,0.896291,0.896299
449,1.600000,1.298416,0.835304,0.835312
449,1.650000,1.338651,0.774042,0.774050
449,1.700000,1.375818,0.712605,0.712613
449,1.750000,1.409911,0.651124,0.651132
449,1.800000,1.440932,0.589755,0.589763
449,1.850000,1.468891,0.528675,0.528684
449,1.900000,1.493807,0.468079,0.468089
449,1.950000,1.515710,0.408172,0.408182
449,2.000000,1.534640,0.349167,0.349178
449,2.050000,1.550646,0.291279,0.291291
449,2.100000,1.563790,0.234724,0.234736
449,2.150000,1.574144,0.179711,0.179722
449,2.200000,1.581790,0.126440,0.126445
449,2.250000,1.586820,0.075100,0.075074
449,2.300000,1.589335,0.025867,0.025671
449,2.350000,1.589445,-0.021102,0.021186
449,2.400000,1.587265,-0.065668,0.071845
449,2.450000,1.582920,-0.107713,0.118668
449,2.500000,1.576537,-0.147140,0.166162
449,2.550000,1.568251,-0.183871,0.213754
449,2.600000,1.558196,-0.217854,0.261123
449,2.650000,1.546512,-0.249057,0.308038
449,2.700000,1.533337,-0.277467,0.354309
449,2.750000,1.518811,-0.303095,0.399780
449,2.800000,1.503073,-0.325968,0.444319
449,2.850000,1.486260,-0.346132,0.487818
449,2.900000,1.468504,-0.363648,0.530185
449,2.950000,1.449938,-0.378595,0.571351
449,3.000000,1.430686,-0.391059,0.611258
449,3.050000,1.410872,-0.401141,0.649866
449,3.100000,1.390610,-0.408951,0.687147
449,3.150000,1.370013,-0.414605,0.723085
449,3.200000,1.349184,-0.418224,0.757673
449,3.250000,1.328222,-0.419936,0.790914
449,3.300000,1.307220,-0.419869,0.822818
449,3.350000,1.286262,-0.418153,0.853400
449,3.400000,1.265430,-0.414918,0.882682
449,3.450000,1.244794,-0.410292,0.910690
449,3.500000,1.224421,-0.404402,0.937450
449,3.550000,1.204373,-0.397371,0.962994
449,3.600000,1.184701,-0.389318,0.987355
449,3.650000,1.165456,-0.380358,1.010565
449,3.700000,1.146679,-0.370601,1.032660
449,3.750000,1.128407,-0.360151,1.053673
449,3.800000,1.110674,-0.349108,1.073639
449,3.850000,1.093505,-0.337563,1.092592
449,3.900000,1.076924,-0.325604,1.110565
449,3.950000,1.060950,-0.313313,1.127592
449,4.000000,1.045597,-0.300763,1.143704
449,4.050000,1.030877,-0.288026,1.158932
449,4.100000,1.016797,-0.275164,1.173308
449,4.150000,1.003362,-0.262236,1.186859
449,4.200000,0.990573,-0.249295,1.199615
449,4.250000,0.978432,-0.236388,1.211604
449,4.300000,0.966933,-0.223559,1.222851
449,4.350000,0.956074,-0.210847,1.233383
449,4.400000,0.945846,-0.198286,1.243226
449,4.450000,0.936242,-0.185906,1.252403
449,4.500000,0.927252,-0.173734,1.260938
449,4.550000,0.918865,-0.161794,1.268855
449,4.600000,0.911068,-0.150106,1.276174
449,4.650000,0.903850,-0.138686,1.282919
449,4.700000,0.897195,-0.127551,1.289111
449,4.750000,0.891090,-0.116711,1.294769
449,4.800000,0.885519,-0.106178,1.299913
449,4.850000,0.880467,-0.095959,1.304565
449,4.900000,0.875918,-0.086059,1.308741
449,4.950000,0.871855,-0.076485,1.312462
449,5.000000,0.868264,-0.067239,1.315745
449,5.050000,0.865126,-0.058324,1.318607
449,5.100000,0.862426,-0.049739,1.321067
449,5.150000,0.860146,-0.041485,1.323140
449,5.200000,0.858272,-0.033560,1.324843
449,5.250000,0.856785,-0.025964,1.326193
449,5.300000,0.855670,-0.018693,1.327205
449,5.350000,0.854910,-0.011744,1.327894
449,5.400000,0.854490,-0.005113,1.328274
449,5.450000,0.854394,0.001203,1.328362
449,5.500000,0.854605,0.007209,1.328170
449,5.550000,0.855110,0.012909,1.327713
449,5.600000,0.855891,0.018309,1.327004
449,5.650000,0.856936,0.023414,1.326057
449,5.700000,0.858228,0.028229,1.324883
449,5.750000,0.859754,0.032760,1.323497
449,5.800000,0.861499,0.037013,1.321910
449,5.850000,0.863451,0.040993,1.320134
449,5.900000,0.865594,0.044706,1.318180
449,5.950000,0.867917,0.048158,1.316061
449,6.000000,0.870406,0.051356,1.313788
449,6.050000,0.873048,0.054305,1.311370
449,6.100000,0.875832,0.057011,1.308820
449,6.150000,0.878745,0.059481,1.306146
449,6.200000,0.881776,0.061720,1.303360
449,6.250000,0.884914,0.063735,1.300471
449,6.300000,0.888146,0.065533,1.297489
449,6.350000,0.891463,0.067118,1.294423
449,6.400000,0.894855,0.068499,1.291282
449,6.450000,0.898310,0.069680,1.288075
449,6.500000,0.901819,0.070668,1.284811
449,6.550000,0.905374,0.071469,1.281498
449,6.600000,0.908963,0.072090,1.278144
449,6.650000,0.912580,0.072537,1.274758
449,6.700000,0.916214,0.072816,1.271347
449,6.750000,0.919859,0.072934,1.267919
449,6.800000,0.923505,0.072897,1.264480
449,6.850000,0.927146,0.072711,1.261039
449,6.900000,0.930774,0.072383,1.257601
449,6.950000,0.934382,0.071918,1.254173
449,7.000000,0.937963,0.071324,1.250763
449,7.050000,0.941512,0.070607,1.247375
449,7.100000,0.945022,0.069772,1.244016
449,7.150000,0.948488,0.068827,1.240691
449,7.200000,0.951903,0.067778,1.237406
449,7.250000,0.955264,0.066630,1.234166
449,7.300000,0.958565,0.065390,1.230975
449,7.350000,0.961801,0.064065,1.227839
449,7.400000,0.964970,0.062660,1.224762
449,7.450000,0.968066,0.061181,1.221747
449,7.500000,0.971087,0.059635,1.218800
449,7.550000,0.974028,0.058027,1.215922
449,7.600000,0.976888,0.056364,1.213119
449,7.650000,0.979664,0.054651,1.210392
449,7.700000,0.982353,0.052893,1.207745
449,7.750000,0.984953,0.051097,1.205179
449,7.800000,0.987462,0.049267,1.202698
449,7.850000,0.989879,0.047410,1.200304
449,7.900000,0.992203,0.045530,1.197998
449,7.950000,0.994432,0.043632,1.195781
449,8.000000,0.996566,0.041722,1.193655
449,8.050000,0.998604,0.039804,1.191621
449,8.100000,1.000546,0.037882,1.189679
449,8.150000,1.002392,0.035962,1.187831
449,8.200000,1.004142,0.034048,1.186076
449,8.250000,1.005797,0.032143,1.184414
449,8.300000,1.007357,0.030252,1.182846
449,8.350000,1.008822,0.028378,1.181370
449,8.400000,1.010195,0.026525,1.179986
449,8.450000,1.011475,0.024697,1.178694
449,8.500000,1.012665,0.022896,1.177492
449,8.550000,1.013765,0.021126,1.176379
449,8.600000,1.014778,0.019389,1.175354
449,8.650000,1.015705,0.017688,1.174415
449,8.700000,1.016548,0.016026,1.173561
449,8.750000,1.017308,0.014404,1.172789
449,8.800000,1.017989,0.012825,1.172098
449,8.850000,1.018591,0.011291,1.171486
449,8.900000,1.019118,0.009803,1.170950
449,8.950000,1.019572,0.008363,1.170488
449,9.000000,1.019956,0.006971,1.170098
449,9.050000,1.020270,0.005630,1.169778
449,9.100000,1.020519,0.004340,1.169525
449,9.150000,1.020705,0.003103,1.169335
449,9.200000,1.020831,0.001917,1.169208
449,9.250000,1.020898,0.000784,1.169139
449,9.300000,1.020910,-0.000295,1.169127
449,9.350000,1.020869,-0.001321,1.169168
449,9.400000,1.020779,-0.002293,1.169261
449,9.450000,1.020641,-0.003213,1.169401
449,9.500000,1.020458,-0.004079,1.169587
449,9.550000,1.020234,-0.004892,1.169815
449,9.600000,1.019970,-0.005654,1.170084
449,9.650000,1.019669,-0.006364,1.170390
449,9.700000,1.019334,-0.007024,1.170730
449,9.750000,1.018968,-0.007633,1.171103
449,9.800000,1.018572,-0.008193,1.171505
449,9.850000,1.018149,-0.008706,1.171935
449,9.900000,1.017702,-0.009171,1.172389
449,9.950000,1.017233,-0.009590,1.172865
449,10.000000,1.016744,-0.009965,1.173361

450,0.000000,-2.409023,6.000000,6.000000
450,0.050000,-2.125816,5.346781,5.346783
450,0.100000,-1.872673,4.794134,4.794137
450,0.150000,-1.645030,4.324096,4.324101
450,0.200000,-1.439128,3.922355,3.922360
450,0.250000,-1.251850,3.577404,3.577410
450,0.300000,-1.080598,3.279921,3.279928
450,0.350000,-0.923195,3.022291,3.022298
450,0.400000,-0.777810,2.798251,2.798259
450,0.450000,-0.642897,2.602613,2.602621
450,0.500000,-0.517148,2.431053,2.431061
450,0.550000,-0.399452,2.279942,2.279950
450,0.600000,-0.288864,2.146221,2.146229
450,0.650000,-0.184583,2.027293,2.027301
450,0.700000,-0.085926,1.920945,1.920954
450,0.750000,0.007689,1.825283,1.825292
450,0.800000,0.096753,1.738676,1.738685
450,0.850000,0.181684,1.659719,1.659728
450,0.900000,0.262832,1.587195,1.587203
450,0.950000,0.340493,1.520048,1.520056
450,1.000000,0.414911,1.457361,1.457370
450,1.050000,0.486290,1.398341,1.398349
450,1.100000,0.554795,1.342295,1.342303
450,1.150000,0.620559,1.288626,1.288635
450,1.200000,0.683688,1.236820,1.236828
450,1.250000,0.744265,1.186434,1.186443
450,1.300000,0.802349,1.137095,1.137104
450,1.350000,0.857986,1.088488,1.088496
450,1.400000,0.911206,1.040353,1.040361
450,1.450000,0.962026,0.992482,0.992490
450,1.500000,1.010456,0.944711,0.944719
450,1.550000,1.056497,0.896921,0.896929
450,1.600000,1.100146,0.849029,0.849037
450,1.650000,1.141397,0.800991,0.800999
450,1.700000,1.180243,0.752792,0.752800
450,1.750000,1.216674,0.704448,0.704457
450,1.800000,1.250686,0.656003,0.656012
450,1.850000,1.282274,0.607521,0.607529
450,1.900000,1.311439,0.559087,0.559096
450,1.950000,1.338185,0.510806,0.510815
450,2.000000,1.362524,0.462792,0.462802
450,2.050000,1.384471,0.415176,0.415186
450,2.100000,1.404050,0.368092,0.368103
450,2.150000,1.421291,0.321684,0.321695
450,2.200000,1.436232,0.276095,0.276107
450,2.250000,1.448917,0.231469,0.231483
450,2.300000,1.459398,0.187950,0.187965
450,2.350000,1.467733,0.145675,0.145691
450,2.400000,1.473988,0.104774,0.104790
450,2.450000,1.478235,0.065371,0.065376
450,2.500000,1.480552,0.027579,0.027498
450,2.550000,1.481022,-0.008503,0.008287
450,2.600000,1.479732,-0.042784,0.054136
450,2.650000,1.476774,-0.075189,0.086850
450,2.700000,1.472245,-0.105656,0.121804
450,2.750000,1.466242,-0.134136,0.157478
450,2.800000,1.458865,-0.160595,0.193330
450,2.850000,1.450216,-0.185014,0.229072
450,2.900000,1.440398,-0.207385,0.264511
450,2.950000,1.429512,-0.227714,0.299503
450,3.000000,1.417660,-0.246021,0.333930
450,3.050000,1.404943,-0.262334,0.367699
450,3.100000,1.391459,-0.276695,0.400730
450,3.150000,1.377305,-0.289153,0.432959
450,3.200000,1.362575,-0.299767,0.464336
450,3.250000,1.347358,-0.308603,0.494818
450,3.300000,1.331743,-0.315733,0.524376
450,3.350000,1.315812,-0.321236,0.552987
450,3.400000,1.299645,-0.325193,0.580636
450,3.450000,1.283317,-0.327689,0.607315
450,3.500000,1.266899,-0.328812,0.633023
450,3.550000,1.250457,-0.328651,0.657762
450,3.600000,1.234054,-0.327295,0.681539
450,3.650000,1.217746,-0.324835,0.704366
450,3.700000,1.201588,-0.321357,0.726256
450,3.750000,1.185626,-0.316950,0.747226
450,3.800000,1.169907,-0.311698,0.767293
450,3.850000,1.154469,-0.305685,0.786477
450,3.900000,1.139349,-0.298989,0.804800
450,3.950000,1.124580,-0.291688,0.822282
450,4.000000,1.110190,-0.283854,0.838946
450,4.050000,1.096203,-0.275558,0.854814
450,4.100000,1.082640,-0.266865,0.869908
450,4.150000,1.069522,-0.257839,0.884252
450,4.200000,1.056861,-0.248536,0.897868
450,4.250000,1.044672,-0.239012,0.910777
450,4.300000,1.032963,-0.229318,0.923001
450,4.350000,1.021742,-0.219500,0.934561
450,4.400000,1.011014,-0.209603,0.945479
450,4.450000,1.000782,-0.199666,0.955775
450,4.500000,0.991047,-0.189726,0.965469
450,4.550000,0.981809,-0.179817,0.974580
450,4.600000,0.973065,-0.169968,0.983127
450,4.650000,0.964811,-0.160208,0.991130
450,4.700000,0.957042,-0.150560,0.998605
450,4.750000,0.949753,-0.141048,1.005572
450,4.800000,0.942935,-0.131689,1.012046
450,4.850000,0.936581,-0.122503,1.018046
450,4.900000,0.930681,-0.113504,1.023588
450,4.950000,0.925227,-0.104705,1.028687
450,5.000000,0.920207,-0.096119,1.033359
450,5.050000,0.915611,-0.087754,1.037621
450,5.100000,0.911428,-0.079619,1.041486
450,5.150000,0.907646,-0.071721,1.044970
450,5.200000,0.904252,-0.064066,1.048088
450,5.250000,0.901235,-0.056658,1.050852
450,5.300000,0.898582,-0.049500,1.053278
450,5.350000,0.896281,-0.042595,1.055378
450,5.400000,0.894318,-0.035945,1.057167
450,5.450000,0.892682,-0.029550,1.058656
450,5.500000,0.891359,-0.023410,1.059858
450,5.550000,0.890337,-0.017525,1.060787
450,5.600000,0.889602,-0.011893,1.061454
450,5.650000,0.889143,-0.006514,1.061870
450,5.700000,0.888947,-0.001384,1.062048
450,5.750000,0.889000,0.003498,1.062000
450,5.800000,0.889292,0.008135,1.061735
450,5.850000,0.889810,0.012530,1.061265
450,5.900000,0.890541,0.016688,1.060601
450,5.950000,0.891475,0.020611,1.059753
450,6.000000,0.892599,0.024303,1.058732
450,6.050000,0.893901,0.027768,1.057546
450,6.100000,0.895372,0.031012,1.056207
450,6.150000,0.896999,0.034037,1.054723
450,6.200000,0.898772,0.036849,1.053104
450,6.250000,0.900680,0.039452,1.051360
450,6.300000,0.902714,0.041851,1.049498
450,6.350000,0.904862,0.044050,1.047528
450,6.400000,0.907115,0.046056,1.045458
450,6.450000,0.909464,0.047872,1.043296
450,6.500000,0.911900,0.049504,1.041051
450,6.550000,0.914412,0.050957,1.038730
450,6.600000,0.916992,0.052237,1.036342
450,6.650000,0.919633,0.053347,1.033893
450,6.700000,0.922324,0.054294,1.031391
450,6.750000,0.925059,0.055084,1.028843
450,6.800000,0.927830,0.055720,1.026256
450,6.850000,0.930629,0.056210,1.023637
450,6.900000,0.933449,0.056557,1.020991
450,6.950000,0.936282,0.056768,1.018327
450,7.000000,0.939123,0.056848,1.015649
450,7.050000,0.941965,0.056802,1.012964
450,7.100000,0.944802,0.056636,1.010278
450,7.150000,0.947627,0.056355,1.007595
450,7.200000,0.950435,0.055965,1.004921
450,7.250000,0.953222,0.055471,1.002262
450,7.300000,0.955981,0.054879,0.999623
450,7.350000,0.958708,0.054194,0.997007
450,7.400000,0.961399,0.053420,0.994420
450,7.450000,0.964049,0.052564,0.991866
450,7.500000,0.966654,0.051631,0.989348
450,7.550000,0.969211,0.050626,0.986872
450,7.600000,0.971715,0.049555,0.984440
450,7.650000,0.974165,0.048421,0.982056
450,7.700000,0.976557,0.047231,0.979723
450,7.750000,0.978887,0.045989,0.977444
450,7.800000,0.981155,0.044700,0.975222
450,7.850000,0.983357,0.043370,0.973060
450,7.900000,0.985491,0.042002,0.970959
450,7.950000,0.987556,0.040601,0.968922
450,8.000000,0.989551,0.039172,0.966951
450,8.050000,0.991473,0.037719,0.965047
450,8.100000,0.993322,0.036247,0.963213
450,8.150000,0.995097,0.034759,0.961448
450,8.200000,0.996798,0.033260,0.959755
450,8.250000,0.998423,0.031754,0.958133
450,8.300000,0.999973,0.030243,0.956585
450,8.350000,1.001448,0.028733,0.955109
450,8.400000,1.002847,0.027226,0.953707
450,8.450000,1.004170,0.025726,0.952378
450,8.500000,1.005419,0.024236,0.951123
450,8.550000,1.006594,0.022759,0.949941
450,8.600000,1.007695,0.021297,0.948831
450,8.650000,1.008724,0.019854,0.947793
450,8.700000,1.009681,0.018433,0.946827
450,8.750000,1.010568,0.017034,0.945931
450,8.800000,1.011385,0.015662,0.945104
450,8.850000,1.012134,0.014317,0.944345
450,8.900000,1.012817,0.013003,0.943653
450,8.950000,1.013435,0.011719,0.943027
450,9.000000,1.013990,0.010470,0.942464
450,9.050000,1.014483,0.009254,0.941963
450,9.100000,1.014916,0.008075,0.941523
450,9.150000,1.015291,0.006933,0.941142
450,9.200000,1.015610,0.005830,0.940818
450,9.250000,1.015875,0.004765,0.940549
450,9.300000,1.016087,0.003741,0.940333
450,9.350000,1.016249,0.002757,0.940167
450,9.400000,1.016363,0.001814,0.940051
450,9.450000,1.016431,0.000912,0.939982
450,9.500000,1.016455,0.000053,0.939958
450,9.550000,1.016437,-0.000765,0.939976
450,9.600000,1.016380,-0.001542,0.940035
450,9.650000,1.016284,-0.002276,0.940132
450,9.700000,1.016153,-0.002969,0.940266
450,9.750000,1.015988,-0.003621,0.940434
450,9.800000,1.015791,-0.004231,0.940633
450,9.850000,1.015565,-0.004802,0.940863
450,9.900000,1.015312,-0.005332,0.941121
450,9.950000,1.015033,-0.005823,0.941405
450,10.000000,1.014730,-0.006276,0.941712

451,0.000000,-2.481203,6.000000,6.000000
451,0.050000,-2.198503,5.327024,5.327026
451,0.100000,-1.946786,4.757228,4.757231
451,0.150000,-1.721372,4.272177,4.272181
451,0.200000,-1.518403,3.857206,3.857212
451,0.250000,-1.334681,3.500552,3.500558
451,0.300000,-1.167536,3.192695,3.192703
451,0.350000,-1.014729,2.925882,2.925890
451,0.400000,-0.874371,2.693746,2.693754
451,0.450000,-0.744865,2.491025,2.491034
451,0.500000,-0.624852,2.313345,2.313354
451,0.550000,-0.513175,2.157046,2.157055
451,0.600000,-0.408843,2.019047,2.019057
451,0.650000,-0.311009,1.896743,1.896753
451,0.700000,-0.218944,1.787919,1.787929
451,0.750000,-0.132024,1.690680,1.690690
451,0.800000,-0.049710,1.603404,1.603414
451,0.850000,0.028459,1.524689,1.524699
451,0.900000,0.102881,1.453324,1.453335
451,0.950000,0.173896,1.388260,1.388270
451,1.000000,0.241797,1.328580,1.328590
451,1.050000,0.306831,1.273487,1.273497
451,1.100000,0.369210,1.222283,1.222292
451,1.150000,0.429113,1.174358,1.174367
451,1.200000,0.486691,1.129178,1.129188
451,1.250000,0.542069,1.086277,1.086287
451,1.300000,0.595350,1.045247,1.045256
451,1.350000,0.646619,1.005733,1.005743
451,1.400000,0.695944,0.967429,0.967438
451,1.450000,0.743378,0.930069,0.930079
451,1.500000,0.788963,0.893429,0.893439
451,1.550000,0.832729,0.857319,0.857328
451,1.600000,0.874701,0.821579,0.821588
451,1.650000,0.914891,0.786083,0.786092
451,1.700000,0.953311,0.750728,0.750737
451,1.750000,0.989965,0.715439,0.715448
451,1.800000,1.024855,0.680163,0.680172
451,1.850000,1.057981,0.644868,0.644877
451,1.900000,1.089342,0.609541,0.609550
451,1.950000,1.118935,0.574186,0.574195
451,2.000000,1.146760,0.538823,0.538833
451,2.050000,1.172818,0.503487,0.503497
451,2.100000,1.197110,0.468224,0.468233
451,2.150000,1.219642,0.433089,0.433099
451,2.200000,1.240422,0.398149,0.398159
451,2.250000,1.259462,0.363477,0.363487
451,2.300000,1.276776,0.329150,0.329161
451,2.350000,1.292384,0.295252,0.295263
451,2.400000,1.306309,0.261867,0.261879
451,2.450000,1.318580,0.229080,0.229094
451,2.500000,1.329229,0.196980,0.196994
451,2.550000,1.338291,0.165648,0.165664
451,2.600000,1.345808,0.135168,0.135186
451,2.650000,1.351824,0.105618,0.105638
451,2.700000,1.356386,0.077070,0.077093
451,2.750000,1.359548,0.049592,0.049616
451,2.800000,1.361365,0.023248,0.023246
451,2.850000,1.361893,-0.001910,0.002957
451,2.900000,1.361194,-0.025833,0.044683
451,2.950000,1.359331,-0.048480,0.063458
451,3.000000,1.356368,-0.069820,0.085744
451,3.050000,1.352371,-0.089828,0.109418
451,3.100000,1.347408,-0.108487,0.133683
451,3.150000,1.341545,-0.125787,0.158165
451,3.200000,1.334852,-0.141728,0.182646
451,3.250000,1.327395,-0.156315,0.206982
451,3.300000,1.319242,-0.169560,0.231067
451,3.350000,1.310461,-0.181482,0.254819
451,3.400000,1.301116,-0.192106,0.278171
451,3.450000,1.291271,-0.201461,0.301070
451,3.500000,1.280990,-0.209583,0.323472
451,3.550000,1.270333,-0.216511,0.345339
451,3.600000,1.259358,-0.222288,0.366644
451,3.650000,1.248123,-0.226961,0.387364
451,3.700000,1.236680,-0.230578,0.407480
451,3.750000,1.225082,-0.233190,0.426981
451,3.800000,1.213377,-0.234851,0.445857
451,3.850000,1.201611,-0.235614,0.464102
451,3.900000,1.189829,-0.235534,0.481717
451,3.950000,1.178071,-0.234665,0.498700
451,4.000000,1.166375,-0.233063,0.515056
451,4.050000,1.154776,-0.230783,0.530790
451,4.100000,1.143307,-0.227876,0.545908
451,4.150000,1.131998,-0.224397,0.560419
451,4.200000,1.120876,-0.220395,0.574334
451,4.250000,1.109966,-0.215922,0.587662
451,4.300000,1.099291,-0.211025,0.600415
451,4.350000,1.088870,-0.205750,0.612605
451,4.400000,1.078722,-0.200141,0.624244
451,4.450000,1.068861,-0.194241,0.635346
451,4.500000,1.059302,-0.188090,0.645923
451,4.550000,1.050055,-0.181726,0.655988
451,4.600000,1.041132,-0.175185,0.665556
451,4.650000,1.032539,-0.168501,0.674639
451,4.700000,1.024284,-0.161705,0.683250
451,4.750000,1.016370,-0.154827,0.691402
451,4.800000,1.008802,-0.147895,0.699109
451,4.850000,1.001581,-0.140934,0.706384
451,4.900000,0.994709,-0.133968,0.713239
451,4.950000,0.988184,-0.127018,0.719686
451,5.000000,0.982006,-0.120105,0.725738
451,5.050000,0.976173,-0.113246,0.731408
451,5.100000,0.970680,-0.106459,0.736707
451,5.150000,0.965525,-0.099759,0.741647
451,5.200000,0.960703,-0.093159,0.746239
451,5.250000,0.956208,-0.086672,0.750495
451,5.300000,0.952034,-0.080308,0.754426
451,5.350000,0.948175,-0.074077,0.758043
451,5.400000,0.944623,-0.067989,0.761357
451,5.450000,0.941373,-0.062050,0.764378
451,5.500000,0.938416,-0.056267,0.767118
451,5.550000,0.935744,-0.050646,0.769585
451,5.600000,0.933348,-0.045191,0.771790
451,5.650000,0.931222,-0.039907,0.773743
451,5.700000,0.929355,-0.034797,0.775453
451,5.750000,0.927739,-0.029863,0.776931
451,5.800000,0.926366,-0.025107,0.778185
451,5.850000,0.925225,-0.020531,0.779225
451,5.900000,0.924310,-0.016136,0.780059
451,5.950000,0.923609,-0.011921,0.780696
451,6.000000,0.923114,-0.007888,0.781146
451,6.050000,0.922817,-0.004035,0.781416
451,6.100000,0.922708,-0.000362,0.781516
451,6.150000,0.922778,0.003133,0.781452
451,6.200000,0.923018,0.006452,0.781233
451,6.250000,0.923420,0.009594,0.780868
451,6.300000,0.923975,0.012564,0.780363
451,6.350000,0.924674,0.015363,0.779727
451,6.400000,0.925508,0.017994,0.778967
451,6.450000,0.926470,0.020459,0.778089
451,6.500000,0.927552,0.022761,0.777102
451,6.550000,0.928744,0.024904,0.776012
451,6.600000,0.930039,0.026890,0.774827
451,6.650000,0.931430,0.028723,0.773551
451,6.700000,0.932909,0.030406,0.772194
451,6.750000,0.934468,0.031942,0.770759
451,6.800000,0.936101,0.033336,0.769255
451,6.850000,0.937800,0.034592,0.767687
451,6.900000,0.939558,0.035712,0.766061
451,6.950000,0.941369,0.036701,0.764383
451,7.000000,0.943226,0.037562,0.762658
451,7.050000,0.945123,0.038301,0.760892
451,7.100000,0.947054,0.038920,0.759090
451,7.150000,0.949013,0.039424,0.757259
451,7.200000,0.950995,0.039818,0.755402
451,7.250000,0.952993,0.040104,0.753524
451,7.300000,0.955003,0.040288,0.751631
451,7.350000,0.957020,0.040374,0.749727
451,7.400000,0.959039,0.040366,0.747817
451,7.450000,0.961055,0.040267,0.745904
451,7.500000,0.963064,0.040083,0.743993
451,7.550000,0.965062,0.039818,0.742089
451,7.600000,0.967045,0.039475,0.740194
451,7.650000,0.969008,0.039058,0.738312
451,7.700000,0.970950,0.038573,0.736448
451,7.750000,0.972865,0.038023,0.734604
451,7.800000,0.974751,0.037412,0.732783
451,7.850000,0.976605,0.036744,0.730989
451,7.900000,0.978424,0.036024,0.729225
451,7.950000,0.980207,0.035254,0.727492
451,8.000000,0.981949,0.034440,0.725794
451,8.050000,0.983650,0.033584,0.724133
451,8.100000,0.985307,0.032691,0.722511
451,8.150000,0.986918,0.031764,0.720930
451,8.200000,0.988483,0.030807,0.719392
451,8.250000,0.989999,0.029823,0.717899
451,8.300000,0.991465,0.028816,0.716451
451,8.350000,0.992880,0.027789,0.715051
451,8.400000,0.994243,0.026745,0.713700
451,8.450000,0.995554,0.025688,0.712399
451,8.500000,0.996812,0.024620,0.711148
451,8.550000,0.998016,0.023544,0.709948
451,8.600000,0.999166,0.022464,0.708800
451,8.650000,1.000262,0.021382,0.707704
451,8.700000,1.001304,0.020301,0.706661
451,8.750000,1.002292,0.019222,0.705671
451,8.800000,1.003227,0.018149,0.704733
451,8.850000,1.004108,0.017084,0.703847
451,8.900000,1.004935,0.016029,0.703014
451,8.950000,1.005711,0.014986,0.702233
451,9.000000,1.006434,0.013957,0.701503
451,9.050000,1.007107,0.012943,0.700824
451,9.100000,1.007729,0.011947,0.700195
451,9.150000,1.008302,0.010970,0.699616
451,9.200000,1.008826,0.010014,0.699085
451,9.250000,1.009303,0.009079,0.698601
451,9.300000,1.009734,0.008167,0.698164
451,9.350000,1.010121,0.007280,0.697773
451,9.400000,1.010463,0.006417,0.697425
451,9.450000,1.010763,0.005581,0.697121
451,9.500000,1.011021,0.004772,0.696858
451,9.550000,1.011240,0.003990,0.696636
451,9.600000,1.011421,0.003236,0.696452
451,9.650000,1.011564,0.002511,0.696306
451,9.700000,1.011672,0.001815,0.696196
451,9.750000,1.011746,0.001149,0.696121
451,9.800000,1.011788,0.000512,0.696079
451,9.850000,1.011798,-0.000095,0.696068
451,9.900000,1.011779,-0.000672,0.696088
451,9.950000,1.011731,-0.001220,0.696136
451,10.000000,1.011657,-0.001737,0.696212

452,0.000000,-2.553383,6.000000,6.000000
452,0.050000,-2.271202,5.306755,5.306757
452,0.100000,-2.020950,4.719302,4.719306
452,0.150000,-1.797828,4.218717,4.218723
452,0.200000,-1.597884,3.789970,3.789976
452,0.250000,-1.417837,3.421021,3.421028
452,0.300000,-1.254949,3.102149,3.102157
452,0.350000,-1.106921,2.825446,2.825455
452,0.400000,-0.971811,2.584432,2.584442
452,0.450000,-0.847972,2.373764,2.373774
452,0.500000,-0.734003,2.189007,2.189018
452,0.550000,-0.628702,2.026460,2.026471
452,0.600000,-0.531039,1.883016,1.883027
452,0.650000,-0.440126,1.756052,1.756064
452,0.700000,-0.355197,1.643345,1.643356
452,0.750000,-0.275586,1.542999,1.543010
452,0.800000,-0.200718,1.453391,1.453403
452,0.850000,-0.130091,1.373128,1.373140
452,0.900000,-0.063270,1.301004,1.301016
452,0.950000,0.000127,1.235977,1.235989
452,1.000000,0.060431,1.177137,1.177149
452,1.050000,0.117931,1.123694,1.123706
452,1.100000,0.172879,1.074954,1.074966
452,1.150000,0.225494,1.030308,1.030320
452,1.200000,0.275969,0.989220,0.989232
452,1.250000,0.324468,0.951219,0.951231
452,1.300000,0.371135,0.915887,0.915898
452,1.350000,0.416095,0.882854,0.882866
452,1.400000,0.459453,0.851795,0.851806
452,1.450000,0.501302,0.822420,0.822431
452,1.500000,0.541719,0.794473,0.794484
452,1.550000,0.580770,0.767728,0.767738
452,1.600000,0.618509,0.741985,0.741996
452,1.650000,0.654982,0.717070,0.717080
452,1.700000,0.690227,0.692829,0.692839
452,1.750000,0.724274,0.669127,0.669137
452,1.800000,0.757147,0.645850,0.645860
452,1.850000,0.788864,0.622899,0.622909
452,1.900000,0.819441,0.600191,0.600200
452,1.950000,0.848886,0.577655,0.577665
452,2.000000,0.877208,0.555236,0.555246
452,2.050000,0.904411,0.532890,0.532900
452,2.100000,0.930498,0.510583,0.510593
452,2.150000,0.955470,0.488293,0.488302
452,2.200000,0.979327,0.466006,0.466015
452,2.250000,1.002070,0.443717,0.443726
452,2.300000,1.023699,0.421429,0.421438
452,2.350000,1.044213,0.399152,0.399162
452,2.400000,1.063614,0.376903,0.376913
452,2.450000,1.081904,0.354704,0.354713
452,2.500000,1.099086,0.332581,0.332591
452,2.550000,1.115164,0.310566,0.310576
452,2.600000,1.130145,0.288694,0.288704
452,2.650000,1.144037,0.267002,0.267012
452,2.700000,1.156849,0.245529,0.245540
452,2.750000,1.168594,0.224318,0.224329
452,2.800000,1.179286,0.203410,0.203421
452,2.850000,1.188941,0.182848,0.182860
452,2.900000,1.197577,0.162675,0.162688
452,2.950000,1.205215,0.142933,0.142947
452,3.000000,1.211878,0.123662,0.123678
452,3.050000,1.217590,0.104902,0.104919
452,3.100000,1.222378,0.086691,0.086710
452,3.150000,1.226269,0.069062,0.069084
452,3.200000,1.229294,0.052048,0.052075
452,3.250000,1.231485,0.035679,0.035713
452,3.300000,1.232873,0.019981,0.020024
452,3.350000,1.233494,0.004978,0.005151
452,3.400000,1.233383,-0.009312,0.009630
452,3.450000,1.232575,-0.022871,0.024527
452,3.500000,1.231108,-0.035688,0.039190
452,3.550000,1.229019,-0.047752,0.053988
452,3.600000,1.226346,-0.059058,0.068841
452,3.650000,1.223126,-0.069604,0.083690
452,3.700000,1.219398,-0.079390,0.098485
452,3.750000,1.215200,-0.088420,0.113182
452,3.800000,1.210568,-0.096701,0.127744
452,3.850000,1.205542,-0.104244,0.142138
452,3.900000,1.200156,-0.111060,0.156332
452,3.950000,1.194448,-0.117165,0.170301
452,4.000000,1.188451,-0.122576,0.184021
452,4.050000,1.182201,-0.127311,0.197471
452,4.100000,1.175731,-0.131392,0.210633
452,4.150000,1.169073,-0.134841,0.223493
452,4.200000,1.162257,-0.137682,0.236039
452,4.250000,1.155314,-0.139939,0.248259
452,4.300000,1.148272,-0.141640,0.260145
452,4.350000,1.141159,-0.142810,0.271691
452,4.400000,1.134000,-0.143477,0.282892
452,4.450000,1.126819,-0.143667,0.293744
452,4.500000,1.119641,-0.143409,0.304247
452,4.550000,1.112485,-0.142731,0.314399
452,4.600000,1.105374,-0.141659,0.324202
452,4.650000,1.098325,-0.140222,0.333656
452,4.700000,1.091357,-0.138445,0.342763
452,4.750000,1.084486,-0.136356,0.351528
452,4.800000,1.077727,-0.133981,0.359954
452,4.850000,1.071092,-0.131343,0.368046
452,4.900000,1.064596,-0.128469,0.375808
452,4.950000,1.058249,-0.125381,0.383246
452,5.000000,1.052061,-0.122103,0.390365
452,5.050000,1.046042,-0.118655,0.397171
452,5.100000,1.040198,-0.115060,0.403671
452,5.150000,1.034538,-0.111337,0.409871
452,5.200000,1.029066,-0.107506,0.415778
452,5.250000,1.023789,-0.103584,0.421397
452,5.300000,1.018709,-0.099588,0.426737
452,5.350000,1.013831,-0.095536,0.431803
452,5.400000,1.009156,-0.091442,0.436603
452,5.450000,1.004687,-0.087320,0.441143
452,5.500000,1.000424,-0.083185,0.445430
452,5.550000,0.996369,-0.079048,0.449472
452,5.600000,0.992519,-0.074922,0.453274
452,5.650000,0.988876,-0.070817,0.456844
452,5.700000,0.985437,-0.066744,0.460187
452,5.750000,0.982201,-0.062711,0.463312
452,5.800000,0.979165,-0.058727,0.466224
452,5.850000,0.976327,-0.054800,0.468930
452,5.900000,0.973684,-0.050938,0.471436
452,5.950000,0.971232,-0.047146,0.473749
452,6.000000,0.968968,-0.043431,0.475875
452,6.050000,0.966888,-0.039798,0.477820
452,6.100000,0.964987,-0.036251,0.479590
452,6.150000,0.963261,-0.032796,0.481191
452,6.200000,0.961706,-0.029434,0.482630
452,6.250000,0.960316,-0.026170,0.483912
452,6.300000,0.959087,-0.023007,0.485043
452,6.350000,0.958014,-0.019946,0.486029
452,6.400000,0.957091,-0.016991,0.486875
452,6.450000,0.956313,-0.014141,0.487586
452,6.500000,0.955675,-0.011399,0.488169
452,6.550000,0.955171,-0.008765,0.488629
452,6.600000,0.954797,-0.006241,0.488971
452,6.650000,0.954545,-0.003825,0.489200
452,6.700000,0.954412,-0.001519,0.489321
452,6.750000,0.954392,0.000678,0.489340
452,6.800000,0.954478,0.002766,0.489261
452,6.850000,0.954666,0.004746,0.489089
452,6.900000,0.954951,0.006619,0.488830
452,6.950000,0.955327,0.008387,0.488487
452,7.000000,0.955788,0.010049,0.488066
452,7.050000,0.956330,0.011608,0.487571
452,7.100000,0.956947,0.013065,0.487006
452,7.150000,0.957635,0.014422,0.486376
452,7.200000,0.958388,0.015681,0.485686
452,7.250000,0.959201,0.016843,0.484938
452,7.300000,0.960070,0.017910,0.484139
452,7.350000,0.960991,0.018886,0.483291
452,7.400000,0.961957,0.019771,0.482398
452,7.450000,0.962966,0.020569,0.481465
452,7.500000,0.964013,0.021281,0.480495
452,7.550000,0.965093,0.021911,0.479491
452,7.600000,0.966203,0.022460,0.478459
452,7.650000,0.967338,0.022931,0.477400
452,7.700000,0.968494,0.023327,0.476318
452,7.750000,0.969669,0.023651,0.475218
452,7.800000,0.970858,0.023904,0.474101
452,7.850000,0.972059,0.024090,0.472971
452,7.900000,0.973266,0.024212,0.471831
452,7.950000,0.974479,0.024272,0.470684
452,8.000000,0.975693,0.024273,0.469533
452,8.050000,0.976905,0.024217,0.468380
452,8.100000,0.978113,0.024108,0.467229
452,8.150000,0.979315,0.023948,0.466081
452,8.200000,0.980507,0.023740,0.464939
452,8.250000,0.981688,0.023486,0.463805
452,8.300000,0.982855,0.023190,0.462682
452,8.350000,0.984007,0.022853,0.461571
452,8.400000,0.985140,0.022479,0.460475
452,8.450000,0.986254,0.022070,0.459395
452,8.500000,0.987347,0.021629,0.458334
452,8.550000,0.988416,0.021157,0.457292
452,8.600000,0.989462,0.020659,0.456272
452,8.650000,0.990482,0.020135,0.455274
452,8.700000,0.991475,0.019589,0.454300
452,8.750000,0.992440,0.019022,0.453352
452,8.800000,0.993377,0.018438,0.452430
452,8.850000,0.994284,0.017837,0.451535
452,8.900000,0.995160,0.017223,0.450669
452,8.950000,0.996006,0.016597,0.449831
452,9.000000,0.996820,0.015962,0.449024
452,9.050000,0.997602,0.015319,0.448247
452,9.100000,0.998352,0.014670,0.447500
452,9.150000,0.999069,0.014017,0.446785
452,9.200000,0.999753,0.013362,0.446102
452,9.250000,1.000405,0.012706,0.445450
452,9.300000,1.001024,0.012051,0.444830
452,9.350000,1.001610,0.011399,0.444242
452,9.400000,1.002164,0.010750,0.443686
452,9.450000,1.002685,0.010107,0.443162
452,9.500000,1.003175,0.009471,0.442669
452,9.550000,1.003632,0.008842,0.442208
452,9.600000,1.004059,0.008222,0.441777
452,9.650000,1.004455,0.007613,0.441378
452,9.700000,1.004820,0.007014,0.441008
452,9.750000,1.005156,0.006427,0.440669
452,9.800000,1.005463,0.005853,0.440358
452,9.850000,1.005742,0.005293,0.440076
452,9.900000,1.005993,0.004747,0.439821
452,9.950000,1.006217,0.004215,0.439594
452,10.000000,1.006415,0.003700,0.439394

453,0.000000,-2.625564,6.000000,6.000000
453,0.050000,-2.343915,5.285974,5.285976
453,0.100000,-2.095165,4.680357,4.680361
453,0.150000,-1.874400,4.163716,4.163722
453,0.200000,-1.677571,3.720639,3.720646
453,0.250000,-1.501318,3.338800,3.338808
453,0.300000,-1.342837,3.008260,3.008270
453,0.350000,-1.199773,2.720946,2.720956
453,0.400000,-1.070134,2.470254,2.470265
453,0.450000,-0.952229,2.250746,2.250757
453,0.500000,-0.844615,2.057917,2.057929
453,0.550000,-0.746055,1.888014,1.888027
453,0.600000,-0.655484,1.737892,1.737904
453,0.650000,-0.571981,1.604901,1.604914
453,0.700000,-0.494747,1.486800,1.486814
453,0.750000,-0.423085,1.381683,1.381697
453,0.800000,-0.356389,1.287922,1.287936
453,0.850000,-0.294127,1.204120,1.204135
453,0.900000,-0.235831,1.129074,1.129089
453,0.950000,-0.181091,1.061746,1.061761
453,1.000000,-0.129543,1.001231,1.001247
453,1.050000,-0.080868,0.946746,0.946761
453,1.100000,-0.034780,0.897602,0.897618
453,1.150000,0.008972,0.853199,0.853214
453,1.200000,0.050610,0.813006,0.813021
453,1.250000,0.090334,0.776557,0.776572
453,1.300000,0.128321,0.743438,0.743453
453,1.350000,0.164728,0.713283,0.713299
453,1.400000,0.199694,0.685767,0.685782
453,1.450000,0.233343,0.660597,0.660612
453,1.500000,0.265788,0.637514,0.637529
453,1.550000,0.297126,0.616286,0.616301
453,1.600000,0.327444,0.596704,0.596718
453,1.650000,0.356820,0.578579,0.578593
453,1.700000,0.385323,0.561743,0.561756
453,1.750000,0.413014,0.546041,0.546055
453,1.800000,0.439944,0.531338,0.531351
453,1.850000,0.466162,0.517507,0.517520
453,1.900000,0.491708,0.504437,0.504449
453,1.950000,0.516617,0.492025,0.492037
453,2.000000,0.540919,0.480178,0.480189
453,2.050000,0.564642,0.468813,0.468824
453,2.100000,0.587808,0.457855,0.457866
453,2.150000,0.610433,0.447235,0.447246
453,2.200000,0.632536,0.436892,0.436903
453,2.250000,0.654126,0.426772,0.426782
453,2.300000,0.675216,0.416824,0.416834
453,2.350000,0.695811,0.407006,0.407015
453,2.400000,0.715918,0.397277,0.397287
453,2.450000,0.735540,0.387605,0.387614
453,2.500000,0.754679,0.377960,0.377969
453,2.550000,0.773336,0.368315,0.368324
453,2.600000,0.791510,0.358650,0.358659
453,2.650000,0.809200,0.348947,0.348955
453,2.700000,0.826404,0.339191,0.339199
453,2.750000,0.843118,0.329371,0.329379
453,2.800000,0.859340,0.319479,0.319487
453,2.850000,0.875065,0.309509,0.309517
453,2.900000,0.890289,0.299460,0.299468
453,2.950000,0.905009,0.289331,0.289339
453,3.000000,0.919221,0.279125,0.279132
453,3.050000,0.932921,0.268846,0.268853
453,3.100000,0.946104,0.258501,0.258508
453,3.150000,0.958770,0.248098,0.248105
453,3.200000,0.970913,0.237648,0.237655
453,3.250000,0.982534,0.227161,0.227168
453,3.300000,0.993629,0.216652,0.216659
453,3.350000,1.004199,0.206134,0.206141
453,3.400000,1.014243,0.195622,0.195629
453,3.450000,1.023761,0.185133,0.185140
453,3.500000,1.032757,0.174682,0.174689
453,3.550000,1.041231,0.164287,0.164295
453,3.600000,1.049187,0.153966,0.153973
453,3.650000,1.056629,0.143736,0.143744
453,3.700000,1.063562,0.133615,0.133623
453,3.750000,1.069992,0.123620,0.123628
453,3.800000,1.075926,0.113769,0.113778
453,3.850000,1.081372,0.104080,0.104088
453,3.900000,1.086337,0.094568,0.094576
453,3.950000,1.090832,0.085249,0.085258
453,4.000000,1.094866,0.076139,0.076149
453,4.050000,1.098450,0.067253,0.067264
453,4.100000,1.101595,0.058604,0.058616
453,4.150000,1.104314,0.050205,0.050218
453,4.200000,1.106620,0.042068,0.042082
453,4.250000,1.108526,0.034203,0.034220
453,4.300000,1.110045,0.026620,0.026640
453,4.350000,1.111192,0.019328,0.019354
453,4.400000,1.111983,0.012334,0.012369
453,4.450000,1.112431,0.005644,0.005704
453,4.500000,1.112552,-0.000736,0.001141
453,4.550000,1.112363,-0.006803,0.009325
453,4.600000,1.111877,-0.012554,0.014834
453,4.650000,1.111112,-0.017986,0.020911
453,4.700000,1.110084,-0.023101,0.027197
453,4.750000,1.108808,-0.027897,0.033577
453,4.800000,1.107300,-0.032376,0.039997
453,4.850000,1.105575,-0.036542,0.046423
453,4.900000,1.103651,-0.040396,0.052832
453,4.950000,1.101541,-0.043943,0.059204
453,5.000000,1.099261,-0.047188,0.065523
453,5.050000,1.096827,-0.050138,0.071777
453,5.100000,1.094252,-0.052797,0.077952
453,5.150000,1.091552,-0.055174,0.084039
453,5.200000,1.088740,-0.057276,0.090027
453,5.250000,1.085829,-0.059111,0.095910
453,5.300000,1.082833,-0.060687,0.101680
453,5.350000,1.079764,-0.062014,0.107330
453,5.400000,1.076635,-0.063101,0.112856
453,5.450000,1.073458,-0.063958,0.118252
453,5.500000,1.070243,-0.064594,0.123516
453,5.550000,1.067002,-0.065020,0.128642
453,5.600000,1.063745,-0.065245,0.133630
453,5.650000,1.060481,-0.065280,0.138477
453,5.700000,1.057220,-0.065134,0.143181
453,5.750000,1.053970,-0.064819,0.147742
453,5.800000,1.050740,-0.064344,0.152159
453,5.850000,1.047538,-0.063719,0.156431
453,5.900000,1.044371,-0.062955,0.160559
453,5.950000,1.041245,-0.062061,0.164544
453,6.000000,1.038167,-0.061047,0.168385
453,6.050000,1.035142,-0.059922,0.172085
453,6.100000,1.032176,-0.058695,0.175645
453,6.150000,1.029274,-0.057376,0.179065
453,6.200000,1.026440,-0.055974,0.182348
453,6.250000,1.023678,-0.054496,0.185496
453,6.300000,1.020992,-0.052951,0.188511
453,6.350000,1.018384,-0.051346,0.191394
453,6.400000,1.015858,-0.049691,0.194149
453,6.450000,1.013416,-0.047991,0.196776
453,6.500000,1.011059,-0.046253,0.199280
453,6.550000,1.008791,-0.044486,0.201662
453,6.600000,1.006611,-0.042694,0.203925
453,6.650000,1.004522,-0.040884,0.206072
453,6.700000,1.002523,-0.039061,0.208104
453,6.750000,1.000616,-0.037232,0.210026
453,6.800000,0.998800,-0.035402,0.211840
453,6.850000,0.997075,-0.033574,0.213547
453,6.900000,0.995442,-0.031754,0.215152
453,6.950000,0.993900,-0.029946,0.216657
453,7.000000,0.992447,-0.028154,0.218064
453,7.050000,0.991084,-0.026382,0.219376
453,7.100000,0.989809,-0.024634,0.220597
453,7.150000,0.988620,-0.022911,0.221728
453,7.200000,0.987517,-0.021218,0.222772
453,7.250000,0.986498,-0.019558,0.223733
453,7.300000,0.985561,-0.017931,0.224613
453,7.350000,0.984704,-0.016342,0.225413
453,7.400000,0.983926,-0.014792,0.226138
453,7.450000,0.983224,-0.013282,0.226790
453,7.500000,0.982597,-0.011815,0.227371
453,7.550000,0.982042,-0.010391,0.227883
453,7.600000,0.981557,-0.009012,0.228330
453,7.650000,0.981140,-0.007680,0.228714
453,7.700000,0.980788,-0.006394,0.229037
453,7.750000,0.980500,-0.005156,0.229302
453,7.800000,0.980272,-0.003967,0.229510
453,7.850000,0.980102,-0.002826,0.229666
453,7.900000,0.979989,-0.001734,0.229770
453,7.950000,0.979928,-0.000691,0.229825
453,8.000000,0.979919,0.000302,0.229834
453,8.050000,0.979958,0.001246,0.229798
453,8.100000,0.980042,0.002142,0.229721
453,8.150000,0.980171,0.002988,0.229603
453,8.200000,0.980340,0.003786,0.229448
453,8.250000,0.980549,0.004537,0.229257
453,8.300000,0.980793,0.005240,0.229033
453,8.350000,0.981072,0.005897,0.228777
453,8.400000,0.981382,0.006508,0.228491
453,8.450000,0.981722,0.007074,0.228179
453,8.500000,0.982089,0.007595,0.227840
453,8.550000,0.982481,0.008073,0.227478
453,8.600000,0.982896,0.008509,0.227095
453,8.650000,0.983331,0.008904,0.226691
453,8.700000,0.983785,0.009258,0.226269
453,8.750000,0.984256,0.009574,0.225831
453,8.800000,0.984742,0.009851,0.225378
453,8.850000,0.985241,0.010092,0.224912
453,8.900000,0.985751,0.010296,0.224435
453,8.950000,0.986270,0.010467,0.223947
453,9.000000,0.986797,0.010604,0.223452
453,9.050000,0.987330,0.010710,0.222949
453,9.100000,0.987867,0.010785,0.222441
453,9.150000,0.988408,0.010830,0.221929
453,9.200000,0.988950,0.010848,0.221415
453,9.250000,0.989492,0.010839,0.220899
453,9.300000,0.990033,0.010804,0.220382
453,9.350000,0.990572,0.010746,0.219867
453,9.400000,0.991107,0.010664,0.219354
453,9.450000,0.991638,0.010561,0.218844
453,9.500000,0.992163,0.010438,0.218338
453,9.550000,0.992682,0.010295,0.217837
453,9.600000,0.993192,0.010135,0.217343
453,9.650000,0.993695,0.009958,0.216856
453,9.700000,0.994188,0.009766,0.216376
453,9.750000,0.994671,0.009560,0.215905
453,9.800000,0.995144,0.009341,0.215444
453,9.850000,0.995605,0.009109,0.214993
453,9.900000,0.996054,0.008868,0.214552
453,9.950000,0.996492,0.008616,0.214122
453,10.000000,0.996916,0.008356,0.213704

454,0.000000,-2.697744,6.000000,6.000000
454,0.050000,-2.416640,5.264680,5.264683
454,0.100000,-2.169431,4.640391,4.640396
454,0.150000,-1.951087,4.107170,4.107176
454,0.200000,-1.757463,3.649208,3.649216
454,0.250000,-1.585125,3.253877,3.253886
454,0.300000,-1.431203,2.911007,2.911018
454,0.350000,-1.293289,2.612347,2.612358
454,0.400000,-1.169345,2.351155,2.351167
454,0.450000,-1.057642,2.121886,2.121899
454,0.500000,-0.956702,1.919952,1.919965
454,0.550000,-0.865256,1.741532,1.741547
454,0.600000,-0.782210,1.583432,1.583447
454,0.650000,-0.706619,1.442961,1.442977
454,0.700000,-0.637659,1.317847,1.317864
454,0.750000,-0.574611,1.206157,1.206175
454,0.800000,-0.516847,1.106245,1.106264
454,0.850000,-0.463814,1.016700,1.016719
454,0.900000,-0.415025,0.936307,0.936326
454,0.950000,-0.370048,0.864018,0.864038
454,1.000000,-0.328503,0.798925,0.798946
454,1.050000,-0.290049,0.740238,0.740259
454,1.100000,-0.254384,0.687269,0.687291
454,1.150000,-0.221237,0.639414,0.639436
454,1.200000,-0.190366,0.596144,0.596167
454,1.250000,-0.161554,0.556993,0.557016
454,1.300000,-0.134605,0.521551,0.521574
454,1.350000,-0.109343,0.489452,0.489476
454,1.400000,-0.085610,0.460374,0.460398
454,1.450000,-0.063260,0.434030,0.434055
454,1.500000,-0.042165,0.410164,0.410189
454,1.550000,-0.022207,0.388547,0.388572
454,1.600000,-0.003277,0.368975,0.369000
454,1.650000,0.014722,0.351263,0.351288
454,1.700000,0.031878,0.335247,0.335272
454,1.750000,0.048272,0.320778,0.320802
454,1.800000,0.063979,0.307721,0.307745
454,1.850000,0.079066,0.295956,0.295980
454,1.900000,0.093594,0.285372,0.285396
454,1.950000,0.107621,0.275870,0.275894
454,2.000000,0.121198,0.267360,0.267383
454,2.050000,0.134372,0.259759,0.259781
454,2.100000,0.147188,0.252992,0.253014
454,2.150000,0.159684,0.246990,0.247012
454,2.200000,0.171899,0.241692,0.241712
454,2.250000,0.183864,0.237038,0.237058
454,2.300000,0.195612,0.232977,0.232996
454,2.350000,0.207171,0.229460,0.229478
454,2.400000,0.218567,0.226442,0.226460
454,2.450000,0.229823,0.223882,0.223899
454,2.500000,0.240962,0.221742,0.221758
454,2.550000,0.252003,0.219986,0.220002
454,2.600000,0.262966,0.218582,0.218598
454,2.650000,0.273867,0.217500,0.217514
454,2.700000,0.284721,0.216709,0.216723
454,2.750000,0.295542,0.216185,0.216199
454,2.800000,0.306344,0.215903,0.215915
454,2.850000,0.317136,0.215837,0.215849
454,2.900000,0.327931,0.215968,0.215979
454,2.950000,0.338736,0.216273,0.216284
454,3.000000,0.349560,0.216734,0.216744
454,3.050000,0.360412,0.217330,0.217340
454,3.100000,0.371295,0.218046,0.218056
454,3.150000,0.382218,0.218864,0.218873
454,3.200000,0.393183,0.219767,0.219776
454,3.250000,0.404196,0.220741,0.220749
454,3.300000,0.415258,0.221771,0.221778
454,3.350000,0.426373,0.222841,0.222848
454,3.400000,0.437543,0.223940,0.223947
454,3.450000,0.448768,0.225053,0.225059
454,3.500000,0.460048,0.226168,0.226174
454,3.550000,0.471384,0.227273,0.227278
454,3.600000,0.482775,0.228355,0.228360
454,3.650000,0.494219,0.229404,0.229409
454,3.700000,0.505715,0.230408,0.230412
454,3.750000,0.517259,0.231356,0.231361
454,3.800000,0.528849,0.232239,0.232243
454,3.850000,0.540482,0.233046,0.233050
454,3.900000,0.552152,0.233767,0.233771
454,3.950000,0.563857,0.234394,0.234398
454,4.000000,0.575590,0.234917,0.234921
454,4.050000,0.587347,0.235328,0.235331
454,4.100000,0.599121,0.235619,0.235622
454,4.150000,0.610906,0.235781,0.235784
454,4.200000,0.622697,0.235808,0.235811
454,4.250000,0.634485,0.235693,0.235695
454,4.300000,0.646264,0.235428,0.235431
454,4.350000,0.658025,0.235009,0.235011
454,4.400000,0.669762,0.234428,0.234431
454,4.450000,0.681465,0.233682,0.233684
454,4.500000,0.693127,0.232766,0.232768
454,4.550000,0.704739,0.231675,0.231677
454,4.600000,0.716292,0.230405,0.230407
454,4.650000,0.727776,0.228955,0.228957
454,4.700000,0.739184,0.227321,0.227323
454,4.750000,0.750505,0.225501,0.225503
454,4.800000,0.761731,0.223495,0.223497
454,4.850000,0.772852,0.221301,0.221303
454,4.900000,0.783858,0.218920,0.218922
454,4.950000,0.794741,0.216352,0.216354
454,5.000000,0.805490,0.213598,0.213600
454,5.050000,0.816097,0.210661,0.210662
454,5.100000,0.826553,0.207541,0.207543
454,5.150000,0.836849,0.204244,0.204245
454,5.200000,0.846975,0.200772,0.200773
454,5.250000,0.856923,0.197129,0.197130
454,5.300000,0.866685,0.193321,0.193322
454,5.350000,0.876252,0.189353,0.189354
454,5.400000,0.885618,0.185231,0.185232
454,5.450000,0.894773,0.180962,0.180963
454,5.500000,0.903711,0.176553,0.176554
454,5.550000,0.912426,0.172011,0.172012
454,5.600000,0.920911,0.167345,0.167346
454,5.650000,0.929159,0.162563,0.162564
454,5.700000,0.937165,0.157674,0.157675
454,5.750000,0.944924,0.152688,0.152688
454,5.800000,0.952432,0.147613,0.147614
454,5.850000,0.959684,0.142460,0.142461
454,5.900000,0.966677,0.137239,0.137240
454,5.950000,0.973407,0.131961,0.131962
454,6.000000,0.979873,0.126635,0.126636
454,6.050000,0.986070,0.121273,0.121274
454,6.100000,0.991999,0.115885,0.115886
454,6.150000,0.997659,0.110482,0.110483
454,6.200000,1.003048,0.105074,0.105075
454,6.250000,1.008166,0.099672,0.099673
454,6.300000,1.013015,0.094287,0.094288
454,6.350000,1.017595,0.088929,0.088929
454,6.400000,1.021908,0.083607,0.083608
454,6.450000,1.025957,0.078332,0.078333
454,6.500000,1.029743,0.073114,0.073115
454,6.550000,1.033269,0.067961,0.067962
454,6.600000,1.036540,0.062883,0.062884
454,6.650000,1.039559,0.057888,0.057889
454,6.700000,1.042330,0.052985,0.052986
454,6.750000,1.044859,0.048180,0.048181
454,6.800000,1.047150,0.043482,0.043483
454,6.850000,1.049209,0.038897,0.038898
454,6.900000,1.051042,0.034431,0.034432
454,6.950000,1.052654,0.030091,0.030092
454,7.000000,1.054053,0.025881,0.025882
454,7.050000,1.055245,0.021807,0.021808
454,7.100000,1.056236,0.017872,0.017874
454,7.150000,1.057034,0.014081,0.014083
454,7.200000,1.057647,0.010436,0.010438
454,7.250000,1.058080,0.006941,0.006943
454,7.300000,1.058343,0.003597,0.003597
454,7.350000,1.058443,0.000407,0.000513
454,7.400000,1.058386,-0.002629,0.003313
454,7.450000,1.058182,-0.005509,0.006188
454,7.500000,1.057838,-0.008235,0.009272
454,7.550000,1.057361,-0.010804,0.012428
454,7.600000,1.056760,-0.013220,0.015618
454,7.650000,1.056042,-0.015481,0.018823
454,7.700000,1.055215,-0.017590,0.022030
454,7.750000,1.054286,-0.019549,0.025231
454,7.800000,1.053262,-0.021359,0.028417
454,7.850000,1.052152,-0.023024,0.031581
454,7.900000,1.050962,-0.024545,0.034718
454,7.950000,1.049700,-0.025926,0.037821
454,8.000000,1.048372,-0.027171,0.040885
454,8.050000,1.046985,-0.028282,0.043906
454,8.100000,1.045546,-0.029263,0.046881
454,8.150000,1.044061,-0.030119,0.049804
454,8.200000,1.042536,-0.030853,0.052673
454,8.250000,1.040977,-0.031469,0.055486
454,8.300000,1.039391,-0.031973,0.058239
454,8.350000,1.037782,-0.032368,0.060930
454,8.400000,1.036156,-0.032659,0.063558
454,8.450000,1.034518,-0.032850,0.066121
454,8.500000,1.032872,-0.032946,0.068617
454,8.550000,1.031225,-0.032952,0.071045
454,8.600000,1.029579,-0.032872,0.073405
454,8.650000,1.027939,-0.032712,0.075696
454,8.700000,1.026309,-0.032475,0.077917
454,8.750000,1.024692,-0.032166,0.080069
454,8.800000,1.023093,-0.031790,0.082150
454,8.850000,1.021515,-0.031351,0.084162
454,8.900000,1.019959,-0.030854,0.086104
454,8.950000,1.018430,-0.030303,0.087977
454,9.000000,1.016930,-0.029702,0.089781
454,9.050000,1.015461,-0.029056,0.091517
454,9.100000,1.014025,-0.028368,0.093185
454,9.150000,1.012624,-0.027642,0.094787
454,9.200000,1.011261,-0.026883,0.096323
454,9.250000,1.009937,-0.026094,0.097794
454,9.300000,1.008652,-0.025278,0.099200
454,9.350000,1.007409,-0.024440,0.100544
454,9.400000,1.006209,-0.023582,0.101826
454,9.450000,1.005051,-0.022708,0.103047
454,9.500000,1.003938,-0.021820,0.104209
454,9.550000,1.002869,-0.020922,0.105313
454,9.600000,1.001846,-0.020016,0.106359
454,9.650000,1.000868,-0.019106,0.107349
454,9.700000,0.999935,-0.018193,0.108285
454,9.750000,0.999049,-0.017281,0.109168
454,9.800000,0.998207,-0.016371,0.109999
454,9.850000,0.997411,-0.015466,0.110779
454,9.900000,0.996661,-0.014567,0.111510
454,9.950000,0.995954,-0.013677,0.112193
454,10.000000,0.995293,-0.012797,0.112829

455,0.000000,-2.769925,6.000000,6.000000
455,0.050000,-2.489378,5.242875,5.242878
455,0.100000,-2.243749,4.599404,4.599409
455,0.150000,-2.027889,4.049077,4.049083
455,0.200000,-1.837563,3.575671,3.575679
455,0.250000,-1.669258,3.166240,3.166250
455,0.300000,-1.520048,2.810368,2.810379
455,0.350000,-1.387471,2.499612,2.499625
455,0.400000,-1.269451,2.227078,2.227092
455,0.450000,-1.164222,1.987098,1.987113
455,0.500000,-1.070278,1.774985,1.775001
455,0.550000,-0.986325,1.586837,1.586854
455,0.600000,-0.911249,1.419390,1.419409
455,0.650000,-0.844087,1.269896,1.269916
455,0.700000,-0.784000,1.136032,1.136053
455,0.750000,-0.730257,1.015821,1.015844
455,0.800000,-0.682218,0.907577,0.907601
455,0.850000,-0.639324,0.809853,0.809878
455,0.900000,-0.601079,0.721400,0.721428
455,0.950000,-0.567047,0.641141,0.641170
455,1.000000,-0.536844,0.568136,0.568167
455,1.050000,-0.510127,0.501568,0.501602
455,1.100000,-0.486592,0.440720,0.440757
455,1.150000,-0.465970,0.384963,0.385003
455,1.200000,-0.448020,0.333740,0.333784
455,1.250000,-0.432528,0.286561,0.286609
455,1.300000,-0.419304,0.242986,0.243040
455,1.350000,-0.408176,0.202627,0.202688
455,1.400000,-0.398993,0.165135,0.165206
455,1.450000,-0.391620,0.130196,0.130280
455,1.500000,-0.385936,0.097527,0.097633
455,1.550000,-0.381834,0.066874,0.067014
455,1.600000,-0.379219,0.038003,0.038214
455,1.650000,-0.378007,0.010703,0.011358
455,1.700000,-0.378126,-0.015219,0.015985
455,1.750000,-0.379509,-0.039942,0.042999
455,1.800000,-0.382103,-0.063631,0.069845
455,1.850000,-0.385858,-0.086439,0.097487
455,1.900000,-0.390734,-0.108508,0.125920
455,1.950000,-0.396699,-0.129972,0.155185
455,2.000000,-0.403724,-0.150958,0.185344
455,2.050000,-0.411788,-0.171587,0.216462
455,2.100000,-0.420878,-0.191973,0.248611
455,2.150000,-0.430984,-0.212228,0.281863
455,2.200000,-0.442101,-0.232459,0.316296
455,2.250000,-0.454231,-0.252772,0.351993
455,2.300000,-0.467381,-0.273272,0.389039
455,2.350000,-0.481563,-0.294062,0.427526
455,2.400000,-0.496794,-0.315247,0.467553
455,2.450000,-0.513096,-0.336933,0.509224
455,2.500000,-0.530497,-0.359227,0.552654
455,2.550000,-0.549031,-0.382240,0.597965
455,2.600000,-0.568735,-0.406088,0.645289
455,2.650000,-0.589655,-0.430892,0.694771
455,2.700000,-0.611842,-0.456778,0.746566
455,2.750000,-0.635353,-0.483880,0.800847
455,2.800000,-0.660253,-0.512342,0.857798
455,2.850000,-0.686613,-0.542317,0.917625
455,2.900000,-0.714513,-0.573972,0.980549
455,2.950000,-0.744041,-0.607487,1.046816
455,3.000000,-0.775296,-0.643056,1.116696
455,3.050000,-0.808384,-0.680894,1.190485
455,3.100000,-0.843427,-0.721235,1.268511
455,3.150000,-0.880554,-0.764340,1.351136
455,3.200000,-0.919911,-0.810495,1.438762
455,3.250000,-0.961659,-0.860018,1.531834
455,3.300000,-1.005975,-0.913263,1.630849
455,3.350000,-1.053054,-0.970627,1.736360
455,3.400000,-1.103114,-1.032555,1.848985
455,3.450000,-1.156394,-1.099546,1.969417
455,3.500000,-1.213162,-1.172164,2.098437
455,3.550000,-1.273715,-1.251048,2.236921
455,3.600000,-1.338383,-1.336923,2.385862
455,3.650000,-1.407537,-1.430615,2.546383
455,3.700000,-1.481591,-1.533068,2.719762
455,3.750000,-1.561008,-1.645365,2.907455
455,3.800000,-1.646312,-1.768753,3.111130
455,3.850000,-1.738092,-1.904671,3.332700
455,3.900000,-1.837015,-2.054791,3.574370
455,3.950000,-1.943840,-2.221055,3.838693
455,4.000000,-2.059428,-2.405739,4.128633
455,4.050000,-2.184765,-2.611513,4.447649
455,4.100000,-2.320982,-2.841524,4.799795
455,4.150000,-2.469383,-3.099509,5.189844
455,4.200000,-2.631473,-3.389915,5.623450
455,4.250000,-2.809002,-3.718073,6.107339
455,4.300000,-3.004015,-4.090406,6.649562
455,4.350000,-3.218907,-4.514701,7.259818
455,4.400000,-3.456507,-5.000460,7.949863
455,4.450000,-3.720169,-5.559361,8.734048

456,0.000000,-2.842105,6.000000,6.000000
456,0.050000,-2.562128,5.220558,5.220561
456,0.100000,-2.318118,4.557394,4.557400
456,0.150000,-2.104807,3.989434,3.989441
456,0.200000,-1.917868,3.500021,3.500030
456,0.250000,-1.753720,3.075875,3.075886
456,0.300000,-1.609373,2.706321,2.706333
456,0.350000,-1.482324,2.382705,2.382719
456,0.400000,-1.370456,2.097965,2.097980
456,0.450000,-1.271977,1.846295,1.846312
456,0.500000,-1.185356,1.622889,1.622908
456,0.550000,-1.109284,1.423747,1.423767
456,0.600000,-1.042634,1.245512,1.245535
456,0.650000,-0.984432,1.085358,1.085383
456,0.700000,-0.933837,0.940887,0.940913
456,0.750000,-0.890117,0.810051,0.810081
456,0.800000,-0.852634,0.691098,0.691130
456,0.850000,-0.820834,0.582511,0.582548
456,0.900000,-0.794232,0.482978,0.483019
456,0.950000,-0.772405,0.391352,0.391400
456,1.000000,-0.754982,0.306627,0.306682
456,1.050000,-0.741642,0.227913,0.227978
456,1.100000,-0.732104,0.154420,0.154496
456,1.150000,-0.726125,0.085440,0.085506
456,1.200000,-0.723496,0.020335,0.020755
456,1.250000,-0.724037,-0.041472,0.042803
456,1.300000,-0.727597,-0.100513,0.107677
456,1.350000,-0.734050,-0.157277,0.172572
456,1.400000,-0.743294,-0.212221,0.239519
456,1.450000,-0.755249,-0.265773,0.308690
456,1.500000,-0.769855,-0.318342,0.380319
456,1.550000,-0.787073,-0.370320,0.454666
456,1.600000,-0.806884,-0.422091,0.532011
456,1.650000,-0.829285,-0.474031,0.612650
456,1.700000,-0.854296,-0.526514,0.696900
456,1.750000,-0.881952,-0.579918,0.785100
456,1.800000,-0.912310,-0.634631,0.877621
456,1.850000,-0.945444,-0.691053,0.974862
456,1.900000,-0.981450,-0.749600,1.077263
456,1.950000,-1.020446,-0.810714,1.185311
456,2.000000,-1.062572,-0.874867,1.299541
456,2.050000,-1.107992,-0.942567,1.420551
456,2.100000,-1.156897,-1.014367,1.549007
456,2.150000,-1.209507,-1.090873,1.685656
456,2.200000,-1.266074,-1.172756,1.831336
456,2.250000,-1.326885,-1.260762,1.986993
456,2.300000,-1.392266,-1.355726,2.153696
456,2.350000,-1.462589,-1.458590,2.332658
456,2.400000,-1.538274,-1.570421,2.525260
456,2.450000,-1.619801,-1.692437,2.733080
456,2.500000,-1.707711,-1.826031,2.957927
456,2.550000,-1.802623,-1.972807,3.201881
456,2.600000,-1.905242,-2.134623,3.467347
456,2.650000,-2.016372,-2.313640,3.757110
456,2.700000,-2.136934,-2.512382,4.074416
456,2.750000,-2.267988,-2.733816,4.423064
456,2.800000,-2.410752,-2.981445,4.807516
456,2.850000,-2.566637,-3.259429,5.233044
456,2.900000,-2.737282,-3.572737,5.705908
456,2.950000,-2.924598,-3.927334,6.233586
456,3.000000,-3.130823,-4.330431,6.825057
456,3.050000,-3.358594,-4.790801,7.491181
456,3.100000,-3.611034,-5.319187,8.245175
456,3.150000,-3.891864,-5.928848,9.103246

457,0.000000,-2.914286,6.000000,6.000000
457,0.050000,-2.634892,5.197728,5.197731
457,0.100000,-2.392537,4.514362,4.514368
457,0.150000,-2.181840,3.928239,3.928247
457,0.200000,-1.998382,3.422252,3.422262
457,0.250000,-1.838509,2.982772,2.982784
457,0.300000,-1.699181,2.598843,2.598857
457,0.350000,-1.577849,2.261588,2.261603
457,0.400000,-1.472366,1.963757,1.963775
457,0.450000,-1.380916,1.699387,1.699407
457,0.500000,-1.301953,1.463535,1.463556
457,0.550000,-1.234157,1.252075,1.252098
457,0.600000,-1.176398,1.061538,1.061565
457,0.650000,-1.127704,0.888990,0.889019
457,0.700000,-1.087241,0.731927,0.731960
457,0.750000,-1.054289,0.588200,0.588237
457,0.800000,-1.028230,0.455948,0.455990
457,0.850000,-1.008530,0.333551,0.333595
457,0.900000,-0.994735,0.219580,0.219613
457,0.950000,-0.986453,0.112772,0.112694
457,1.000000,-0.983357,0.011991,0.015294
457,1.050000,-0.985171,-0.083788,0.108786
457,1.100000,-0.991668,-0.175504,0.198856
457,1.150000,-1.002668,-0.264025,0.298191
457,1.200000,-1.018031,-0.350166,0.402703
457,1.250000,-1.037658,-0.434703,0.511863
457,1.300000,-1.061487,-0.518381,0.625860
457,1.350000,-1.089494,-0.601931,0.745112
457,1.400000,-1.121690,-0.686079,0.870149
457,1.450000,-1.158124,-0.771557,1.001579
457,1.500000,-1.198881,-0.859115,1.140081
457,1.550000,-1.244083,-0.949531,1.286408
457,1.600000,-1.293895,-1.043626,1.441401
457,1.650000,-1.348522,-1.142277,1.606000
457,1.700000,-1.408214,-1.246431,1.781259
457,1.750000,-1.473274,-1.357124,1.968369
457,1.800000,-1.544055,-1.475501,2.168678
457,1.850000,-1.620973,-1.602841,2.383725
457,1.900000,-1.704512,-1.740579,2.615263
457,1.950000,-1.795231,-1.890350,2.865311
457,2.000000,-1.893778,-2.054019,3.136191
457,2.050000,-2.000900,-2.233735,3.430596
457,2.100000,-2.117460,-2.431990,3.751655
457,2.150000,-2.244456,-2.651693,4.103024
457,2.200000,-2.383043,-2.896259,4.488994
457,2.250000,-2.534563,-3.169724,4.914629
457,2.300000,-2.700577,-3.476889,5.385933
457,2.350000,-2.882908,-3.823499,5.910064
457,2.400000,-3.083698,-4.216477,6.495611
457,2.450000,-3.305467,-4.664221,7.152941
457,2.500000,-3.551201,-5.176991,7.894654
457,2.550000,-3.824457,-5.767412,8.736170

458,0.000000,-2.986466,6.000000,6.000000
458,0.050000,-2.707669,5.174386,5.174389
458,0.100000,-2.467008,4.470307,4.470313
458,0.150000,-2.258988,3.865489,3.865498
458,0.200000,-2.079102,3.342359,3.342370
458,0.250000,-1.923627,2.886917,2.886930
458,0.300000,-1.789472,2.487912,2.487927
458,0.350000,-1.674049,2.136223,2.136240
458,0.400000,-1.575187,1.824396,1.824415
458,0.450000,-1.491049,1.546286,1.546307
458,0.500000,-1.420082,1.296789,1.296814
458,0.550000,-1.360965,1.071631,1.071658
458,0.600000,-1.312574,0.867201,0.867230
458,0.650000,-1.273951,0.680422,0.680454
458,0.700000,-1.244282,0.508651,0.508681
458,0.750000,-1.222875,0.349592,0.349606
458,0.800000,-1.209145,0.201233,0.201148
458,0.850000,-1.202603,0.061789,0.061289
458,0.900000,-1.202844,-0.070339,0.071176
458,0.950000,-1.209540,-0.196609,0.212156
458,1.000000,-1.222430,-0.318362,0.349245
458,1.050000,-1.241322,-0.436856,0.491832
458,1.100000,-1.266081,-0.553287,0.640297
458,1.150000,-1.296635,-0.668813,0.795363
458,1.200000,-1.332967,-0.784575,0.957898
458,1.250000,-1.375116,-0.901716,1.128867
458,1.300000,-1.423181,-1.021404,1.309327
458,1.350000,-1.477319,-1.144852,1.500444
458,1.400000,-1.537750,-1.273338,1.703514
458,1.450000,-1.604759,-1.408236,1.919988
458,1.500000,-1.678705,-1.551036,2.151506
458,1.550000,-1.760022,-1.703385,2.399928
458,1.600000,-1.849233,-1.867115,2.667386
458,1.650000,-1.946958,-2.044297,2.956327
458,1.700000,-2.053926,-2.237285,3.269585
458,1.750000,-2.170994,-2.448791,3.610450
458,1.800000,-2.299165,-2.681956,3.982771
458,1.850000,-2.439611,-2.940453,4.391064
458,1.900000,-2.593704,-3.228608,4.840667
458,1.950000,-2.763051,-3.551558,5.337912
458,2.000000,-2.949541,-3.915441,5.890369
458,2.050000,-3.155399,-4.327651,6.507128
458,2.100000,-3.383259,-4.797163,7.199186
458,2.150000,-3.636251,-5.334947,7.979936
458,2.200000,-3.918114,-5.954527,8.865807

459,0.000000,-3.058647,6.000000,6.000000
459,0.050000,-2.780458,5.150531,5.150535
459,0.100000,-2.541531,4.425227,4.425233
459,0.150000,-2.336253,3.801182,3.801192
459,0.200000,-2.160030,3.260335,3.260347
459,0.250000,-2.009075,2.788298,2.788312
459,0.300000,-1.880248,2.373506,2.373522
459,0.350000,-1.770929,2.006574,2.006593
459,0.400000,-1.678923,1.679821,1.679842
459,0.450000,-1.602384,1.386900,1.386922
459,0.500000,-1.539758,1.122518,1.122543
459,0.550000,-1.489732,0.882224,0.882248
459,0.600000,-1.451198,0.662228,0.662248
459,0.650000,-1.423225,0.459276,0.459273
459,0.700000,-1.405034,0.270540,0.270415
459,0.750000,-1.395976,0.093526,0.092751
459,0.800000,-1.395523,-0.073988,0.074138
459,0.850000,-1.403251,-0.234018,0.256432
459,0.900000,-1.418832,-0.388419,0.427606
459,0.950000,-1.442028,-0.538932,0.606948
459,1.000000,-1.472688,-0.687217,0.794459
459,1.050000,-1.510740,-0.834895,0.991050
459,1.100000,-1.556194,-0.983573,1.197936
459,1.150000,-1.609141,-1.134881,1.416515
459,1.200000,-1.669754,-1.290507,1.648350
459,1.250000,-1.738293,-1.452225,1.895191
459,1.300000,-1.815110,-1.621940,2.159011
459,1.350000,-1.900655,-1.801729,2.442045
459,1.400000,-1.995488,-1.993890,2.746853
459,1.450000,-2.100292,-2.200999,3.076381
459,1.500000,-2.215886,-2.425984,3.434046
459,1.550000,-2.343244,-2.672207,3.823833
459,1.600000,-2.483525,-2.943570,4.250421
459,1.650000,-2.638096,-3.244643,4.719331
459,1.700000,-2.808573,-3.580829,5.237124
459,1.750000,-2.996870,-3.958571,5.811640
459,1.800000,-3.205250,-4.385613,6.452306
459,1.850000,-3.436407,-4.871343,7.170537
459,1.900000,-3.693551,-5.427236,7.980252

460,0.000000,-3.130827,6.000000,6.000000
460,0.050000,-2.853260,5.126164,5.126168
460,0.100000,-2.616104,4.379122,4.379129
460,0.150000,-2.413633,3.735316,3.735326
460,0.200000,-2.241166,3.176174,3.176187
460,0.250000,-2.094854,2.686903,2.686918
460,0.300000,-1.971512,2.255602,2.255619
460,0.350000,-1.868491,1.872603,1.872622
460,0.400000,-1.783580,1.529972,1.529993
460,0.450000,-1.714931,1.221136,1.221156
460,0.500000,-1.660996,0.940585,0.940602
460,0.550000,-1.620480,0.683653,0.683654
460,0.600000,-1.592305,0.446339,0.446273
460,0.650000,-1.575578,0.225162,0.224734
460,0.700000,-1.569571,0.017057,0.025687
460,0.750000,-1.573700,-0.180727,0.269663
460,0.800000,-1.587514,-0.370696,0.442291
460,0.850000,-1.610679,-0.555182,0.643163
460,0.900000,-1.642978,-0.736397,0.859381
460,0.950000,-1.684300,-0.916486,1.088830
460,1.000000,-1.734643,-1.097575,1.331935
460,1.050000,-1.794110,-1.281818,1.590025
460,1.100000,-1.862914,-1.471448,1.864911
460,1.150000,-1.941384,-1.668823,2.158769
460,1.200000,-2.029968,-1.876485,2.474140
460,1.250000,-2.129250,-2.097226,2.813969
460,1.300000,-2.239960,-2.334158,3.181673
460,1.350000,-2.362994,-2.590801,3.581238
460,1.400000,-2.499435,-2.871196,4.017335
460,1.450000,-2.650587,-3.180029,4.495472
460,1.500000,-2.818003,-3.522801,5.022188
460,1.550000,-3.003540,-3.906031,5.605290
460,1.600000,-3.209409,-4.337524,6.254161
460,1.650000,-3.438252,-4.826704,6.980156
460,1.700000,-3.693230,-5.385064,7.797117

461,0.000000,-3.203008,6.000000,6.000000
461,0.050000,-2.926075,5.101284,5.101288
461,0.100000,-2.690729,4.331991,4.331999
461,0.150000,-2.491129,3.667887,3.667898
461,0.200000,-2.322510,3.089870,3.089883
461,0.250000,-2.180964,2.582719,2.582734
461,0.300000,-2.063264,2.134177,2.134194
461,0.350000,-1.966737,1.734270,1.734288
461,0.400000,-1.889165,1.374789,1.374805
461,0.450000,-1.828700,1.048901,1.048910
461,0.500000,-1.783812,0.750850,0.750832
461,0.550000,-1.753234,0.475719,0.475592
461,0.600000,-1.735929,0.219246,0.218510
461,0.650000,-1.731061,-0.022322,0.026234
461,0.700000,-1.737970,-0.252353,0.465353
461,0.750000,-1.756156,-0.473925,0.641431
461,0.800000,-1.785270,-0.689917,0.860893
461,0.850000,-1.825101,-0.903082,1.105988
461,0.900000,-1.875576,-1.116113,1.371504
461,0.950000,-1.936755,-1.331715,1.656641
461,1.000000,-2.008836,-1.552664,1.962441
461,1.050000,-2.092159,-1.781878,2.290927
461,1.100000,-2.187214,-2.022493,2.644823
461,1.150000,-2.294655,-2.277945,3.027480
461,1.200000,-2.415319,-2.552063,3.442910
461,1.250000,-2.550245,-2.849194,3.895876
461,1.300000,-2.700704,-3.174334,4.392030
461,1.350000,-2.868241,-3.533312,4.938107
461,1.400000,-3.054713,-3.933000,5.542169
461,1.450000,-3.262354,-4.381598,6.213925
461,1.500000,-3.493850,-4.888990,6.965140
461,1.550000,-3.752431,-5.467210,7.810183

462,0.000000,-3.275188,6.000000,6.000000
462,0.050000,-2.998903,5.075892,5.075896
462,0.100000,-2.765405,4.283834,4.283842
462,0.150000,-2.568740,3.598894,3.598904
462,0.200000,-2.404063,3.001417,3.001430
462,0.250000,-2.267405,2.475733,2.475748
462,0.300000,-2.155506,2.009209,2.009224
462,0.350000,-2.065672,1.591538,1.591551
462,0.400000,-1.995681,1.214208,1.214212
462,0.450000,-1.943699,0.870100,0.870072
462,0.500000,-1.908220,0.553172,0.553019
462,0.550000,-1.888017,0.258214,0.257377
462,0.600000,-1.882109,-0.019344,0.027553
462,0.650000,-1.889730,-0.283591,0.550951
462,0.700000,-1.910309,-0.538264,0.746491
462,0.750000,-1.943455,-0.786858,0.994584
462,0.800000,-1.988949,-1.032728,1.274162
462,0.850000,-2.046738,-1.279172,1.578801
462,0.900000,-2.116932,-1.529522,1.907488
462,0.950000,-2.199812,-1.787232,2.261532
462,1.000000,-2.295838,-2.055964,2.643512
462,1.050000,-2.405659,-2.339695,3.056930
462,1.100000,-2.530131,-2.642833,3.506134
462,1.150000,-2.670347,-2.970349,3.996372
462,1.200000,-2.827666,-3.327952,4.533935
462,1.250000,-3.003754,-3.722286,5.126358
462,1.300000,-3.200637,-4.161197,5.782711
462,1.350000,-3.420771,-4.654056,6.513965
462,1.400000,-3.667128,-5.212189,7.333482
462,1.450000,-3.943305,-5.849431,8.257650

463,0.000000,-3.347368,6.000000,6.000000
463,0.050000,-3.071744,5.049986,5.049991
463,0.100000,-2.840133,4.234650,4.234657
463,0.150000,-2.646468,3.528333,3.528344
463,0.200000,-2.485824,2.910808,2.910820
463,0.250000,-2.354180,2.365934,2.365947
463,0.300000,-2.248240,1.880674,1.880685
463,0.350000,-2.165299,1.444367,1.444368
463,0.400000,-2.103137,1.048168,1.048139
463,0.450000,-2.059939,0.684637,0.684496
463,0.500000,-2.034236,0.347407,0.346695
463,0.550000,-2.024853,0.030928,0.041467
463,0.600000,-2.030880,-0.269734,0.383407
463,0.650000,-2.051638,-0.559071,0.653740
463,0.700000,-2.086668,-0.841271,0.964263
463,0.750000,-2.135714,-1.120348,1.298376
463,0.800000,-2.198717,-1.400252,1.654514
463,0.850000,-2.275819,-1.684981,2.034545
463,0.900000,-2.367365,-1.978695,2.441666
463,0.950000,-2.473912,-2.285827,2.879917
463,1.000000,-2.596251,-2.611225,3.354123
463,1.050000,-2.735429,-2.960295,3.869976
463,1.100000,-2.892777,-3.339190,4.434204
463,1.150000,-3.069962,-3.755030,5.054810
463,1.200000,-3.269034,-4.216180,5.741381
463,1.250000,-3.492499,-4.732605,6.505493
463,1.300000,-3.743414,-5.316331,7.361233
463,1.350000,-4.025496,-5.982038,8.325890

464,0.000000,-3.419549,6.000000,6.000000
464,0.050000,-3.144598,5.023568,5.023573
464,0.100000,-2.914912,4.184437,4.184445
464,0.150000,-2.724312,3.456202,3.456213
464,0.200000,-2.567795,2.818037,2.818048
464,0.250000,-2.441288,2.253307,2.253317
464,0.300000,-2.341468,1.748550,1.748552
464,0.350000,-2.265620,1.292718,1.292695
464,0.400000,-2.211536,0.876606,0.876497
464,0.450000,-2.177429,0.492414,0.491918
464,0.500000,-2.161875,0.133408,0.131713
464,0.550000,-2.163768,-0.206354,0.209617
464,0.600000,-2.182280,-0.532233,0.570769
464,0.650000,-2.216843,-0.849199,0.930484
464,0.700000,-2.267131,-1.161990,1.307838
464,0.750000,-2.333050,-1.475248,1.706094
464,0.800000,-2.414742,-1.793667,2.129209
464,0.850000,-2.512584,-2.122123,2.581703
464,0.900000,-2.627208,-2.465828,3.068710
464,0.950000,-2.759515,-2.830486,3.596123
464,1.000000,-2.910711,-3.222489,4.170791
464,1.050000,-3.082341,-3.649146,4.800774
464,1.100000,-3.276344,-4.118958,5.495660
464,1.150000,-3.495122,-4.641979,6.266977
464,1.200000,-3.741627,-5.230268,7.128709
464,1.250000,-4.019477,-5.898483,8.097983

465,0.000000,-3.491729,6.000000,6.000000
465,0.050000,-3.217465,4.996637,4.996641
465,0.100000,-2.989742,4.133196,4.133204
465,0.150000,-2.802272,3.382499,3.382509
465,0.200000,-2.649975,2.723098,2.723107
465,0.250000,-2.528730,2.137840,2.137844
465,0.300000,-2.435190,1.612812,1.612797
465,0.350000,-2.366639,1.136552,1.136477
465,0.400000,-2.320884,0.699458,0.699149
465,0.450000,-2.296178,0.293332,0.291714
465,0.500000,-2.291155,-0.088974,0.084236
465,0.550000,-2.304786,-0.453850,0.583264
465,0.600000,-2.336348,-0.807157,0.935953
465,0.650000,-2.385401,-1.154429,1.329181
465,0.700000,-2.451780,-1.501056,1.752134
465,0.750000,-2.535586,-1.852447,2.205204
465,0.800000,-2.637198,-2.214205,2.691959
465,0.850000,-2.757279,-2.592296,3.217509
465,0.900000,-2.896808,-2.993254,3.788177
465,0.950000,-3.057106,-3.424399,4.411545
465,1.000000,-3.239889,-3.894118,5.096684
465,1.050000,-3.447323,-4.412200,5.854494
465,1.100000,-3.682107,-4.990263,6.698180
465,1.150000,-3.947579,-5.642306,7.643866

466,0.000000,-3.563910,6.000000,6.000000
466,0.050000,-3.290344,4.969192,4.969197
466,0.100000,-3.064623,4.080926,4.080933
466,0.150000,-2.880349,3.307221,3.307229
466,0.200000,-2.732365,2.625985,2.625990
466,0.250000,-2.616508,2.019522,2.019514
466,0.300000,-2.529410,1.473438,1.473391
466,0.350000,-2.468358,0.975828,0.975647
466,0.400000,-2.431188,0.516658,0.515833
466,0.450000,-2.416197,0.087291,0.089914
466,0.500000,-2.422090,-0.319891,0.352597
466,0.550000,-2.447932,-0.711786,0.770159
466,0.600000,-2.493122,-1.094832,1.208113
466,0.650000,-2.557372,-1.475226,1.670290
466,0.700000,-2.640703,-1.859129,2.160886
466,0.750000,-2.743449,-2.252871,2.685353
466,0.800000,-2.866266,-2.663156,3.250060
466,0.850000,-3.010161,-3.097291,3.862376
466,0.900000,-3.176527,-3.563448,4.530904
466,0.950000,-3.367194,-4.070982,5.265819
466,1.000000,-3.584495,-4.630817,6.079296
466,1.050000,-3.831362,-5.255943,6.986072
466,1.100000,-4.111436,-5.962051,8.004175

467,0.000000,-3.636090,6.000000,6.000000
467,0.050000,-3.363236,4.941234,4.941239
467,0.100000,-3.139556,4.027625,4.027632
467,0.150000,-2.958542,3.230365,3.230371
467,0.200000,-2.814965,2.526691,2.526690
467,0.250000,-2.704621,1.898337,1.898312
467,0.300000,-2.624128,1.330403,1.330301
467,0.350000,-2.570782,0.810506,0.810103
467,0.400000,-2.542453,0.328143,0.326052
467,0.450000,-2.537496,-0.125812,0.121127
467,0.500000,-2.554698,-0.559496,0.674534
467,0.550000,-2.593233,-0.980390,1.111448
467,0.600000,-2.652642,-1.395592,1.589535
467,0.650000,-2.732814,-1.812069,2.102026
467,0.700000,-2.833988,-2.236892,2.651767
467,0.750000,-2.956766,-2.677483,3.244517
467,0.800000,-3.102132,-3.141872,3.887720
467,0.850000,-3.271497,-3.638993,4.590394
467,0.900000,-3.466746,-4.179038,5.363353
467,0.950000,-3.690313,-4.773889,6.219637
467,1.000000,-3.945281,-5.437667,7.175097

468,0.000000,-3.708271,6.000000,6.000000
468,0.050000,-3.436142,4.912763,4.912768
468,0.100000,-3.214541,3.973293,3.973299
468,0.150000,-3.036851,3.151929,3.151932
468,0.200000,-2.897776,2.425211,2.425199
468,0.250000,-2.793071,1.774275,1.774221
468,0.300000,-2.719345,1.183684,1.183484
468,0.350000,-2.673914,0.640546,0.639665
468,0.400000,-2.654685,0.133845,0.133619
468,0.450000,-2.660085,-0.346078,0.361129
468,0.500000,-2.688993,-0.807947,0.865759
468,0.550000,-2.740715,-1.259895,1.382816
468,0.600000,-2.814949,-1.709778,1.928245
468,0.650000,-2.911789,-2.165451,2.508425
468,0.700000,-3.031726,-2.635049,3.130762
468,0.750000,-3.175671,-3.127284,3.803757
468,0.800000,-3.344991,-3.651766,4.537267
468,0.850000,-3.541565,-4.219392,5.342887
468,0.900000,-3.767858,-4.842815,6.234467
468,0.950000,-4.027023,-5.537032,7.228778

469,0.000000,-3.780451,6.000000,6.000000
469,0.050000,-3.509060,4.883779,4.883783
469,0.100000,-3.289577,3.917930,3.917934
469,0.150000,-3.115277,3.071911,3.071908
469,0.200000,-2.980797,2.321537,2.321510
469,0.250000,-2.881858,1.647321,1.647221
469,0.300000,-2.815065,1.033258,1.032880
469,0.350000,-2.777756,0.465906,0.464019
469,0.400000,-2.767891,-0.066302,0.066531
469,0.450000,-2.783973,-0.573615,0.974508
469,0.500000,-2.824994,-1.065403,1.386746
469,0.550000,-2.890403,-1.550540,1.892432
469,0.600000,-2.980083,-2.037740,2.458664
469,0.650000,-3.094359,-2.535881,3.079324
469,0.700000,-3.234009,-3.054333,3.757546
469,0.750000,-3.400300,-3.603317,4.500834
469,0.800000,-3.595040,-4.194320,5.319739
469,0.850000,-3.820651,-4.840586,6.227726
469,0.900000,-4.080277,-5.557743,7.241571

470,0.000000,-3.852632,6.000000,6.000000
470,0.050000,-3.581991,4.854281,4.854284
470,0.100000,-3.364664,3.861534,3.861536
470,0.150000,-3.193819,2.990307,2.990297
470,0.200000,-3.064029,2.215664,2.215615
470,0.250000,-2.970983,1.517463,1.517291
470,0.300000,-2.911288,0.879099,0.878399
470,0.350000,-2.882312,0.286546,0.283256
470,0.400000,-2.882075,-0.272365,0.273480
470,0.450000,-2.909171,-0.808526,0.877723
470,0.500000,-2.962718,-1.332027,1.462155
470,0.550000,-3.042325,-1.852569,2.082388
470,0.600000,-3.148087,-2.379839,2.744177
470,0.650000,-3.280588,-2.923883,3.456062
470,0.700000,-3.440934,-3.495499,4.228365
470,0.750000,-3.630796,-4.106669,5.073279
470,0.800000,-3.852486,-4.771086,6.005323
470,0.850000,-4.109056,-5.504786,7.042011

471,0.000000,-3.924812,6.000000,6.000000
471,0.050000,-3.654935,4.824270,4.824272
471,0.100000,-3.439802,3.804105,3.804103
471,0.150000,-3.272479,2.907116,2.907095
471,0.200000,-3.147472,2.107585,2.107505
471,0.250000,-3.060448,1.384688,1.384402
471,0.300000,-3.008017,0.721184,0.719897
471,0.350000,-2.987586,0.102423,0.110257
471,0.400000,-2.997244,-0.484413,0.569569
471,0.450000,-3.035690,-1.050920,1.154595
471,0.500000,-3.102180,-1.607984,1.786974
471,0.550000,-3.196508,-2.166229,2.462204
471,0.600000,-3.319002,-2.736441,3.186757
471,0.650000,-3.470541,-3.329996,3.970469
471,0.700000,-3.652597,-3.959330,4.825415
471,0.750000,-3.867302,-4.638471,5.766070
471,0.800000,-4.117543,-5.383689,6.809882

472,0.000000,-3.996992,6.000000,6.000000
472,0.050000,-3.727892,4.793745,4.793746
472,0.100000,-3.514993,3.745643,3.745636
472,0.150000,-3.351255,2.822334,2.822300
472,0.200000,-3.231127,1.997293,1.997169
472,0.250000,-3.150252,1.248982,1.248518
472,0.300000,-3.105252,0.559488,0.557164
472,0.350000,-3.093580,-0.086505,0.084885
472,0.400000,-3.113405,-0.702514,1.159307
472,0.450000,-3.163539,-1.300906,1.670351
472,0.500000,-3.243398,-1.893443,2.293426
472,0.550000,-3.352980,-2.491776,2.991405
472,0.600000,-3.492873,-3.107925,3.759185
472,0.650000,-3.664284,-3.754777,4.602718
472,0.700000,-3.869099,-4.446639,5.533486
472,0.750000,-4.109968,-5.199898,6.567187

473,0.000000,-4.069173,6.000000,6.000000
473,0.050000,-3.800861,4.762706,4.762706
473,0.100000,-3.590234,3.686145,3.686133
473,0.150000,-3.430148,2.735959,2.735907
473,0.200000,-3.314994,1.884783,1.884596
473,0.250000,-3.240396,1.110333,1.109585
473,0.300000,-3.202996,0.393987,0.390237
473,0.350000,-3.200298,-0.280279,0.279068
473,0.400000,-3.230562,-0.926739,1.022902
473,0.450000,-3.292730,-1.558595,1.718073
473,0.500000,-3.386391,-2.188573,2.462153
473,0.550000,-3.511769,-2.829467,3.260572
473,0.600000,-3.669742,-3.494678,4.124294
473,0.650000,-3.861884,-4.198797,5.067218
473,0.700000,-4.090542,-4.958264,6.106133
473,0.750000,-4.358948,-5.792178,7.261371

474,0.000000,-4.141353,6.000000,6.000000
474,0.050000,-3.873844,4.731153,4.731151
474,0.100000,-3.665527,3.625612,3.625593
474,0.150000,-3.509159,2.647989,2.647912
474,0.200000,-3.399073,1.770048,1.769772
474,0.250000,-3.330882,0.968726,0.967529
474,0.300000,-3.301250,0.224657,0.222676
474,0.350000,-3.307744,-0.478943,0.492305
474,0.400000,-3.348723,-1.157157,1.238348
474,0.450000,-3.423273,-1.824099,1.999000
474,0.500000,-3.531175,-2.493551,2.806934
474,0.550000,-3.672904,-3.179569,3.674296
474,0.600000,-3.849656,-3.897098,4.615268
474,0.650000,-4.063412,-4.662646,5.646483
474,0.700000,-4.317033,-5.495076,6.787745

475,0.000000,-4.213534,6.000000,6.000000
475,0.050000,-3.946839,4.699086,4.699082
475,0.100000,-3.740872,3.564043,3.564015
475,0.150000,-3.588286,2.558420,2.558311
475,0.200000,-3.483365,1.653082,1.652679
475,0.250000,-3.421710,0.824149,0.822245
475,0.300000,-3.400016,0.051471,0.087820
475,0.350000,-3.415920,-0.682540,1.084931
475,0.400000,-3.467893,-1.393841,1.707447
475,0.450000,-3.555179,-2.097531,2.459462
475,0.500000,-3.677769,-2.808551,3.294208
475,0.550000,-3.836413,-3.542351,4.209190
475,0.600000,-4.032660,-4.315591,5.214562
475,0.650000,-4.268938,-5.146931,6.326706

476,0.000000,-4.285714,6.000000,6.000000
476,0.050000,-4.019847,4.666505,4.666498
476,0.100000,-3.816268,3.501437,3.501397
476,0.150000,-3.667531,2.467251,2.467100
476,0.200000,-3.567870,1.533877,1.533295
476,0.250000,-3.512880,0.676588,0.673622
476,0.300000,-3.499296,-0.125594,0.119415
476,0.350000,-3.524831,-0.891113,1.371596
476,0.400000,-3.588079,-1.636862,2.037234
476,0.450000,-3.688458,-2.379008,2.833957
476,0.500000,-3.826190,-3.133756,3.723266
476,0.550000,-4.002326,-3.918090,4.704035
476,0.600000,-4.218800,-4.750576,5.787880
476,0.650000,-4.478534,-5.652280,6.993440

477,0.000000,-4.357895,6.000000,6.000000
477,0.050000,-4.092869,4.633411,4.633400
477,0.100000,-3.891716,3.437794,3.437739
477,0.150000,-3.746893,2.374478,2.374273
477,0.200000,-3.652587,1.412429,1.411594
477,0.250000,-3.604394,0.526030,0.521717
477,0.300000,-3.599091,-0.306564,0.303003
477,0.350000,-3.634479,-1.104707,1.241926
477,0.400000,-3.709287,-1.886293,2.090053
477,0.450000,-3.823122,-2.668646,3.006935
477,0.500000,-3.976458,-3.469347,3.997667
477,0.550000,-4.170672,-4.307067,5.077157
477,0.600000,-4.408124,-5.202481,6.265141

478,0.000000,-4.430075,6.000000,6.000000
478,0.050000,-4.165903,4.599801,4.599787
478,0.100000,-3.967216,3.373112,3.373039
478,0.150000,-3.826373,2.280100,2.279823
478,0.200000,-3.737519,1.288729,1.287538
478,0.250000,-3.696253,0.372462,0.367743
478,0.300000,-3.699404,-0.491464,0.497455
478,0.350000,-3.744868,-1.323364,1.422588
478,0.400000,-3.831524,-2.142207,2.346258
478,0.450000,-3.959181,-2.966563,3.332495
478,0.500000,-4.128590,-3.815512,4.396834
478,0.550000,-4.341483,-4.709571,5.558615
478,0.600000,-4.600679,-5.671744,6.841084

479,0.000000,-4.502256,6.000000,6.000000
479,0.050000,-4.238950,4.565678,4.565658
479,0.100000,-4.042767,3.307390,3.307296
479,0.150000,-3.905970,2.184112,2.183745
479,0.200000,-3.822664,1.162773,1.161082
479,0.250000,-3.788457,0.215869,0.218892
479,0.300000,-3.800235,-0.680319,0.728610
479,0.350000,-3.856002,-1.547131,1.664222
479,0.400000,-3.954795,-2.404680,2.644062
479,0.450000,-4.096648,-3.272881,3.692890
479,0.500000,-4.282605,-4.172439,4.828616
479,0.550000,-4.514788,-5.125896,6.073027

480,0.000000,-4.574436,6.000000,6.000000
480,0.050000,-4.312010,4.531040,4.531015
480,0.100000,-4.118369,3.240629,3.240508
480,0.150000,-3.985685,2.086514,2.086028
480,0.200000,-3.908023,1.034552,1.032170
480,0.250000,-3.881007,0.056238,0.107455
480,0.300000,-3.901587,-0.873156,1.430386
480,0.350000,-3.967884,-1.776052,2.206183
480,0.400000,-4.079107,-2.673787,3.156958
480,0.450000,-4.235532,-3.587721,4.223165
480,0.500000,-4.438523,-4.540324,5.403092
480,0.550000,-4.690619,-5.556342,6.712841

481,0.000000,-4.646617,6.000000,6.000000
481,0.050000,-4.385082,4.495888,4.495855
481,0.100000,-4.194024,3.172828,3.172674
481,0.150000,-4.065517,1.987302,1.986664
481,0.200000,-3.993596,0.904061,0.900749
481,0.250000,-3.973904,-0.106444,0.115483
481,0.300000,-4.003462,-1.070000,1.914119
481,0.350000,-4.080517,-2.010172,2.676164
481,0.400000,-4.204467,-2.949604,3.637431
481,0.450000,-4.375846,-3.911207,4.738336
481,0.500000,-4.596362,-4.919360,5.972899

482,0.000000,-4.718797,6.000000,6.000000
482,0.050000,-4.458168,4.460221,4.460180
482,0.100000,-4.269730,3.103985,3.103791
482,0.150000,-4.145468,1.886474,1.885640
482,0.200000,-4.079384,0.771293,0.766820
482,0.250000,-4.067149,-0.272191,0.261026
482,0.300000,-4.105860,-1.270877,1.562047
482,0.350000,-4.193905,-2.249537,2.564975
482,0.400000,-4.330882,-3.232207,3.686405
482,0.450000,-4.517601,-4.243465,4.915932
482,0.500000,-4.756143,-5.309750,6.270067

483,0.000000,-4.790977,6.000000,6.000000
483,0.050000,-4.531267,4.424039,4.423989
483,0.100000,-4.345488,3.034099,3.033857
483,0.150000,-4.225536,1.784026,1.782942
483,0.200000,-4.165388,0.636242,0.630591
483,0.250000,-4.160742,-0.441018,0.439165
483,0.300000,-4.208785,-1.475812,1.631921
483,0.350000,-4.308051,-2.494194,2.749749
483,0.400000,-4.458357,-3.521675,3.958977
483,0.450000,-4.660809,-4.584621,5.274165
483,0.500000,-4.917885,-5.711695,6.720637

484,0.000000,-4.863158,6.000000,6.000000
484,0.050000,-4.604378,4.387343,4.387281
484,0.100000,-4.421297,2.963171,2.962871
484,0.150000,-4.305722,1.679957,1.678554
484,0.200000,-4.251606,0.498901,0.492978
484,0.250000,-4.254684,-0.612937,0.619679
484,0.300000,-4.312238,-1.684834,1.813875
484,0.350000,-4.422960,-2.744188,3.005585
484,0.400000,-4.586899,-3.818086,4.286249
484,0.450000,-4.805481,-4.934805,5.679395

485,0.000000,-4.935338,6.000000,6.000000
485,0.050000,-4.677502,4.350131,4.350057
485,0.100000,-4.497158,2.891199,2.890829
485,0.150000,-4.386027,1.574264,1.572456
485,0.200000,-4.338041,0.359263,0.357079
485,0.250000,-4.348976,-0.787963,0.811572
485,0.300000,-4.416220,-1.897967,2.031048
485,0.350000,-4.538635,-2.999567,3.286153
485,0.400000,-4.716516,-4.121521,4.635217
485,0.450000,-4.951629,-5.294147,6.106079

486,0.000000,-5.007519,6.000000,6.000000
486,0.050000,-4.750640,4.312405,4.312315
486,0.100000,-4.573071,2.818183,2.817729
486,0.150000,-4.466450,1.466943,1.464625
486,0.200000,-4.424691,0.217322,0.232168
486,0.250000,-4.443620,-0.966110,1.114644
486,0.300000,-4.520734,-2.115238,2.311958
486,0.350000,-4.655078,-3.260378,3.611972
486,0.400000,-4.847213,-4.432059,5.021777
486,0.450000,-5.099266,-5.662781,6.567143

487,0.000000,-5.079699,6.000000,6.000000
487,0.050000,-4.823790,4.274164,4.274056
487,0.100000,-4.649036,2.744122,2.743568
487,0.150000,-4.546991,1.357993,1.355040
487,0.200000,-4.511558,0.073070,0.141787
487,0.250000,-4.538615,-1.147392,1.874004
487,0.300000,-4.625780,-2.336674,2.897715
487,0.350000,-4.772295,-3.526669,4.158031
487,0.400000,-4.978999,-4.749781,5.581877

488,0.000000,-5.151880,6.000000,6.000000
488,0.050000,-4.896953,4.235407,4.235280
488,0.100000,-4.725052,2.669015,2.668341
488,0.150000,-4.627650,1.247411,1.243682
488,0.200000,-4.598641,-0.073497,0.127023
488,0.250000,-4.633962,-1.331823,2.620984
488,0.300000,-4.731362,-2.562302,3.558053
488,0.350000,-4.890289,-3.798487,4.783233
488,0.400000,-5.111878,-5.074771,6.215118

489,0.000000,-5.224060,6.000000,6.000000
489,0.050000,-4.970129,4.196135,4.195985
489,0.100000,-4.801120,2.592861,2.592046
489,0.150000,-4.708428,1.135194,1.130545
489,0.200000,-4.685941,-0.222388,0.212201
489,0.250000,-4.729663,-1.519417,2.276689
489,0.300000,-4.837481,-2.792150,3.431585
489,0.350000,-5.009062,-4.075882,4.817798
489,0.400000,-5.245859,-5.407112,6.384115

490,0.000000,-5.296241,6.000000,6.000000
490,0.050000,-5.043318,4.156348,4.156171
490,0.100000,-4.877240,2.515659,2.514677
490,0.150000,-4.789324,1.021340,1.015660
490,0.200000,-4.773459,-0.373609,0.360271
490,0.250000,-4.825718,-1.710189,2.080776
490,0.300000,-4.944138,-3.026244,3.437252
490,0.350000,-5.128620,-4.358903,4.959619
490,0.400000,-5.380949,-5.746887,6.642946

491,0.000000,-5.368421,6.000000,6.000000
491,0.050000,-5.116519,4.116046,4.115839
491,0.100000,-4.953412,2.437410,2.436230
491,0.150000,-4.870340,0.905845,0.899143
491,0.200000,-4.861194,-0.527167,0.522267
491,0.250000,-4.922128,-1.904152,2.139921
491,0.300000,-5.051336,-3.264612,3.614927
491,0.350000,-5.248965,-4.647598,5.230161

492,0.000000,-5.440602,6.000000,6.000000
492,0.050000,-5.189734,4.075228,4.074987
492,0.100000,-5.029636,2.358111,2.356699
492,0.150000,-4.951474,0.788708,0.781286
492,0.200000,-4.949147,-0.683068,0.685488
492,0.250000,-5.018894,-2.101321,2.290390
492,0.300000,-5.159076,-3.507281,3.850611
492,0.350000,-5.370102,-4.942017,5.545302

493,0.000000,-5.512782,6.000000,6.000000
493,0.050000,-5.262962,4.033894,4.033614
493,0.100000,-5.105912,2.277763,2.276078
493,0.150000,-5.032727,0.669925,0.662748
493,0.200000,-5.037318,-0.841319,0.851628
493,0.250000,-5.116017,-2.301710,2.476639
493,0.300000,-5.267361,-3.754279,4.110313
493,0.350000,-5.492033,-5.242212,5.880785

494,0.000000,-5.584962,6.000000,6.000000
494,0.050000,-5.336202,3.992045,3.991721
494,0.100000,-5.182239,2.196364,2.194360
494,0.150000,-5.114099,0.549494,0.544934
494,0.200000,-5.125708,-1.001927,1.023587
494,0.250000,-5.213497,-2.505334,2.681981
494,0.300000,-5.376192,-4.005635,4.384352
494,0.350000,-5.614764,-5.548232,6.229810

495,0.000000,-5.657143,6.000000,6.000000
495,0.050000,-5.409456,3.949680,3.949307
495,0.100000,-5.258618,2.113915,2.111540
495,0.150000,-5.195590,0.427412,0.430677
495,0.200000,-5.214316,-1.164898,1.222751
495,0.250000,-5.311335,-2.712208,2.907515
495,0.300000,-5.485570,-4.261376,4.673967
495,0.350000,-5.738298,-5.860128,6.593466

496,0.000000,-5.729323,6.000000,6.000000
496,0.050000,-5.482722,3.906798,3.906370
496,0.100000,-5.335050,2.030413,2.027611
496,0.150000,-5.277200,0.303677,0.325371
496,0.200000,-5.303144,-1.330241,1.526379
496,0.250000,-5.409533,-2.922346,3.189300
496,0.300000,-5.595498,-4.521531,5.003594

497,0.000000,-5.801504,6.000000,6.000000
497,0.050000,-5.556001,3.863401,3.862911
497,0.100000,-5.411533,1.945858,1.942566
497,0.150000,-5.358930,0.178285,0.238410
497,0.200000,-5.392192,-1.497960,2.085240
497,0.250000,-5.508090,-3.135762,3.632783
497,0.300000,-5.705979,-4.786127,5.448255

498,0.000000,-5.873684,6.000000,6.000000
498,0.050000,-5.629293,3.819488,3.818928
498,0.100000,-5.488068,1.860250,1.856401
498,0.150000,-5.440779,0.051235,0.183785
498,0.200000,-5.481459,-1.668064,2.953981
498,0.250000,-5.607009,-3.352472,4.331868
498,0.300000,-5.817012,-5.055195,6.089022

499,0.000000,-5.945865,6.000000,6.000000
499,0.050000,-5.702598,3.775059,3.774421
499,0.100000,-5.564656,1.773588,1.769112
499,0.150000,-5.522747,-0.077477,0.177066
499,0.200000,-5.570946,-1.840559,3.599386
499,0.250000,-5.706289,-3.572490,4.924553
499,0.300000,-5.928602,-5.328762,6.669315

500,0.000000,-6.000000,5.981955,5.981955
500,0.050000,-5.758470,3.723956,3.723243
500,0.100000,-5.623884,1.690511,1.685435
500,0.150000,-5.586934,-0.192948,0.218009
500,0.200000,-5.641753,-1.990317,3.519955
500,0.250000,-5.785509,-3.760021,4.965035

501,0.000000,-6.000000,5.909774,5.909774
501,0.050000,-5.762009,3.654188,3.653431
501,0.100000,-5.630897,1.620957,1.615526
501,0.150000,-5.597462,-0.264333,0.263209
501,0.200000,-5.655939,-2.065591,3.283326
501,0.250000,-5.803602,-3.841406,4.835790

502,0.000000,-6.000000,5.837594,5.837594
502,0.050000,-5.765548,3.584420,3.583615
502,0.100000,-5.637910,1.551400,1.545601
502,0.150000,-5.607991,-0.335729,0.321532
502,0.200000,-5.670126,-2.140889,3.068993
502,0.250000,-5.821697,-3.922842,4.730345

503,0.000000,-6.000000,5.765414,5.765414
503,0.050000,-5.769087,3.514651,3.513795
503,0.100000,-5.644924,1.481840,1.475662
503,0.150000,-5.618520,-0.407136,0.389048
503,0.200000,-5.684314,-2.216214,2.920073
503,0.250000,-5.839796,-4.004330,4.675141

504,0.000000,-6.000000,5.693233,5.693233
504,0.050000,-5.772626,3.444882,3.443972
504,0.100000,-5.651937,1.412276,1.405717
504,0.150000,-5.629050,-0.478553,0.461899
504,0.200000,-5.698504,-2.291564,2.836542
504,0.250000,-5.857898,-4.085868,4.665590

505,0.000000,-6.000000,5.621053,5.621053
505,0.050000,-5.776165,3.375112,3.374144
505,0.100000,-5.658951,1.342710,1.335775
505,0.150000,-5.639579,-0.549981,0.537087
505,0.200000,-5.712695,-2.366941,2.803574
505,0.250000,-5.876003,-4.167459,4.689172

506,0.000000,-6.000000,5.548872,5.548872
506,0.050000,-5.779704,3.305342,3.304313
506,0.100000,-5.665964,1.273139,1.265850
506,0.150000,-5.650110,-0.621421,0.612801
506,0.200000,-5.726887,-2.442343,2.805737
506,0.250000,-5.894112,-4.249100,4.734795

507,0.000000,-6.000000,5.476692,5.476692
507,0.050000,-5.783243,3.235571,3.234477
507,0.100000,-5.672978,1.203566,1.195960
507,0.150000,-5.660640,-0.692871,0.688274
507,0.200000,-5.741081,-2.517770,2.831308
507,0.250000,-5.912223,-4.330793,4.794698

508,0.000000,-6.000000,5.404511,5.404511
508,0.050000,-5.786782,3.165800,3.164636
508,0.100000,-5.679992,1.133990,1.126135
508,0.150000,-5.671172,-0.764331,0.763413
508,0.200000,-5.755276,-2.593224,2.872439
508,0.250000,-5.930338,-4.412537,4.863940

509,0.000000,-6.000000,5.332331,5.332331
509,0.050000,-5.790321,3.096029,3.094790
509,0.100000,-5.687006,1.064410,1.056411
509,0.150000,-5.681703,-0.835803,0.838413
509,0.200000,-5.769472,-2.668704,2.924165
509,0.250000,-5.948456,-4.494333,4.939494

510,0.000000,-6.000000,5.260150,5.260150
510,0.050000,-5.793860,3.026257,3.024938
510,0.100000,-5.694020,0.994827,0.986842
510,0.150000,-5.692235,-0.907286,0.913485
510,0.200000,-5.783670,-2.744209,2.983377
510,0.250000,-5.966577,-4.576180,5.019511

511,0.000000,-6.000000,5.187970,5.187970
511,0.050000,-5.797399,2.956485,2.955081
511,0.100000,-5.701034,0.925240,0.917503
511,0.150000,-5.702767,-0.978779,0.988743
511,0.200000,-5.797868,-2.819740,3.048076
511,0.250000,-5.984701,-4.658079,5.102821

512,0.000000,-6.000000,5.115789,5.115789
512,0.050000,-5.800938,2.886712,2.885218
512,0.100000,-5.708048,0.855651,0.848495
512,0.150000,-5.713300,-1.050283,1.064244
512,0.200000,-5.812068,-2.895297,3.116913

513,0.000000,-6.000000,5.043609,5.043609
513,0.050000,-5.804477,2.816939,2.815348
513,0.100000,-5.715062,0.786058,0.779960
513,0.150000,-5.723833,-1.121798,1.140174
513,0.200000,-5.826270,-2.970879,3.188970

514,0.000000,-6.000000,4.971429,4.971429
514,0.050000,-5.808016,2.747165,2.745471
514,0.100000,-5.722077,0.716462,0.712091
514,0.150000,-5.734367,-1.193324,1.217188
514,0.200000,-5.840472,-3.046488,3.263738

515,0.000000,-6.000000,4.899248,4.899248
515,0.050000,-5.811555,2.677392,2.675586
515,0.100000,-5.729091,0.646862,0.645154
515,0.150000,-5.744901,-1.264861,1.296957
515,0.200000,-5.854676,-3.122122,3.341269

516,0.000000,-6.000000,4.827068,4.827068
516,0.050000,-5.815094,2.607617,2.605694
516,0.100000,-5.736105,0.577260,0.579509
516,0.150000,-5.755435,-1.336408,1.382914
516,0.200000,-5.868882,-3.197782,3.422536

517,0.000000,-6.000000,4.754887,4.754887
517,0.050000,-5.818633,2.537842,2.535794
517,0.100000,-5.743120,0.507654,0.515646
517,0.150000,-5.765970,-1.407967,1.481173
517,0.200000,-5.883088,-3.273468,3.510018

518,0.000000,-6.000000,4.682707,4.682707
518,0.050000,-5.822172,2.468067,2.465886
518,0.100000,-5.750135,0.438045,0.454223
518,0.150000,-5.776505,-1.479536,1.601465
518,0.200000,-5.897296,-3.349180,3.608562

519,0.000000,-6.000000,4.610526,4.610526
519,0.050000,-5.825711,2.398292,2.395968
519,0.100000,-5.757149,0.368433,0.396109
519,0.150000,-5.787041,-1.551116,1.757736
519,0.200000,-5.911505,-3.424918,3.726464

520,0.000000,-6.000000,4.538346,4.538346
520,0.050000,-5.829250,2.328516,2.326041
520,0.100000,-5.764164,0.298817,0.342432
520,0.150000,-5.797577,-1.622707,1.967606
520,0.200000,-5.925715,-3.500681,3.876300

521,0.000000,-6.000000,4.466165,4.466165
521,0.050000,-5.832789,2.258739,2.256105
521,0.100000,-5.771179,0.229198,0.294617
521,0.150000,-5.808114,-1.694309,2.248960
521,0.200000,-5.939927,-3.576471,4.074048

522,0.000000,-6.000000,4.393985,4.393985
522,0.050000,-5.836328,2.188963,2.186159
522,0.100000,-5.778194,0.159576,0.254393
522,0.150000,-5.818650,-1.765921,2.610489
522,0.200000,-5.954140,-3.652286,4.333238

523,0.000000,-6.000000,4.321805,4.321805
523,0.050000,-5.839867,2.119185,2.116203
523,0.100000,-5.785209,0.089951,0.223740
523,0.150000,-5.829188,-1.837545,3.033154
523,0.200000,-5.968354,-3.728127,4.649578

524,0.000000,-6.000000,4.249624,4.249624
524,0.050000,-5.843406,2.049408,2.046238
524,0.100000,-5.792224,0.020322,0.204745
524,0.150000,-5.839725,-1.909179,3.448989
524,0.200000,-5.982570,-3.803994,4.978584

525,0.000000,-6.000000,4.177444,4.177444
525,0.050000,-5.846946,1.979630,1.976265
525,0.100000,-5.799240,-0.049309,0.199329
525,0.150000,-5.850263,-1.980824,3.747985
525,0.200000,-5.996786,-3.879886,5.234000

526,0.000000,-6.000000,4.105263,4.105263
526,0.050000,-5.850485,1.909851,1.906283
526,0.100000,-5.806255,-0.118944,0.208872
526,0.150000,-5.860802,-2.052480,3.843927

527,0.000000,-6.000000,4.033083,4.033083
527,0.050000,-5.854024,1.840072,1.836294
527,0.100000,-5.813270,-0.188583,0.233800
527,0.150000,-5.871341,-2.124147,3.747393

528,0.000000,-6.000000,3.960902,3.960902
528,0.050000,-5.857563,1.770293,1.766301
528,0.100000,-5.820286,-0.258224,0.273298
528,0.150000,-5.881880,-2.195825,3.549346

529,0.000000,-6.000000,3.888722,3.888722
529,0.050000,-5.861102,1.700513,1.696307
529,0.100000,-5.827301,-0.327869,0.325316
529,0.150000,-5.892420,-2.267514,3.342994

530,0.000000,-6.000000,3.816541,3.816541
530,0.050000,-5.864641,1.630733,1.626315
530,0.100000,-5.834317,-0.397517,0.386931
530,0.150000,-5.902960,-2.339213,3.179394

531,0.000000,-6.000000,3.744361,3.744361
531,0.050000,-5.868180,1.560952,1.556333
531,0.100000,-5.841333,-0.467168,0.454955
531,0.150000,-5.913501,-2.410923,3.071640

532,0.000000,-6.000000,3.672180,3.672180
532,0.050000,-5.871719,1.491171,1.486367
532,0.100000,-5.848348,-0.536823,0.526559
532,0.150000,-5.924041,-2.482644,3.013636

533,0.000000,-6.000000,3.600000,3.600000
533,0.050000,-5.875258,1.421390,1.416431
533,0.100000,-5.855364,-0.606481,0.599674
533,0.150000,-5.934583,-2.554376,2.993733

534,0.000000,-6.000000,3.527820,3.527820
534,0.050000,-5.878797,1.351608,1.346538
534,0.100000,-5.862380,-0.676142,0.673092
534,0.150000,-5.945125,-2.626119,3.001012

535,0.000000,-6.000000,3.455639,3.455639
535,0.050000,-5.882337,1.281826,1.276710
535,0.100000,-5.869396,-0.745806,0.746318
535,0.150000,-5.955667,-2.697873,3.027147

536,0.000000,-6.000000,3.383459,3.383459
536,0.050000,-5.885876,1.212043,1.206974
536,0.100000,-5.876412,-0.815473,0.819309
536,0.150000,-5.966209,-2.769637,3.066369

537,0.000000,-6.000000,3.311278,3.311278
537,0.050000,-5.889415,1.142260,1.137367
537,0.100000,-5.883429,-0.885144,0.892217
537,0.150000,-5.976752,-2.841413,3.114859

538,0.000000,-6.000000,3.239098,3.239098
538,0.050000,-5.892954,1.072477,1.067940
538,0.100000,-5.890445,-0.954818,0.965209
538,0.150000,-5.987296,-2.913199,3.170113

539,0.000000,-6.000000,3.166917,3.166917
539,0.050000,-5.896493,1.002693,0.998759
539,0.100000,-5.897461,-1.024496,1.038382
539,0.150000,-5.997840,-2.984996,3.230453

540,0.000000,-6.000000,3.094737,3.094737
540,0.050000,-5.900032,0.932908,0.929913
540,0.100000,-5.904478,-1.094176,1.111776

541,0.000000,-6.000000,3.022556,3.022556
541,0.050000,-5.903571,0.863124,0.861522
541,0.100000,-5.911494,-1.163860,1.185483

542,0.000000,-6.000000,2.950376,2.950376
542,0.050000,-5.907111,0.793338,0.793746
542,0.100000,-5.918511,-1.233547,1.259858

543,0.000000,-6.000000,2.878195,2.878195
543,0.050000,-5.910650,0.723553,0.726798
543,0.100000,-5.925527,-1.303237,1.335854

544,0.000000,-6.000000,2.806015,2.806015
544,0.050000,-5.914189,0.653767,0.660964
544,0.100000,-5.932544,-1.372931,1.415490

545,0.000000,-6.000000,2.733835,2.733835
545,0.050000,-5.917728,0.583980,0.596619
545,0.100000,-5.939561,-1.442627,1.502439

546,0.000000,-6.000000,2.661654,2.661654
546,0.050000,-5.921267,0.514194,0.534262
546,0.100000,-5.946578,-1.512327,1.602680

547,0.000000,-6.000000,2.589474,2.589474
547,0.050000,-5.924806,0.444406,0.474543
547,0.100000,-5.953595,-1.582031,1.725023

548,0.000000,-6.000000,2.517293,2.517293
548,0.050000,-5.928346,0.374619,0.418301
548,0.100000,-5.960612,-1.651737,1.881180

549,0.000000,-6.000000,2.445113,2.445113
549,0.050000,-5.931885,0.304831,0.366596
549,0.100000,-5.967629,-1.721447,2.084687

550,0.000000,-6.000000,2.372932,2.372932
550,0.050000,-5.935424,0.235042,0.320736
550,0.100000,-5.974647,-1.791160,2.347411

551,0.000000,-6.000000,2.300752,2.300752
551,0.050000,-5.938963,0.165253,0.282271
551,0.100000,-5.981664,-1.860876,2.671819

552,0.000000,-6.000000,2.228571,2.228571
552,0.050000,-5.942503,0.095464,0.252945
552,0.100000,-5.988681,-1.930596,3.038350

553,0.000000,-6.000000,2.156391,2.156391
553,0.050000,-5.946042,0.025674,0.234568
553,0.100000,-5.995699,-2.000318,3.393952

554,0.000000,-6.000000,2.084211,2.084211
554,0.050000,-5.949581,-0.044116,0.228804

555,0.000000,-6.000000,2.012030,2.012030
555,0.050000,-5.953120,-0.113907,0.236870

556,0.000000,-6.000000,1.939850,1.939850
556,0.050000,-5.956659,-0.183698,0.259214

557,0.000000,-6.000000,1.867669,1.867669
557,0.050000,-5.960199,-0.253489,0.295280

558,0.000000,-6.000000,1.795489,1.795489
558,0.050000,-5.963738,-0.323281,0.343461

559,0.000000,-6.000000,1.723308,1.723308
559,0.050000,-5.967277,-0.393073,0.401337

560,0.000000,-6.000000,1.651128,1.651128
560,0.050000,-5.970816,-0.462866,0.466122

561,0.000000,-6.000000,1.578947,1.578947
561,0.050000,-5.974356,-0.532659,0.535177

562,0.000000,-6.000000,1.506767,1.506767
562,0.050000,-5.977895,-0.602453,0.606405

563,0.000000,-6.000000,1.434586,1.434586
563,0.050000,-5.981434,-0.672247,0.678424

564,0.000000,-6.000000,1.362406,1.362406
564,0.050000,-5.984974,-0.742041,0.750524

565,0.000000,-6.000000,1.290226,1.290226
565,0.050000,-5.988513,-0.811836,0.822481

566,0.000000,-6.000000,1.218045,1.218045
566,0.050000,-5.992052,-0.881631,0.894340

567,0.000000,-6.000000,1.145865,1.145865
567,0.050000,-5.995591,-0.951427,0.966229

568,0.000000,-6.000000,1.073684,1.073684
568,0.050000,-5.999131,-1.021223,1.038244

569,0.000000,-6.000000,1.001504,1.001504

570,0.000000,-6.000000,0.929323,0.929323

571,0.000000,-6.000000,0.857143,0.857143

572,0.000000,-6.000000,0.784962,0.784962

573,0.000000,-6.000000,0.712782,0.712782

574,0.000000,-6.000000,0.640602,0.640602

575,0.000000,-6.000000,0.568421,0.568421

576,0.000000,-6.000000,0.496241,0.496241

577,0.000000,-6.000000,0.424060,0.424060

578,0.000000,-6.000000,0.351880,0.351880

579,0.000000,-6.000000,0.279699,0.279699

580,0.000000,-6.000000,0.207519,0.207519

581,0.000000,-6.000000,0.135338,0.135338

582,0.000000,-6.000000,0.063158,0.063158

583,0.000000,-6.000000,-0.009023,-0.009023

584,0.000000,-6.000000,-0.081203,-0.081203

585,0.000000,-6.000000,-0.153383,-0.153383

586,0.000000,-6.000000,-0.225564,-0.225564

587,0.000000,-6.000000,-0.297744,-0.297744

588,0.000000,-6.000000,-0.369925,-0.369925

589,0.000000,-6.000000,-0.442105,-0.442105

590,0.000000,-6.000000,-0.514286,-0.514286

591,0.000000,-6.000000,-0.586466,-0.586466

592,0.000000,-6.000000,-0.658647,-0.658647

593,0.000000,-6.000000,-0.730827,-0.730827

594,0.000000,-6.000000,-0.803008,-0.803008

595,0.000000,-6.000000,-0.875188,-0.875188

596,0.000000,-6.000000,-0.947368,-0.947368

597,0.000000,-6.000000,-1.019549,-1.019549

598,0.000000,-6.000000,-1.091729,-1.091729

599,0.000000,-6.000000,-1.163910,-1.163910

600,0.000000,-6.000000,-1.236090,-1.236090

601,0.000000,-6.000000,-1.308271,-1.308271

602,0.000000,-6.000000,-1.380451,-1.380451

603,0.000000,-6.000000,-1.452632,-1.452632

604,0.000000,-6.000000,-1.524812,-1.524812

605,0.000000,-6.000000,-1.596992,-1.596992

606,0.000000,-6.000000,-1.669173,-1.669173

607,0.000000,-6.000000,-1.741353,-1.741353

608,0.000000,-6.000000,-1.813534,-1.813534

609,0.000000,-6.000000,-1.885714,-1.885714

610,0.000000,-6.000000,-1.957895,-1.957895

611,0.000000,-6.000000,-2.030075,-2.030075

612,0.000000,-6.000000,-2.102256,-2.102256

613,0.000000,-6.000000,-2.174436,-2.174436

614,0.000000,-6.000000,-2.246617,-2.246617

615,0.000000,-6.000000,-2.318797,-2.318797

616,0.000000,-6.000000,-2.390977,-2.390977

617,0.000000,-6.000000,-2.463158,-2.463158

618,0.000000,-6.000000,-2.535338,-2.535338

619,0.000000,-6.000000,-2.607519,-2.607519

620,0.000000,-6.000000,-2.679699,-2.679699

621,0.000000,-6.000000,-2.751880,-2.751880

622,0.000000,-6.000000,-2.824060,-2.824060

623,0.000000,-6.000000,-2.896241,-2.896241

624,0.000000,-6.000000,-2.968421,-2.968421

625,0.000000,-6.000000,-3.040602,-3.040602

626,0.000000,-6.000000,-3.112782,-3.112782

627,0.000000,-6.000000,-3.184962,-3.184962

628,0.000000,-6.000000,-3.257143,-3.257143

629,0.000000,-6.000000,-3.329323,-3.329323

630,0.000000,-6.000000,-3.401504,-3.401504

631,0.000000,-6.000000,-3.473684,-3.473684

632,0.000000,-6.000000,-3.545865,-3.545865

633,0.000000,-6.000000,-3.618045,-3.618045

634,0.000000,-6.000000,-3.690226,-3.690226

635,0.000000,-6.000000,-3.762406,-3.762406

636,0.000000,-6.000000,-3.834586,-3.834586

637,0.000000,-6.000000,-3.906767,-3.906767

638,0.000000,-6.000000,-3.978947,-3.978947

639,0.000000,-6.000000,-4.051128,-4.051128

640,0.000000,-6.000000,-4.123308,-4.123308

641,0.000000,-6.000000,-4.195489,-4.195489

642,0.000000,-6.000000,-4.267669,-4.267669

643,0.000000,-6.000000,-4.339850,-4.339850

644,0.000000,-6.000000,-4.412030,-4.412030

645,0.000000,-6.000000,-4.484211,-4.484211

646,0.000000,-6.000000,-4.556391,-4.556391

647,0.000000,-6.000000,-4.628571,-4.628571

648,0.000000,-6.000000,-4.700752,-4.700752

649,0.000000,-6.000000,-4.772932,-4.772932

650,0.000000,-6.000000,-4.845113,-4.845113

651,0.000000,-6.000000,-4.917293,-4.917293

652,0.000000,-6.000000,-4.989474,-4.989474

653,0.000000,-6.000000,-5.061654,-5.061654

654,0.000000,-6.000000,-5.133835,-5.133835

655,0.000000,-6.000000,-5.206015,-5.206015

656,0.000000,-6.000000,-5.278195,-5.278195

657,0.000000,-6.000000,-5.350376,-5.350376

658,0.000000,-6.000000,-5.422556,-5.422556

659,0.000000,-6.000000,-5.494737,-5.494737

660,0.000000,-6.000000,-5.566917,-5.566917

661,0.000000,-6.000000,-5.639098,-5.639098

662,0.000000,-6.000000,-5.711278,-5.711278

663,0.000000,-6.000000,-5.783459,-5.783459

664,0.000000,-6.000000,-5.855639,-5.855639

665,0.000000,-6.000000,-5.927820,-5.927820

